threat_id,timestamp,threat_name,threat_category,indicator_type,indicator_value,source_name,source_reliability,confidence_score,severity,risk_score,status,first_seen,last_seen,country_or_region_optional,description,mitre_tactic_optional,mitre_technique_optional,cve_id_optional
THR-2026-0001,2026-10-01 09:03:05,Synthetic Malware Indicator Cluster,MALWARE,IP ADDRESS,203.0.113.2,Security Vendor,A,53,LOW,36.2,CLOSED,2026-09-04 09:03:05,2026-09-26 08:03:05,Not Available,Synthetic defensive observation representing a suspicious file or malware-related indicator.,Execution,User Execution,
THR-2026-0002,2026-10-01 09:03:05,Suspicious Credential Collection Pattern,PHISHING,IP ADDRESS,192.0.2.3,Community Submission,C,89,LOW,50.6,CLOSED,2026-09-24 09:03:05,2026-10-11 15:03:05,Demo Region B,Synthetic defensive observation representing a possible phishing-related indicator.,Initial Access,Phishing,
THR-2026-0003,2026-10-01 09:03:05,Suspicious Account Activity,ACCOUNT SECURITY,URL,https://login-check-3.invalid/account/check,Public Threat Feed,B,68,HIGH,72.2,CLOSED,2026-08-22 09:03:05,2026-08-28 19:03:05,Demo Region A,Synthetic defensive observation representing an account-security-related risk.,Credential Access,Valid Accounts,
THR-2026-0004,2026-10-01 09:03:05,Endpoint Malware Indicator Cluster,MALWARE,URL,https://service-notice-4.invalid/identity/verify,Unknown Source,D,30,LOW,27.0,FALSE_POSITIVE,2026-06-05 09:03:05,2026-06-22 12:03:05,Demo Region A,Synthetic defensive observation representing a suspicious file or malware-related indicator.,Execution,User Execution,
THR-2026-0005,2026-10-01 09:03:05,Suspicious Web Infrastructure,WEB THREATS,CVE ID,CVE-2026-1005,Community Submission,C,71,HIGH,73.4,MONITORING,2026-08-12 09:03:05,2026-09-03 11:03:05,Demo Region B,Synthetic defensive observation representing a suspicious web-related indicator.,Initial Access,Phishing,CVE-2026-1005
THR-2026-0006,2026-10-01 09:03:05,Synthetic Malicious File Pattern,MALWARE,DOMAIN,security-alert-6.invalid,Unknown Source,D,83,MEDIUM,63.2,MONITORING,2026-06-29 09:03:05,2026-07-04 20:03:05,Demo Region B,Synthetic defensive observation representing a suspicious file or malware-related indicator.,Execution,User Execution,
THR-2026-0007,2026-10-01 09:03:05,Endpoint Malware Indicator Cluster,MALWARE,EMAIL/SENDER DOMAIN,sender-7.invalid,Unknown Source,D,93,MEDIUM,67.2,FALSE_POSITIVE,2026-07-30 09:03:05,2026-08-04 23:03:05,Demo Region C,Synthetic defensive observation representing a suspicious file or malware-related indicator.,Execution,User Execution,
THR-2026-0008,2026-10-01 09:03:05,Credential Abuse Observation,CREDENTIAL THREATS,CVE ID,CVE-2024-1008,Security Vendor,A,32,HIGH,57.8,NEW,2026-09-22 09:03:05,2026-10-17 19:03:05,Demo Region C,Synthetic defensive observation representing a credential-related security risk.,Credential Access,Valid Accounts,CVE-2024-1008
THR-2026-0009,2026-10-01 09:03:05,Credential Abuse Observation,CREDENTIAL THREATS,EMAIL/SENDER DOMAIN,sender-9.invalid,Security Vendor,A,65,HIGH,71.0,MONITORING,2026-04-16 09:03:05,2026-05-01 21:03:05,Demo Region B,Synthetic defensive observation representing a credential-related security risk.,Credential Access,Valid Accounts,
THR-2026-0010,2026-10-01 09:03:05,File Encryption Threat Pattern,RANSOMWARE,DOMAIN,system-alert-10.invalid,Community Submission,C,79,MEDIUM,61.6,CLOSED,2026-06-20 09:03:05,2026-07-01 16:03:05,Not Available,Synthetic defensive observation representing a ransomware-related risk pattern.,Impact,Data Encrypted for Impact,
THR-2026-0011,2026-10-01 09:03:05,Endpoint Malware Indicator Cluster,MALWARE,IP ADDRESS,192.0.2.12,Unknown Source,D,45,LOW,33.0,FALSE_POSITIVE,2026-06-14 09:03:05,2026-07-03 11:03:05,Synthetic Region,Synthetic defensive observation representing a suspicious file or malware-related indicator.,Execution,User Execution,
THR-2026-0012,2026-10-01 09:03:05,Social Engineering Risk Pattern,SOCIAL ENGINEERING,EMAIL/SENDER DOMAIN,sender-12.invalid,Internal SOC,A,95,LOW,53.0,NEW,2026-04-09 09:03:05,2026-05-02 12:03:05,Demo Region C,Synthetic defensive observation representing a social-engineering-related risk.,Initial Access,Phishing,
THR-2026-0013,2026-10-01 09:03:05,Web Application Threat Observation,WEB THREATS,FILE HASH,39c9ebbad81d390912a04ed6d23e62ba7e1636fd2624d85310ddbca5e7f0340a,Community Submission,C,58,INFORMATIONAL,29.2,FALSE_POSITIVE,2026-08-16 09:03:05,2026-09-01 12:03:05,Not Available,Synthetic defensive observation representing a suspicious web-related indicator.,Initial Access,Phishing,
THR-2026-0014,2026-10-01 09:03:05,Credential Abuse Observation,CREDENTIAL THREATS,DOMAIN,service-notice-14.invalid,Community Submission,C,94,HIGH,82.6,NEW,2026-09-30 09:03:05,2026-10-19 19:03:05,Demo Region A,Synthetic defensive observation representing a credential-related security risk.,Credential Access,Valid Accounts,
THR-2026-0015,2026-10-01 09:03:05,Synthetic Network Threat Observation,NETWORK THREATS,URL,https://mail-protection-15.invalid/verify,Internal SOC,A,97,LOW,53.8,UNDER_REVIEW,2026-09-09 09:03:05,2026-10-03 00:03:05,Not Available,Synthetic defensive observation representing a network-related security risk.,Command and Control,Application Layer Protocol,
THR-2026-0016,2026-10-01 09:03:05,Ransomware Awareness Simulation,RANSOMWARE,CVE ID,CVE-2025-1016,Public Threat Feed,B,46,CRITICAL,75.4,FALSE_POSITIVE,2026-05-18 09:03:05,2026-06-15 04:03:05,Demo Region B,Synthetic defensive observation representing a ransomware-related risk pattern.,Impact,Data Encrypted for Impact,CVE-2025-1016
THR-2026-0017,2026-10-01 09:03:05,Synthetic Account Credential Threat,CREDENTIAL THREATS,CVE ID,CVE-2024-1017,Research Report,B,72,MEDIUM,58.8,NEW,2026-05-21 09:03:05,2026-06-04 12:03:05,Demo Region B,Synthetic defensive observation representing a credential-related security risk.,Credential Access,Valid Accounts,CVE-2024-1017
THR-2026-0018,2026-10-01 09:03:05,Synthetic Network Threat Observation,NETWORK THREATS,IP ADDRESS,203.0.113.19,Internal SOC,A,53,MEDIUM,51.2,NEW,2026-09-12 09:03:05,2026-10-05 05:03:05,Demo Region B,Synthetic defensive observation representing a network-related security risk.,Command and Control,Application Layer Protocol,
THR-2026-0019,2026-10-01 09:03:05,Suspicious Credential Collection Pattern,PHISHING,URL,https://security-alert-19.invalid/identity/verify,Security Vendor,A,87,LOW,49.8,CLOSED,2026-05-15 09:03:05,2026-05-20 08:03:05,Demo Region B,Synthetic defensive observation representing a possible phishing-related indicator.,Initial Access,Phishing,
THR-2026-0020,2026-10-01 09:03:05,Synthetic Vulnerability Exposure,VULNERABILITY EXPOSURE,DOMAIN,security-alert-20.invalid,Public Threat Feed,B,80,LOW,47.0,NEW,2026-06-14 09:03:05,2026-06-27 23:03:05,Demo Region A,Synthetic defensive observation representing potential vulnerability exposure.,Initial Access,User Execution,
THR-2026-0021,2026-10-01 09:03:05,Vulnerability Risk Assessment,VULNERABILITY EXPOSURE,CVE ID,CVE-2024-1021,Security Vendor,A,38,HIGH,60.2,CLOSED,2026-08-12 09:03:05,2026-08-19 02:03:05,Demo Region B,Synthetic defensive observation representing potential vulnerability exposure.,Initial Access,User Execution,CVE-2024-1021
THR-2026-0022,2026-10-01 09:03:05,Synthetic Ransomware Indicator Cluster,RANSOMWARE,URL,https://credential-review-22.invalid/account/check,Research Report,B,34,HIGH,58.6,UNDER_REVIEW,2026-05-13 09:03:05,2026-05-16 10:03:05,Demo Region A,Synthetic defensive observation representing a ransomware-related risk pattern.,Impact,Data Encrypted for Impact,
THR-2026-0023,2026-10-01 09:03:05,Ransomware Awareness Simulation,RANSOMWARE,FILE HASH,acb7b4e5bdf51219392cffdc37a30daf993923c9517025019ac2940c068af3ba,Internal SOC,A,76,LOW,45.4,CLOSED,2026-08-19 09:03:05,2026-08-31 09:03:05,Demo Region C,Synthetic defensive observation representing a ransomware-related risk pattern.,Impact,Data Encrypted for Impact,
THR-2026-0024,2026-10-01 09:03:05,Web Application Threat Observation,WEB THREATS,FILE HASH,b49dc13469e828fd51b9f10977ecdfc0434d8ae0a6ac56296a452a2624533075,Unknown Source,D,96,HIGH,83.4,NEW,2026-05-29 09:03:05,2026-06-02 15:03:05,Demo Region B,Synthetic defensive observation representing a suspicious web-related indicator.,Initial Access,Phishing,
THR-2026-0025,2026-10-01 09:03:05,Synthetic Account Security Event,ACCOUNT SECURITY,CVE ID,CVE-2026-1025,Internal SOC,A,65,INFORMATIONAL,32.0,FALSE_POSITIVE,2026-09-18 09:03:05,2026-10-07 00:03:05,Demo Region A,Synthetic defensive observation representing an account-security-related risk.,Credential Access,Valid Accounts,CVE-2026-1025
THR-2026-0026,2026-10-01 09:03:05,Suspicious File Hash Observation,MALWARE,DOMAIN,security-alert-26.invalid,Research Report,B,55,MEDIUM,52.0,FALSE_POSITIVE,2026-08-31 09:03:05,2026-10-01 03:03:05,Not Available,Synthetic defensive observation representing a suspicious file or malware-related indicator.,Execution,User Execution,
THR-2026-0027,2026-10-01 09:03:05,Fake Account Verification Activity,PHISHING,EMAIL/SENDER DOMAIN,sender-27.invalid,Community Submission,C,97,LOW,53.8,UNDER_REVIEW,2026-07-12 09:03:05,2026-08-10 17:03:05,Demo Region C,Synthetic defensive observation representing a possible phishing-related indicator.,Initial Access,Phishing,
THR-2026-0028,2026-10-01 09:03:05,Suspicious Web Infrastructure,WEB THREATS,FILE HASH,0cc054df956a9039f98c5494c7280120d7e0524bc055c447bd1aef3ccdc7e128,Public Threat Feed,B,83,MEDIUM,63.2,FALSE_POSITIVE,2026-09-12 09:03:05,2026-09-12 23:03:05,Demo Region A,Synthetic defensive observation representing a suspicious web-related indicator.,Initial Access,Phishing,
THR-2026-0029,2026-10-01 09:03:05,Synthetic Account Credential Threat,CREDENTIAL THREATS,EMAIL/SENDER DOMAIN,sender-29.invalid,Internal SOC,A,69,LOW,42.6,FALSE_POSITIVE,2026-07-30 09:03:05,2026-08-10 18:03:05,Synthetic Region,Synthetic defensive observation representing a credential-related security risk.,Credential Access,Valid Accounts,
THR-2026-0030,2026-10-01 09:03:05,Web Application Threat Observation,WEB THREATS,EMAIL/SENDER DOMAIN,sender-30.invalid,Internal SOC,A,92,CRITICAL,93.8,NEW,2026-04-13 09:03:05,2026-05-10 02:03:05,Demo Region A,Synthetic defensive observation representing a suspicious web-related indicator.,Initial Access,Phishing,
THR-2026-0031,2026-10-01 09:03:05,Web Application Threat Observation,WEB THREATS,IP ADDRESS,192.0.2.32,Public Threat Feed,B,44,HIGH,62.6,MONITORING,2026-07-20 09:03:05,2026-08-08 15:03:05,Demo Region B,Synthetic defensive observation representing a suspicious web-related indicator.,Initial Access,Phishing,
THR-2026-0032,2026-10-01 09:03:05,Synthetic Data Exposure Observation,DATA EXPOSURE,FILE HASH,1cd6047d403ecec701b0dbace51976da3bb9657f3090bae306b12d4904b607b1,Internal SOC,A,31,HIGH,57.4,MONITORING,2026-04-21 09:03:05,2026-05-04 17:03:05,Demo Region A,Synthetic defensive observation representing a possible data exposure concern.,Collection,Data from Information Repositories,
THR-2026-0033,2026-10-01 09:03:05,Synthetic Ransomware Indicator Cluster,RANSOMWARE,CVE ID,CVE-2024-1033,Community Submission,C,81,LOW,47.4,UNDER_REVIEW,2026-06-13 09:03:05,2026-06-30 09:03:05,Demo Region A,Synthetic defensive observation representing a ransomware-related risk pattern.,Impact,Data Encrypted for Impact,CVE-2024-1033
THR-2026-0034,2026-10-01 09:03:05,Sensitive Data Protection Alert,DATA EXPOSURE,IP ADDRESS,198.51.100.35,Research Report,B,43,MEDIUM,47.2,MONITORING,2026-08-29 09:03:05,2026-08-30 18:03:05,Demo Region A,Synthetic defensive observation representing a possible data exposure concern.,Collection,Data from Information Repositories,
THR-2026-0035,2026-10-01 09:03:05,Synthetic Account Credential Threat,CREDENTIAL THREATS,CVE ID,CVE-2023-1035,Community Submission,C,70,MEDIUM,58.0,UNDER_REVIEW,2026-06-18 09:03:05,2026-07-08 08:03:05,Demo Region B,Synthetic defensive observation representing a credential-related security risk.,Credential Access,Valid Accounts,CVE-2023-1035
THR-2026-0036,2026-10-01 09:03:05,File Encryption Threat Pattern,RANSOMWARE,FILE HASH,cd946d448cd4c4c902209ebc183fe25dfc0861fd4973123dc790cacdac2c8446,Research Report,B,67,HIGH,71.8,UNDER_REVIEW,2026-04-12 09:03:05,2026-05-10 08:03:05,Demo Region C,Synthetic defensive observation representing a ransomware-related risk pattern.,Impact,Data Encrypted for Impact,
THR-2026-0037,2026-10-01 09:03:05,Suspicious File Hash Observation,MALWARE,FILE HASH,7d384e121915f0a2901471a46cfecd68f857e15658e0767611b037b779ece44c,Security Vendor,A,53,HIGH,66.2,NEW,2026-06-05 09:03:05,2026-06-16 18:03:05,Demo Region B,Synthetic defensive observation representing a suspicious file or malware-related indicator.,Execution,User Execution,
THR-2026-0038,2026-10-01 09:03:05,Suspicious Authentication Pattern,CREDENTIAL THREATS,FILE HASH,73bebbd40455a291bccfa82f81db8baa9c985de0c0c103409bab0e85118fd8f4,Public Threat Feed,B,60,HIGH,69.0,NEW,2026-04-19 09:03:05,2026-05-05 21:03:05,Demo Region A,Synthetic defensive observation representing a credential-related security risk.,Credential Access,Valid Accounts,
THR-2026-0039,2026-10-01 09:03:05,Web Application Threat Observation,WEB THREATS,DOMAIN,account-support-39.invalid,Internal SOC,A,58,CRITICAL,80.2,UNDER_REVIEW,2026-09-03 09:03:05,2026-09-22 22:03:05,Demo Region C,Synthetic defensive observation representing a suspicious web-related indicator.,Initial Access,Phishing,
THR-2026-0040,2026-10-01 09:03:05,Account Protection Alert,ACCOUNT SECURITY,EMAIL/SENDER DOMAIN,sender-40.invalid,Security Vendor,A,98,LOW,54.2,FALSE_POSITIVE,2026-07-27 09:03:05,2026-07-29 07:03:05,Demo Region A,Synthetic defensive observation representing an account-security-related risk.,Credential Access,Valid Accounts,
THR-2026-0041,2026-10-01 09:03:05,Synthetic Data Exposure Observation,DATA EXPOSURE,CVE ID,CVE-2023-1041,Unknown Source,D,33,MEDIUM,43.2,FALSE_POSITIVE,2026-07-08 09:03:05,2026-07-27 19:03:05,Demo Region C,Synthetic defensive observation representing a possible data exposure concern.,Collection,Data from Information Repositories,CVE-2023-1041
THR-2026-0042,2026-10-01 09:03:05,Suspicious Web Resource Pattern,WEB THREATS,CVE ID,CVE-2025-1042,Community Submission,C,62,LOW,39.8,FALSE_POSITIVE,2026-08-29 09:03:05,2026-09-04 22:03:05,Demo Region B,Synthetic defensive observation representing a suspicious web-related indicator.,Initial Access,Phishing,CVE-2025-1042
THR-2026-0043,2026-10-01 09:03:05,Authentication Risk Observation,ACCOUNT SECURITY,URL,https://secure-login-43.invalid/identity/verify,Public Threat Feed,B,63,HIGH,70.2,CLOSED,2026-08-08 09:03:05,2026-08-22 03:03:05,Synthetic Region,Synthetic defensive observation representing an account-security-related risk.,Credential Access,Valid Accounts,
THR-2026-0044,2026-10-01 09:03:05,Social Engineering Risk Pattern,SOCIAL ENGINEERING,CVE ID,CVE-2023-1044,Unknown Source,D,46,MEDIUM,48.4,UNDER_REVIEW,2026-09-09 09:03:05,2026-09-19 01:03:05,Demo Region A,Synthetic defensive observation representing a social-engineering-related risk.,Initial Access,Phishing,CVE-2023-1044
THR-2026-0045,2026-10-01 09:03:05,Suspicious Web Resource Pattern,WEB THREATS,DOMAIN,mail-protection-45.invalid,Security Vendor,A,30,LOW,27.0,FALSE_POSITIVE,2026-06-01 09:03:05,2026-06-20 11:03:05,Synthetic Region,Synthetic defensive observation representing a suspicious web-related indicator.,Initial Access,Phishing,
THR-2026-0046,2026-10-01 09:03:05,Credential Exposure Indicator,CREDENTIAL THREATS,CVE ID,CVE-2025-1046,Security Vendor,A,56,MEDIUM,52.4,UNDER_REVIEW,2026-04-16 09:03:05,2026-05-08 09:03:05,Synthetic Region,Synthetic defensive observation representing a credential-related security risk.,Credential Access,Valid Accounts,CVE-2025-1046
THR-2026-0047,2026-10-01 09:03:05,Ransomware Awareness Simulation,RANSOMWARE,CVE ID,CVE-2026-1047,Security Vendor,A,96,MEDIUM,68.4,FALSE_POSITIVE,2026-08-30 09:03:05,2026-09-13 13:03:05,Not Available,Synthetic defensive observation representing a ransomware-related risk pattern.,Impact,Data Encrypted for Impact,CVE-2026-1047
THR-2026-0048,2026-10-01 09:03:05,Account Protection Alert,ACCOUNT SECURITY,URL,https://credential-review-48.invalid/identity/verify,Research Report,B,89,HIGH,80.6,UNDER_REVIEW,2026-05-13 09:03:05,2026-05-27 14:03:05,Synthetic Region,Synthetic defensive observation representing an account-security-related risk.,Credential Access,Valid Accounts,
THR-2026-0049,2026-10-01 09:03:05,Credential Abuse Observation,CREDENTIAL THREATS,CVE ID,CVE-2024-1049,Research Report,B,91,HIGH,81.4,MONITORING,2026-04-23 09:03:05,2026-04-30 17:03:05,Demo Region A,Synthetic defensive observation representing a credential-related security risk.,Credential Access,Valid Accounts,CVE-2024-1049
THR-2026-0050,2026-10-01 09:03:05,Suspicious Web Resource Pattern,WEB THREATS,DOMAIN,identity-check-50.invalid,Internal SOC,A,94,MEDIUM,67.6,UNDER_REVIEW,2026-08-26 09:03:05,2026-08-30 16:03:05,Demo Region B,Synthetic defensive observation representing a suspicious web-related indicator.,Initial Access,Phishing,
THR-2026-0051,2026-10-01 09:03:05,Endpoint Malware Indicator Cluster,MALWARE,FILE HASH,c4ec322598b241efeee94e9453cc303ddf34c0076de54b025f8e183e34595054,Internal SOC,A,78,MEDIUM,61.2,NEW,2026-08-09 09:03:05,2026-09-04 22:03:05,Not Available,Synthetic defensive observation representing a suspicious file or malware-related indicator.,Execution,User Execution,
THR-2026-0052,2026-10-01 09:03:05,Synthetic Account Security Event,ACCOUNT SECURITY,FILE HASH,313266c4e5273dafe034f18bcc522a491b1bff63a2a5ee9f2c933c06674a7151,Research Report,B,63,CRITICAL,82.2,NEW,2026-06-15 09:03:05,2026-07-03 08:03:05,Synthetic Region,Synthetic defensive observation representing an account-security-related risk.,Credential Access,Valid Accounts,
THR-2026-0053,2026-10-01 09:03:05,Synthetic Web Threat Cluster,WEB THREATS,FILE HASH,e85020a24d5fd717a1cd886645d81ade8918855772e705d3a906675b2b757bc2,Unknown Source,D,76,MEDIUM,60.4,FALSE_POSITIVE,2026-08-19 09:03:05,2026-09-14 23:03:05,Not Available,Synthetic defensive observation representing a suspicious web-related indicator.,Initial Access,Phishing,
THR-2026-0054,2026-10-01 09:03:05,Fake Account Verification Activity,PHISHING,FILE HASH,0cca8a3d317dac2a08b7e61c4ad5e4764d3f953a793c2022c85533661ea12b4b,Unknown Source,D,35,MEDIUM,44.0,MONITORING,2026-06-13 09:03:05,2026-06-17 23:03:05,Demo Region A,Synthetic defensive observation representing a possible phishing-related indicator.,Initial Access,Phishing,
THR-2026-0055,2026-10-01 09:03:05,Vulnerability Risk Assessment,VULNERABILITY EXPOSURE,URL,https://mail-protection-55.invalid/login,Public Threat Feed,B,73,LOW,44.2,FALSE_POSITIVE,2026-06-15 09:03:05,2026-06-23 11:03:05,Demo Region A,Synthetic defensive observation representing potential vulnerability exposure.,Initial Access,User Execution,
THR-2026-0056,2026-10-01 09:03:05,Fake Account Verification Activity,PHISHING,URL,https://mail-protection-56.invalid/review,Internal SOC,A,30,INFORMATIONAL,18.0,UNDER_REVIEW,2026-07-29 09:03:05,2026-08-04 09:03:05,Demo Region B,Synthetic defensive observation representing a possible phishing-related indicator.,Initial Access,Phishing,
THR-2026-0057,2026-10-01 09:03:05,Impersonation Activity Observation,SOCIAL ENGINEERING,CVE ID,CVE-2022-1057,Research Report,B,52,MEDIUM,50.8,FALSE_POSITIVE,2026-04-04 09:03:05,2026-04-12 20:03:05,Not Available,Synthetic defensive observation representing a social-engineering-related risk.,Initial Access,Phishing,CVE-2022-1057
THR-2026-0058,2026-10-01 09:03:05,Endpoint Malware Indicator Cluster,MALWARE,DOMAIN,identity-check-58.invalid,Public Threat Feed,B,28,LOW,26.2,NEW,2026-05-06 09:03:05,2026-05-27 21:03:05,Demo Region B,Synthetic defensive observation representing a suspicious file or malware-related indicator.,Execution,User Execution,
THR-2026-0059,2026-10-01 09:03:05,Suspicious Account Activity,ACCOUNT SECURITY,CVE ID,CVE-2023-1059,Unknown Source,D,63,LOW,40.2,FALSE_POSITIVE,2026-04-30 09:03:05,2026-05-25 12:03:05,Demo Region C,Synthetic defensive observation representing an account-security-related risk.,Credential Access,Valid Accounts,CVE-2023-1059
THR-2026-0060,2026-10-01 09:03:05,Synthetic Vulnerability Exposure,VULNERABILITY EXPOSURE,CVE ID,CVE-2024-1060,Internal SOC,A,68,INFORMATIONAL,33.2,MONITORING,2026-06-15 09:03:05,2026-07-12 00:03:05,Synthetic Region,Synthetic defensive observation representing potential vulnerability exposure.,Initial Access,User Execution,CVE-2024-1060
THR-2026-0061,2026-10-01 09:03:05,Synthetic Human-Factor Threat,SOCIAL ENGINEERING,CVE ID,CVE-2023-1061,Unknown Source,D,91,MEDIUM,66.4,CLOSED,2026-07-23 09:03:05,2026-08-12 02:03:05,Synthetic Region,Synthetic defensive observation representing a social-engineering-related risk.,Initial Access,Phishing,CVE-2023-1061
THR-2026-0062,2026-10-01 09:03:05,Account Protection Alert,ACCOUNT SECURITY,URL,https://service-notice-62.invalid/account/check,Public Threat Feed,B,36,HIGH,59.4,NEW,2026-06-07 09:03:05,2026-06-14 23:03:05,Demo Region C,Synthetic defensive observation representing an account-security-related risk.,Credential Access,Valid Accounts,
THR-2026-0063,2026-10-01 09:03:05,Social Engineering Risk Pattern,SOCIAL ENGINEERING,URL,https://account-verify-63.invalid/login,Public Threat Feed,B,58,LOW,38.2,NEW,2026-07-21 09:03:05,2026-08-19 04:03:05,Not Available,Synthetic defensive observation representing a social-engineering-related risk.,Initial Access,Phishing,
THR-2026-0064,2026-10-01 09:03:05,Synthetic Information Exposure,DATA EXPOSURE,DOMAIN,security-alert-64.invalid,Research Report,B,77,LOW,45.8,CLOSED,2026-05-11 09:03:05,2026-06-04 16:03:05,Synthetic Region,Synthetic defensive observation representing a possible data exposure concern.,Collection,Data from Information Repositories,
THR-2026-0065,2026-10-01 09:03:05,Suspicious Credential Collection Pattern,PHISHING,IP ADDRESS,198.51.100.66,Public Threat Feed,B,56,LOW,37.4,FALSE_POSITIVE,2026-04-14 09:03:05,2026-05-02 20:03:05,Not Available,Synthetic defensive observation representing a possible phishing-related indicator.,Initial Access,Phishing,
THR-2026-0066,2026-10-01 09:03:05,Network Communication Anomaly,NETWORK THREATS,FILE HASH,619cf8c256efb52e689ed0324a923dba4d880a6e0935e7ff72136b4c8db42d32,Unknown Source,D,70,MEDIUM,58.0,NEW,2026-06-06 09:03:05,2026-06-14 18:03:05,Demo Region B,Synthetic defensive observation representing a network-related security risk.,Command and Control,Application Layer Protocol,
THR-2026-0067,2026-10-01 09:03:05,Suspicious Authentication Pattern,CREDENTIAL THREATS,URL,https://security-alert-67.invalid/review,Security Vendor,A,48,MEDIUM,49.2,FALSE_POSITIVE,2026-08-06 09:03:05,2026-08-30 00:03:05,Not Available,Synthetic defensive observation representing a credential-related security risk.,Credential Access,Valid Accounts,
THR-2026-0068,2026-10-01 09:03:05,Synthetic Account Security Event,ACCOUNT SECURITY,URL,https://security-alert-68.invalid/account/check,Security Vendor,A,71,LOW,43.4,NEW,2026-07-15 09:03:05,2026-07-16 07:03:05,Demo Region C,Synthetic defensive observation representing an account-security-related risk.,Credential Access,Valid Accounts,
THR-2026-0069,2026-10-01 09:03:05,Synthetic Login Impersonation Campaign,PHISHING,EMAIL/SENDER DOMAIN,sender-69.invalid,Unknown Source,D,41,LOW,31.4,CLOSED,2026-05-28 09:03:05,2026-05-31 09:03:05,Synthetic Region,Synthetic defensive observation representing a possible phishing-related indicator.,Initial Access,Phishing,
THR-2026-0070,2026-10-01 09:03:05,Synthetic Social Engineering Campaign,SOCIAL ENGINEERING,URL,https://account-verify-70.invalid/verify,Internal SOC,A,86,LOW,49.4,NEW,2026-09-14 09:03:05,2026-09-27 00:03:05,Not Available,Synthetic defensive observation representing a social-engineering-related risk.,Initial Access,Phishing,
THR-2026-0071,2026-10-01 09:03:05,File Encryption Threat Pattern,RANSOMWARE,DOMAIN,account-support-71.invalid,Security Vendor,A,35,CRITICAL,71.0,CLOSED,2026-08-31 09:03:05,2026-09-17 22:03:05,Not Available,Synthetic defensive observation representing a ransomware-related risk pattern.,Impact,Data Encrypted for Impact,
THR-2026-0072,2026-10-01 09:03:05,Synthetic Social Engineering Campaign,SOCIAL ENGINEERING,FILE HASH,e7d81940abf10f37ed9f370c61573a8abe2c6696dc94fa3e37531225aadf90fa,Public Threat Feed,B,79,MEDIUM,61.6,UNDER_REVIEW,2026-05-08 09:03:05,2026-05-27 10:03:05,Demo Region B,Synthetic defensive observation representing a social-engineering-related risk.,Initial Access,Phishing,
THR-2026-0073,2026-10-01 09:03:05,Suspicious Web Resource Pattern,WEB THREATS,CVE ID,CVE-2022-1073,Community Submission,C,47,LOW,33.8,FALSE_POSITIVE,2026-09-11 09:03:05,2026-09-16 09:03:05,Synthetic Region,Synthetic defensive observation representing a suspicious web-related indicator.,Initial Access,Phishing,CVE-2022-1073
THR-2026-0074,2026-10-01 09:03:05,Impersonation Activity Observation,SOCIAL ENGINEERING,URL,https://login-check-74.invalid/account/check,Unknown Source,D,61,LOW,39.4,FALSE_POSITIVE,2026-06-06 09:03:05,2026-06-09 06:03:05,Demo Region C,Synthetic defensive observation representing a social-engineering-related risk.,Initial Access,Phishing,
THR-2026-0075,2026-10-01 09:03:05,Synthetic Account Credential Threat,CREDENTIAL THREATS,FILE HASH,13611f964816343c9c9fa9b6d68c5a6c000479846ce2b42efc9aaa9926d85bf0,Public Threat Feed,B,44,LOW,32.6,FALSE_POSITIVE,2026-08-25 09:03:05,2026-08-27 10:03:05,Demo Region C,Synthetic defensive observation representing a credential-related security risk.,Credential Access,Valid Accounts,
THR-2026-0076,2026-10-01 09:03:05,Account Protection Alert,ACCOUNT SECURITY,URL,https://credential-review-76.invalid/verify,Unknown Source,D,63,MEDIUM,55.2,NEW,2026-06-19 09:03:05,2026-07-19 17:03:05,Synthetic Region,Synthetic defensive observation representing an account-security-related risk.,Credential Access,Valid Accounts,
THR-2026-0077,2026-10-01 09:03:05,Suspicious Account Activity,ACCOUNT SECURITY,IP ADDRESS,198.51.100.78,Internal SOC,A,57,HIGH,67.8,FALSE_POSITIVE,2026-09-07 09:03:05,2026-09-15 06:03:05,Demo Region C,Synthetic defensive observation representing an account-security-related risk.,Credential Access,Valid Accounts,
THR-2026-0078,2026-10-01 09:03:05,Suspicious Credential Collection Pattern,PHISHING,DOMAIN,credential-review-78.invalid,Public Threat Feed,B,81,MEDIUM,62.4,CLOSED,2026-08-15 09:03:05,2026-09-02 22:03:05,Demo Region A,Synthetic defensive observation representing a possible phishing-related indicator.,Initial Access,Phishing,
THR-2026-0079,2026-10-01 09:03:05,Network Communication Anomaly,NETWORK THREATS,FILE HASH,0092124b4608c1b676db619d4cded9f62b5e2f8bcc19efc81b627d4eccafc481,Public Threat Feed,B,45,MEDIUM,48.0,FALSE_POSITIVE,2026-06-17 09:03:05,2026-07-10 00:03:05,Synthetic Region,Synthetic defensive observation representing a network-related security risk.,Command and Control,Application Layer Protocol,
THR-2026-0080,2026-10-01 09:03:05,Suspicious Credential Collection Pattern,PHISHING,FILE HASH,4eb96e706d7c95bdb2011b69e030ba19f8039a47275d294354f824d4028f614b,Research Report,B,39,LOW,30.6,NEW,2026-05-22 09:03:05,2026-06-17 09:03:05,Synthetic Region,Synthetic defensive observation representing a possible phishing-related indicator.,Initial Access,Phishing,
THR-2026-0081,2026-10-01 09:03:05,Synthetic Account Credential Threat,CREDENTIAL THREATS,EMAIL/SENDER DOMAIN,sender-81.invalid,Unknown Source,D,88,MEDIUM,65.2,FALSE_POSITIVE,2026-06-09 09:03:05,2026-07-03 10:03:05,Demo Region C,Synthetic defensive observation representing a credential-related security risk.,Credential Access,Valid Accounts,
THR-2026-0082,2026-10-01 09:03:05,File Encryption Threat Pattern,RANSOMWARE,URL,https://credential-review-82.invalid/review,Unknown Source,D,28,MEDIUM,41.2,FALSE_POSITIVE,2026-04-28 09:03:05,2026-05-23 16:03:05,Demo Region C,Synthetic defensive observation representing a ransomware-related risk pattern.,Impact,Data Encrypted for Impact,
THR-2026-0083,2026-10-01 09:03:05,Fake Account Verification Activity,PHISHING,EMAIL/SENDER DOMAIN,sender-83.invalid,Internal SOC,A,53,MEDIUM,51.2,MONITORING,2026-06-04 09:03:05,2026-07-04 12:03:05,Synthetic Region,Synthetic defensive observation representing a possible phishing-related indicator.,Initial Access,Phishing,
THR-2026-0084,2026-10-01 09:03:05,Potential Data Exposure Pattern,DATA EXPOSURE,CVE ID,CVE-2024-1084,Research Report,B,86,MEDIUM,64.4,UNDER_REVIEW,2026-07-30 09:03:05,2026-08-14 02:03:05,Synthetic Region,Synthetic defensive observation representing a possible data exposure concern.,Collection,Data from Information Repositories,CVE-2024-1084
THR-2026-0085,2026-10-01 09:03:05,Authentication Risk Observation,ACCOUNT SECURITY,EMAIL/SENDER DOMAIN,sender-85.invalid,Internal SOC,A,42,HIGH,61.8,MONITORING,2026-07-22 09:03:05,2026-08-15 22:03:05,Not Available,Synthetic defensive observation representing an account-security-related risk.,Credential Access,Valid Accounts,
THR-2026-0086,2026-10-01 09:03:05,Synthetic Login Impersonation Campaign,PHISHING,URL,https://identity-check-86.invalid/identity/verify,Security Vendor,A,87,MEDIUM,64.8,FALSE_POSITIVE,2026-06-08 09:03:05,2026-06-26 00:03:05,Demo Region C,Synthetic defensive observation representing a possible phishing-related indicator.,Initial Access,Phishing,
THR-2026-0087,2026-10-01 09:03:05,Potential Data Exposure Pattern,DATA EXPOSURE,FILE HASH,4c7416e3715f0bc957ea58630e519d02c0629cddd632328f88b9254f118a9593,Unknown Source,D,49,LOW,34.6,NEW,2026-07-31 09:03:05,2026-08-18 21:03:05,Synthetic Region,Synthetic defensive observation representing a possible data exposure concern.,Collection,Data from Information Repositories,
THR-2026-0088,2026-10-01 09:03:05,Suspicious Network Indicator Cluster,NETWORK THREATS,CVE ID,CVE-2025-1088,Research Report,B,73,HIGH,74.2,NEW,2026-04-14 09:03:05,2026-05-10 05:03:05,Synthetic Region,Synthetic defensive observation representing a network-related security risk.,Command and Control,Application Layer Protocol,CVE-2025-1088
THR-2026-0089,2026-10-01 09:03:05,Ransomware Awareness Simulation,RANSOMWARE,EMAIL/SENDER DOMAIN,sender-89.invalid,Internal SOC,A,67,CRITICAL,83.8,MONITORING,2026-06-10 09:03:05,2026-06-14 01:03:05,Demo Region A,Synthetic defensive observation representing a ransomware-related risk pattern.,Impact,Data Encrypted for Impact,
THR-2026-0090,2026-10-01 09:03:05,Ransomware Awareness Simulation,RANSOMWARE,FILE HASH,936f77b8482400142795cc1e191bdec64f46b20196468b135aedb7f7938d8171,Research Report,B,34,CRITICAL,70.6,MONITORING,2026-07-25 09:03:05,2026-08-05 04:03:05,Demo Region A,Synthetic defensive observation representing a ransomware-related risk pattern.,Impact,Data Encrypted for Impact,
THR-2026-0091,2026-10-01 09:03:05,Potential Data Exposure Pattern,DATA EXPOSURE,FILE HASH,49f5e76083c172224cbef62cee0ddb9c677a8f4948ae01a715f4234b6290f7a3,Community Submission,C,87,MEDIUM,64.8,UNDER_REVIEW,2026-09-21 09:03:05,2026-10-10 11:03:05,Demo Region C,Synthetic defensive observation representing a possible data exposure concern.,Collection,Data from Information Repositories,
THR-2026-0092,2026-10-01 09:03:05,Synthetic Malware Indicator Cluster,MALWARE,FILE HASH,13067d3bbe6f1ee4f31552a65797ed2892fa75c51a33e44f64670e1b8ea9d25f,Research Report,B,37,HIGH,59.8,MONITORING,2026-08-19 09:03:05,2026-09-10 18:03:05,Demo Region A,Synthetic defensive observation representing a suspicious file or malware-related indicator.,Execution,User Execution,
THR-2026-0093,2026-10-01 09:03:05,Fake Account Verification Activity,PHISHING,URL,https://service-notice-93.invalid/security/notice,Community Submission,C,56,MEDIUM,52.4,UNDER_REVIEW,2026-06-17 09:03:05,2026-07-06 06:03:05,Demo Region B,Synthetic defensive observation representing a possible phishing-related indicator.,Initial Access,Phishing,
THR-2026-0094,2026-10-01 09:03:05,Endpoint Malware Indicator Cluster,MALWARE,EMAIL/SENDER DOMAIN,sender-94.invalid,Research Report,B,55,HIGH,67.0,CLOSED,2026-05-04 09:03:05,2026-05-08 16:03:05,Demo Region C,Synthetic defensive observation representing a suspicious file or malware-related indicator.,Execution,User Execution,
THR-2026-0095,2026-10-01 09:03:05,Suspicious Web Infrastructure,WEB THREATS,CVE ID,CVE-2022-1095,Public Threat Feed,B,84,HIGH,78.6,MONITORING,2026-04-10 09:03:05,2026-04-27 14:03:05,Synthetic Region,Synthetic defensive observation representing a suspicious web-related indicator.,Initial Access,Phishing,CVE-2022-1095
THR-2026-0096,2026-10-01 09:03:05,Suspicious Account Activity,ACCOUNT SECURITY,URL,https://secure-login-96.invalid/review,Security Vendor,A,63,LOW,40.2,CLOSED,2026-06-24 09:03:05,2026-07-22 00:03:05,Demo Region B,Synthetic defensive observation representing an account-security-related risk.,Credential Access,Valid Accounts,
THR-2026-0097,2026-10-01 09:03:05,Suspicious Account Activity,ACCOUNT SECURITY,URL,https://account-support-97.invalid/security/notice,Internal SOC,A,62,CRITICAL,81.8,MONITORING,2026-04-15 09:03:05,2026-04-27 17:03:05,Not Available,Synthetic defensive observation representing an account-security-related risk.,Credential Access,Valid Accounts,
THR-2026-0098,2026-10-01 09:03:05,Fake Account Verification Activity,PHISHING,EMAIL/SENDER DOMAIN,sender-98.invalid,Security Vendor,A,61,HIGH,69.4,FALSE_POSITIVE,2026-04-28 09:03:05,2026-05-23 20:03:05,Demo Region B,Synthetic defensive observation representing a possible phishing-related indicator.,Initial Access,Phishing,
THR-2026-0099,2026-10-01 09:03:05,Web Application Threat Observation,WEB THREATS,CVE ID,CVE-2023-1099,Public Threat Feed,B,30,MEDIUM,42.0,NEW,2026-06-10 09:03:05,2026-06-12 03:03:05,Demo Region B,Synthetic defensive observation representing a suspicious web-related indicator.,Initial Access,Phishing,CVE-2023-1099
THR-2026-0100,2026-10-01 09:03:05,Synthetic Web Threat Cluster,WEB THREATS,URL,https://secure-login-100.invalid/account/check,Public Threat Feed,B,94,LOW,52.6,CLOSED,2026-05-18 09:03:05,2026-06-03 17:03:05,Demo Region C,Synthetic defensive observation representing a suspicious web-related indicator.,Initial Access,Phishing,
THR-2026-0101,2026-10-01 09:03:05,Suspicious Web Resource Pattern,WEB THREATS,CVE ID,CVE-2024-1101,Internal SOC,A,84,HIGH,78.6,MONITORING,2026-08-25 09:03:05,2026-09-18 16:03:05,Not Available,Synthetic defensive observation representing a suspicious web-related indicator.,Initial Access,Phishing,CVE-2024-1101
THR-2026-0102,2026-10-01 09:03:05,Synthetic Malicious File Pattern,MALWARE,FILE HASH,1e2ce846b9e2bf136e0009a9affa312d043ebf3c8d4832061b597e59a6f1030d,Public Threat Feed,B,83,MEDIUM,63.2,CLOSED,2026-04-11 09:03:05,2026-05-05 06:03:05,Not Available,Synthetic defensive observation representing a suspicious file or malware-related indicator.,Execution,User Execution,
THR-2026-0103,2026-10-01 09:03:05,Suspicious Network Indicator Cluster,NETWORK THREATS,IP ADDRESS,203.0.113.104,Community Submission,C,28,LOW,26.2,CLOSED,2026-05-10 09:03:05,2026-05-21 04:03:05,Demo Region A,Synthetic defensive observation representing a network-related security risk.,Command and Control,Application Layer Protocol,
THR-2026-0104,2026-10-01 09:03:05,Suspicious Web Infrastructure,WEB THREATS,CVE ID,CVE-2025-1104,Internal SOC,A,30,LOW,27.0,FALSE_POSITIVE,2026-07-15 09:03:05,2026-07-30 12:03:05,Demo Region B,Synthetic defensive observation representing a suspicious web-related indicator.,Initial Access,Phishing,CVE-2025-1104
THR-2026-0105,2026-10-01 09:03:05,File Encryption Threat Pattern,RANSOMWARE,FILE HASH,39d0747e92e79df04622a225569ea3c43c19e59ddaae72b252fc0a29a7ca1b52,Research Report,B,94,MEDIUM,67.6,NEW,2026-05-03 09:03:05,2026-05-27 08:03:05,Synthetic Region,Synthetic defensive observation representing a ransomware-related risk pattern.,Impact,Data Encrypted for Impact,
THR-2026-0106,2026-10-01 09:03:05,Synthetic Human-Factor Threat,SOCIAL ENGINEERING,EMAIL/SENDER DOMAIN,sender-106.invalid,Internal SOC,A,60,MEDIUM,54.0,UNDER_REVIEW,2026-04-07 09:03:05,2026-04-18 15:03:05,Synthetic Region,Synthetic defensive observation representing a social-engineering-related risk.,Initial Access,Phishing,
THR-2026-0107,2026-10-01 09:03:05,Synthetic Network Threat Observation,NETWORK THREATS,IP ADDRESS,203.0.113.108,Internal SOC,A,70,MEDIUM,58.0,NEW,2026-06-21 09:03:05,2026-06-29 15:03:05,Synthetic Region,Synthetic defensive observation representing a network-related security risk.,Command and Control,Application Layer Protocol,
THR-2026-0108,2026-10-01 09:03:05,Synthetic Account Credential Threat,CREDENTIAL THREATS,CVE ID,CVE-2026-1108,Public Threat Feed,B,31,CRITICAL,69.4,FALSE_POSITIVE,2026-07-30 09:03:05,2026-08-04 03:03:05,Demo Region A,Synthetic defensive observation representing a credential-related security risk.,Credential Access,Valid Accounts,CVE-2026-1108
THR-2026-0109,2026-10-01 09:03:05,Credential Exposure Indicator,CREDENTIAL THREATS,EMAIL/SENDER DOMAIN,sender-109.invalid,Public Threat Feed,B,54,LOW,36.6,UNDER_REVIEW,2026-08-24 09:03:05,2026-09-19 04:03:05,Demo Region C,Synthetic defensive observation representing a credential-related security risk.,Credential Access,Valid Accounts,
THR-2026-0110,2026-10-01 09:03:05,File Encryption Threat Pattern,RANSOMWARE,EMAIL/SENDER DOMAIN,sender-110.invalid,Internal SOC,A,47,LOW,33.8,MONITORING,2026-04-14 09:03:05,2026-05-11 09:03:05,Demo Region A,Synthetic defensive observation representing a ransomware-related risk pattern.,Impact,Data Encrypted for Impact,
THR-2026-0111,2026-10-01 09:03:05,Credential Abuse Observation,CREDENTIAL THREATS,EMAIL/SENDER DOMAIN,sender-111.invalid,Public Threat Feed,B,47,LOW,33.8,NEW,2026-09-17 09:03:05,2026-09-22 08:03:05,Not Available,Synthetic defensive observation representing a credential-related security risk.,Credential Access,Valid Accounts,
THR-2026-0112,2026-10-01 09:03:05,Synthetic Malware Indicator Cluster,MALWARE,FILE HASH,2c4cd335d6a313f4b5d48e8878a45d0b9159e44110c49beb05b70f4d06c68094,Research Report,B,38,MEDIUM,45.2,MONITORING,2026-05-25 09:03:05,2026-06-02 04:03:05,Not Available,Synthetic defensive observation representing a suspicious file or malware-related indicator.,Execution,User Execution,
THR-2026-0113,2026-10-01 09:03:05,Synthetic Human-Factor Threat,SOCIAL ENGINEERING,CVE ID,CVE-2022-1113,Research Report,B,86,INFORMATIONAL,40.4,NEW,2026-06-13 09:03:05,2026-07-04 12:03:05,Synthetic Region,Synthetic defensive observation representing a social-engineering-related risk.,Initial Access,Phishing,CVE-2022-1113
THR-2026-0114,2026-10-01 09:03:05,Synthetic Malicious File Pattern,MALWARE,URL,https://account-support-114.invalid/account/check,Community Submission,C,60,INFORMATIONAL,30.0,FALSE_POSITIVE,2026-04-21 09:03:05,2026-05-10 02:03:05,Synthetic Region,Synthetic defensive observation representing a suspicious file or malware-related indicator.,Execution,User Execution,
THR-2026-0115,2026-10-01 09:03:05,Potential Data Exposure Pattern,DATA EXPOSURE,URL,https://credential-review-115.invalid/identity/verify,Unknown Source,D,37,MEDIUM,44.8,CLOSED,2026-09-01 09:03:05,2026-09-29 05:03:05,Synthetic Region,Synthetic defensive observation representing a possible data exposure concern.,Collection,Data from Information Repositories,
THR-2026-0116,2026-10-01 09:03:05,Suspicious Authentication Pattern,CREDENTIAL THREATS,FILE HASH,164e831a9d062c8cf476ca0af4d9b8914062fd59921d3002064bd875b4672fe6,Unknown Source,D,78,MEDIUM,61.2,MONITORING,2026-09-06 09:03:05,2026-09-16 22:03:05,Demo Region C,Synthetic defensive observation representing a credential-related security risk.,Credential Access,Valid Accounts,
THR-2026-0117,2026-10-01 09:03:05,Synthetic Ransomware Infrastructure,RANSOMWARE,CVE ID,CVE-2025-1117,Internal SOC,A,35,INFORMATIONAL,20.0,FALSE_POSITIVE,2026-06-12 09:03:05,2026-06-16 08:03:05,Demo Region B,Synthetic defensive observation representing a ransomware-related risk pattern.,Impact,Data Encrypted for Impact,CVE-2025-1117
THR-2026-0118,2026-10-01 09:03:05,Synthetic Login Impersonation Campaign,PHISHING,EMAIL/SENDER DOMAIN,sender-118.invalid,Public Threat Feed,B,96,CRITICAL,95.4,MONITORING,2026-04-12 09:03:05,2026-04-15 22:03:05,Synthetic Region,Synthetic defensive observation representing a possible phishing-related indicator.,Initial Access,Phishing,
THR-2026-0119,2026-10-01 09:03:05,Suspicious Credential Collection Pattern,PHISHING,URL,https://account-support-119.invalid/security/notice,Community Submission,C,98,MEDIUM,69.2,NEW,2026-08-07 09:03:05,2026-08-12 06:03:05,Demo Region B,Synthetic defensive observation representing a possible phishing-related indicator.,Initial Access,Phishing,
THR-2026-0120,2026-10-01 09:03:05,Synthetic Network Threat Observation,NETWORK THREATS,EMAIL/SENDER DOMAIN,sender-120.invalid,Community Submission,C,60,MEDIUM,54.0,MONITORING,2026-08-04 09:03:05,2026-08-29 22:03:05,Not Available,Synthetic defensive observation representing a network-related security risk.,Command and Control,Application Layer Protocol,
THR-2026-0121,2026-10-01 09:03:05,Fake Account Verification Activity,PHISHING,DOMAIN,identity-check-121.invalid,Public Threat Feed,B,64,HIGH,70.6,CLOSED,2026-07-03 09:03:05,2026-07-03 14:03:05,Not Available,Synthetic defensive observation representing a possible phishing-related indicator.,Initial Access,Phishing,
THR-2026-0122,2026-10-01 09:03:05,Synthetic Malicious File Pattern,MALWARE,DOMAIN,login-check-122.invalid,Security Vendor,A,92,LOW,51.8,MONITORING,2026-06-26 09:03:05,2026-07-09 23:03:05,Demo Region B,Synthetic defensive observation representing a suspicious file or malware-related indicator.,Execution,User Execution,
THR-2026-0123,2026-10-01 09:03:05,Synthetic Web Threat Cluster,WEB THREATS,CVE ID,CVE-2024-1123,Community Submission,C,97,HIGH,83.8,MONITORING,2026-09-09 09:03:05,2026-10-07 10:03:05,Demo Region B,Synthetic defensive observation representing a suspicious web-related indicator.,Initial Access,Phishing,CVE-2024-1123
THR-2026-0124,2026-10-01 09:03:05,Synthetic Login Impersonation Campaign,PHISHING,CVE ID,CVE-2022-1124,Research Report,B,79,LOW,46.6,FALSE_POSITIVE,2026-04-28 09:03:05,2026-05-12 22:03:05,Demo Region B,Synthetic defensive observation representing a possible phishing-related indicator.,Initial Access,Phishing,CVE-2022-1124
THR-2026-0125,2026-10-01 09:03:05,Suspicious File Hash Observation,MALWARE,URL,https://secure-login-125.invalid/verify,Community Submission,C,87,LOW,49.8,FALSE_POSITIVE,2026-04-13 09:03:05,2026-04-22 10:03:05,Synthetic Region,Synthetic defensive observation representing a suspicious file or malware-related indicator.,Execution,User Execution,
THR-2026-0126,2026-10-01 09:03:05,Synthetic Credential Phishing Campaign,PHISHING,IP ADDRESS,192.0.2.127,Security Vendor,A,52,LOW,35.8,CLOSED,2026-07-27 09:03:05,2026-08-05 19:03:05,Demo Region A,Synthetic defensive observation representing a possible phishing-related indicator.,Initial Access,Phishing,
THR-2026-0127,2026-10-01 09:03:05,Synthetic Vulnerability Observation,VULNERABILITY EXPOSURE,DOMAIN,account-verify-127.invalid,Community Submission,C,54,MEDIUM,51.6,CLOSED,2026-05-10 09:03:05,2026-06-06 06:03:05,Demo Region A,Synthetic defensive observation representing potential vulnerability exposure.,Initial Access,User Execution,
THR-2026-0128,2026-10-01 09:03:05,Suspicious Credential Collection Pattern,PHISHING,FILE HASH,25987f71f41043a59b64604d2487ca496312bf82bac621c2c976b67d57f51047,Community Submission,C,65,CRITICAL,83.0,NEW,2026-06-13 09:03:05,2026-07-01 21:03:05,Demo Region C,Synthetic defensive observation representing a possible phishing-related indicator.,Initial Access,Phishing,
THR-2026-0129,2026-10-01 09:03:05,Synthetic Vulnerability Exposure,VULNERABILITY EXPOSURE,IP ADDRESS,198.51.100.130,Unknown Source,D,83,LOW,48.2,CLOSED,2026-06-30 09:03:05,2026-07-02 22:03:05,Demo Region B,Synthetic defensive observation representing potential vulnerability exposure.,Initial Access,User Execution,
THR-2026-0130,2026-10-01 09:03:05,Synthetic Account Security Event,ACCOUNT SECURITY,FILE HASH,05a770767add60da7b1b6f03021a00b1ba962a3fd043b5bd3fb380baf2705a1b,Unknown Source,D,64,MEDIUM,55.6,FALSE_POSITIVE,2026-07-06 09:03:05,2026-07-13 19:03:05,Demo Region A,Synthetic defensive observation representing an account-security-related risk.,Credential Access,Valid Accounts,
THR-2026-0131,2026-10-01 09:03:05,Suspicious File Hash Observation,MALWARE,EMAIL/SENDER DOMAIN,sender-131.invalid,Public Threat Feed,B,69,MEDIUM,57.6,UNDER_REVIEW,2026-04-18 09:03:05,2026-05-14 13:03:05,Demo Region A,Synthetic defensive observation representing a suspicious file or malware-related indicator.,Execution,User Execution,
THR-2026-0132,2026-10-01 09:03:05,Suspicious Web Resource Pattern,WEB THREATS,DOMAIN,account-verify-132.invalid,Security Vendor,A,34,MEDIUM,43.6,FALSE_POSITIVE,2026-04-23 09:03:05,2026-05-08 23:03:05,Not Available,Synthetic defensive observation representing a suspicious web-related indicator.,Initial Access,Phishing,
THR-2026-0133,2026-10-01 09:03:05,Network Communication Anomaly,NETWORK THREATS,CVE ID,CVE-2024-1133,Research Report,B,33,LOW,28.2,NEW,2026-06-09 09:03:05,2026-06-29 18:03:05,Not Available,Synthetic defensive observation representing a network-related security risk.,Command and Control,Application Layer Protocol,CVE-2024-1133
THR-2026-0134,2026-10-01 09:03:05,Network Communication Anomaly,NETWORK THREATS,EMAIL/SENDER DOMAIN,sender-134.invalid,Research Report,B,84,INFORMATIONAL,39.6,NEW,2026-09-21 09:03:05,2026-09-22 20:03:05,Demo Region A,Synthetic defensive observation representing a network-related security risk.,Command and Control,Application Layer Protocol,
THR-2026-0135,2026-10-01 09:03:05,Suspicious Account Activity,ACCOUNT SECURITY,EMAIL/SENDER DOMAIN,sender-135.invalid,Community Submission,C,84,MEDIUM,63.6,FALSE_POSITIVE,2026-05-12 09:03:05,2026-06-12 08:03:05,Synthetic Region,Synthetic defensive observation representing an account-security-related risk.,Credential Access,Valid Accounts,
THR-2026-0136,2026-10-01 09:03:05,Credential Exposure Indicator,CREDENTIAL THREATS,URL,https://account-support-136.invalid/login,Research Report,B,32,MEDIUM,42.8,UNDER_REVIEW,2026-09-04 09:03:05,2026-09-29 19:03:05,Not Available,Synthetic defensive observation representing a credential-related security risk.,Credential Access,Valid Accounts,
THR-2026-0137,2026-10-01 09:03:05,Synthetic Login Impersonation Campaign,PHISHING,DOMAIN,credential-review-137.invalid,Community Submission,C,92,CRITICAL,93.8,UNDER_REVIEW,2026-04-27 09:03:05,2026-05-02 20:03:05,Demo Region C,Synthetic defensive observation representing a possible phishing-related indicator.,Initial Access,Phishing,
THR-2026-0138,2026-10-01 09:03:05,Vulnerability Risk Assessment,VULNERABILITY EXPOSURE,URL,https://account-support-138.invalid/verify,Internal SOC,A,67,HIGH,71.8,MONITORING,2026-07-08 09:03:05,2026-07-12 02:03:05,Demo Region C,Synthetic defensive observation representing potential vulnerability exposure.,Initial Access,User Execution,
THR-2026-0139,2026-10-01 09:03:05,Account Protection Alert,ACCOUNT SECURITY,DOMAIN,service-notice-139.invalid,Public Threat Feed,B,43,LOW,32.2,FALSE_POSITIVE,2026-07-13 09:03:05,2026-08-13 05:03:05,Demo Region B,Synthetic defensive observation representing an account-security-related risk.,Credential Access,Valid Accounts,
THR-2026-0140,2026-10-01 09:03:05,Synthetic Malware Indicator Cluster,MALWARE,URL,https://system-alert-140.invalid/login,Security Vendor,A,67,MEDIUM,56.8,FALSE_POSITIVE,2026-04-12 09:03:05,2026-05-05 08:03:05,Synthetic Region,Synthetic defensive observation representing a suspicious file or malware-related indicator.,Execution,User Execution,
THR-2026-0141,2026-10-01 09:03:05,Suspicious Network Indicator Cluster,NETWORK THREATS,IP ADDRESS,198.51.100.142,Public Threat Feed,B,52,LOW,35.8,NEW,2026-05-29 09:03:05,2026-06-04 16:03:05,Demo Region B,Synthetic defensive observation representing a network-related security risk.,Command and Control,Application Layer Protocol,
THR-2026-0142,2026-10-01 09:03:05,Synthetic Web Threat Cluster,WEB THREATS,IP ADDRESS,203.0.113.143,Internal SOC,A,92,HIGH,81.8,UNDER_REVIEW,2026-04-14 09:03:05,2026-04-25 04:03:05,Not Available,Synthetic defensive observation representing a suspicious web-related indicator.,Initial Access,Phishing,
THR-2026-0143,2026-10-01 09:03:05,Synthetic Ransomware Infrastructure,RANSOMWARE,DOMAIN,account-verify-143.invalid,Unknown Source,D,46,HIGH,63.4,CLOSED,2026-06-10 09:03:05,2026-06-11 22:03:05,Demo Region B,Synthetic defensive observation representing a ransomware-related risk pattern.,Impact,Data Encrypted for Impact,
THR-2026-0144,2026-10-01 09:03:05,Account Protection Alert,ACCOUNT SECURITY,URL,https://credential-review-144.invalid/account/check,Research Report,B,64,MEDIUM,55.6,MONITORING,2026-08-12 09:03:05,2026-08-24 06:03:05,Synthetic Region,Synthetic defensive observation representing an account-security-related risk.,Credential Access,Valid Accounts,
THR-2026-0145,2026-10-01 09:03:05,Synthetic Vulnerability Exposure,VULNERABILITY EXPOSURE,EMAIL/SENDER DOMAIN,sender-145.invalid,Security Vendor,A,45,MEDIUM,48.0,MONITORING,2026-04-29 09:03:05,2026-05-03 17:03:05,Synthetic Region,Synthetic defensive observation representing potential vulnerability exposure.,Initial Access,User Execution,
THR-2026-0146,2026-10-01 09:03:05,Sensitive Data Protection Alert,DATA EXPOSURE,IP ADDRESS,203.0.113.147,Public Threat Feed,B,40,HIGH,61.0,FALSE_POSITIVE,2026-09-09 09:03:05,2026-10-03 14:03:05,Synthetic Region,Synthetic defensive observation representing a possible data exposure concern.,Collection,Data from Information Repositories,
THR-2026-0147,2026-10-01 09:03:05,Ransomware Awareness Simulation,RANSOMWARE,FILE HASH,2b5d9d46cf97dcc246e594a3609210df37602422c960e5f5107113c0daa55841,Public Threat Feed,B,82,HIGH,77.8,MONITORING,2026-09-24 09:03:05,2026-10-07 10:03:05,Not Available,Synthetic defensive observation representing a ransomware-related risk pattern.,Impact,Data Encrypted for Impact,
THR-2026-0148,2026-10-01 09:03:05,Suspicious Authentication Pattern,CREDENTIAL THREATS,FILE HASH,73ce462f844a2fbd94ecfcf721c8e6b222b3863579bf00eaa34b6bd0be4f91bf,Public Threat Feed,B,28,MEDIUM,41.2,UNDER_REVIEW,2026-09-05 09:03:05,2026-10-02 07:03:05,Demo Region B,Synthetic defensive observation representing a credential-related security risk.,Credential Access,Valid Accounts,
THR-2026-0149,2026-10-01 09:03:05,Synthetic Credential Phishing Campaign,PHISHING,URL,https://credential-review-149.invalid/review,Research Report,B,85,HIGH,79.0,UNDER_REVIEW,2026-04-26 09:03:05,2026-04-26 11:03:05,Demo Region C,Synthetic defensive observation representing a possible phishing-related indicator.,Initial Access,Phishing,
THR-2026-0150,2026-10-01 09:03:05,File Encryption Threat Pattern,RANSOMWARE,EMAIL/SENDER DOMAIN,sender-150.invalid,Research Report,B,92,CRITICAL,93.8,NEW,2026-09-02 09:03:05,2026-09-26 18:03:05,Demo Region C,Synthetic defensive observation representing a ransomware-related risk pattern.,Impact,Data Encrypted for Impact,
THR-2026-0151,2026-10-01 09:03:05,Synthetic Credential Phishing Campaign,PHISHING,DOMAIN,secure-login-151.invalid,Internal SOC,A,83,MEDIUM,63.2,FALSE_POSITIVE,2026-09-02 09:03:05,2026-09-29 00:03:05,Not Available,Synthetic defensive observation representing a possible phishing-related indicator.,Initial Access,Phishing,
THR-2026-0152,2026-10-01 09:03:05,Credential Abuse Observation,CREDENTIAL THREATS,CVE ID,CVE-2023-1152,Community Submission,C,25,LOW,25.0,NEW,2026-07-02 09:03:05,2026-07-10 03:03:05,Demo Region B,Synthetic defensive observation representing a credential-related security risk.,Credential Access,Valid Accounts,CVE-2023-1152
THR-2026-0153,2026-10-01 09:03:05,Synthetic Data Exposure Observation,DATA EXPOSURE,URL,https://security-alert-153.invalid/identity/verify,Community Submission,C,89,MEDIUM,65.6,MONITORING,2026-09-25 09:03:05,2026-10-08 00:03:05,Synthetic Region,Synthetic defensive observation representing a possible data exposure concern.,Collection,Data from Information Repositories,
THR-2026-0154,2026-10-01 09:03:05,Suspicious Web Infrastructure,WEB THREATS,CVE ID,CVE-2022-1154,Public Threat Feed,B,33,MEDIUM,43.2,MONITORING,2026-07-31 09:03:05,2026-08-24 06:03:05,Not Available,Synthetic defensive observation representing a suspicious web-related indicator.,Initial Access,Phishing,CVE-2022-1154
THR-2026-0155,2026-10-01 09:03:05,File Encryption Threat Pattern,RANSOMWARE,IP ADDRESS,198.51.100.156,Unknown Source,D,47,MEDIUM,48.8,NEW,2026-06-04 09:03:05,2026-06-27 00:03:05,Demo Region B,Synthetic defensive observation representing a ransomware-related risk pattern.,Impact,Data Encrypted for Impact,
THR-2026-0156,2026-10-01 09:03:05,Synthetic Human-Factor Threat,SOCIAL ENGINEERING,IP ADDRESS,198.51.100.157,Internal SOC,A,50,LOW,35.0,CLOSED,2026-07-12 09:03:05,2026-08-10 18:03:05,Not Available,Synthetic defensive observation representing a social-engineering-related risk.,Initial Access,Phishing,
THR-2026-0157,2026-10-01 09:03:05,Suspicious Web Infrastructure,WEB THREATS,IP ADDRESS,203.0.113.158,Internal SOC,A,70,LOW,43.0,CLOSED,2026-04-16 09:03:05,2026-04-26 17:03:05,Demo Region C,Synthetic defensive observation representing a suspicious web-related indicator.,Initial Access,Phishing,
THR-2026-0158,2026-10-01 09:03:05,Vulnerability Risk Assessment,VULNERABILITY EXPOSURE,CVE ID,CVE-2025-1158,Public Threat Feed,B,74,HIGH,74.6,FALSE_POSITIVE,2026-08-14 09:03:05,2026-08-30 07:03:05,Demo Region C,Synthetic defensive observation representing potential vulnerability exposure.,Initial Access,User Execution,CVE-2025-1158
THR-2026-0159,2026-10-01 09:03:05,Web Application Threat Observation,WEB THREATS,IP ADDRESS,203.0.113.160,Community Submission,C,80,MEDIUM,62.0,NEW,2026-08-15 09:03:05,2026-09-01 18:03:05,Demo Region A,Synthetic defensive observation representing a suspicious web-related indicator.,Initial Access,Phishing,
THR-2026-0160,2026-10-01 09:03:05,Synthetic Network Infrastructure,NETWORK THREATS,CVE ID,CVE-2024-1160,Security Vendor,A,79,LOW,46.6,MONITORING,2026-04-07 09:03:05,2026-04-21 20:03:05,Demo Region A,Synthetic defensive observation representing a network-related security risk.,Command and Control,Application Layer Protocol,CVE-2024-1160
THR-2026-0161,2026-10-01 09:03:05,Authentication Risk Observation,ACCOUNT SECURITY,FILE HASH,0093bf6ff4f935b3754c3c136c4548f7067a65e51f0ff9786bddd7a2ed073a7b,Internal SOC,A,32,CRITICAL,69.8,UNDER_REVIEW,2026-04-12 09:03:05,2026-05-02 21:03:05,Not Available,Synthetic defensive observation representing an account-security-related risk.,Credential Access,Valid Accounts,
THR-2026-0162,2026-10-01 09:03:05,Synthetic Login Impersonation Campaign,PHISHING,DOMAIN,account-support-162.invalid,Internal SOC,A,81,MEDIUM,62.4,CLOSED,2026-08-29 09:03:05,2026-08-31 16:03:05,Demo Region C,Synthetic defensive observation representing a possible phishing-related indicator.,Initial Access,Phishing,
THR-2026-0163,2026-10-01 09:03:05,Synthetic Account Security Event,ACCOUNT SECURITY,IP ADDRESS,203.0.113.164,Public Threat Feed,B,82,LOW,47.8,MONITORING,2026-06-27 09:03:05,2026-07-11 11:03:05,Not Available,Synthetic defensive observation representing an account-security-related risk.,Credential Access,Valid Accounts,
THR-2026-0164,2026-10-01 09:03:05,Vulnerability Risk Assessment,VULNERABILITY EXPOSURE,URL,https://identity-check-164.invalid/account/check,Unknown Source,D,28,CRITICAL,68.2,NEW,2026-08-14 09:03:05,2026-08-30 01:03:05,Not Available,Synthetic defensive observation representing potential vulnerability exposure.,Initial Access,User Execution,
THR-2026-0165,2026-10-01 09:03:05,Synthetic Web Threat Cluster,WEB THREATS,URL,https://credential-review-165.invalid/account/check,Unknown Source,D,61,CRITICAL,81.4,UNDER_REVIEW,2026-05-28 09:03:05,2026-06-03 12:03:05,Demo Region A,Synthetic defensive observation representing a suspicious web-related indicator.,Initial Access,Phishing,
THR-2026-0166,2026-10-01 09:03:05,Synthetic Ransomware Infrastructure,RANSOMWARE,CVE ID,CVE-2025-1166,Unknown Source,D,65,CRITICAL,83.0,NEW,2026-07-04 09:03:05,2026-07-26 11:03:05,Demo Region C,Synthetic defensive observation representing a ransomware-related risk pattern.,Impact,Data Encrypted for Impact,CVE-2025-1166
THR-2026-0167,2026-10-01 09:03:05,Synthetic Ransomware Indicator Cluster,RANSOMWARE,URL,https://system-alert-167.invalid/account/check,Security Vendor,A,50,LOW,35.0,FALSE_POSITIVE,2026-08-01 09:03:05,2026-08-27 00:03:05,Demo Region C,Synthetic defensive observation representing a ransomware-related risk pattern.,Impact,Data Encrypted for Impact,
THR-2026-0168,2026-10-01 09:03:05,Account Protection Alert,ACCOUNT SECURITY,URL,https://credential-review-168.invalid/identity/verify,Internal SOC,A,36,LOW,29.4,CLOSED,2026-07-13 09:03:05,2026-07-26 07:03:05,Not Available,Synthetic defensive observation representing an account-security-related risk.,Credential Access,Valid Accounts,
THR-2026-0169,2026-10-01 09:03:05,Synthetic Vulnerability Observation,VULNERABILITY EXPOSURE,EMAIL/SENDER DOMAIN,sender-169.invalid,Unknown Source,D,65,INFORMATIONAL,32.0,FALSE_POSITIVE,2026-09-12 09:03:05,2026-09-26 23:03:05,Demo Region B,Synthetic defensive observation representing potential vulnerability exposure.,Initial Access,User Execution,
THR-2026-0170,2026-10-01 09:03:05,Synthetic Account Security Event,ACCOUNT SECURITY,DOMAIN,account-verify-170.invalid,Internal SOC,A,32,MEDIUM,42.8,MONITORING,2026-05-21 09:03:05,2026-05-25 18:03:05,Demo Region B,Synthetic defensive observation representing an account-security-related risk.,Credential Access,Valid Accounts,
THR-2026-0171,2026-10-01 09:03:05,Suspicious Authentication Pattern,CREDENTIAL THREATS,URL,https://system-alert-171.invalid/security/notice,Security Vendor,A,57,HIGH,67.8,MONITORING,2026-04-21 09:03:05,2026-05-22 02:03:05,Demo Region B,Synthetic defensive observation representing a credential-related security risk.,Credential Access,Valid Accounts,
THR-2026-0172,2026-10-01 09:03:05,Authentication Risk Observation,ACCOUNT SECURITY,EMAIL/SENDER DOMAIN,sender-172.invalid,Community Submission,C,46,LOW,33.4,NEW,2026-05-05 09:03:05,2026-05-09 14:03:05,Not Available,Synthetic defensive observation representing an account-security-related risk.,Credential Access,Valid Accounts,
THR-2026-0173,2026-10-01 09:03:05,Suspicious Credential Collection Pattern,PHISHING,IP ADDRESS,192.0.2.174,Public Threat Feed,B,98,CRITICAL,96.2,MONITORING,2026-04-17 09:03:05,2026-04-24 03:03:05,Not Available,Synthetic defensive observation representing a possible phishing-related indicator.,Initial Access,Phishing,
THR-2026-0174,2026-10-01 09:03:05,Suspicious Credential Collection Pattern,PHISHING,FILE HASH,359a4b6e6ec36dc341a98cf5cb0792ef3260bfd8502394d010958ad2d4b90c46,Research Report,B,63,MEDIUM,55.2,CLOSED,2026-07-30 09:03:05,2026-08-25 06:03:05,Demo Region C,Synthetic defensive observation representing a possible phishing-related indicator.,Initial Access,Phishing,
THR-2026-0175,2026-10-01 09:03:05,Suspicious File Hash Observation,MALWARE,CVE ID,CVE-2022-1175,Research Report,B,78,LOW,46.2,MONITORING,2026-06-04 09:03:05,2026-06-10 19:03:05,Demo Region C,Synthetic defensive observation representing a suspicious file or malware-related indicator.,Execution,User Execution,CVE-2022-1175
THR-2026-0176,2026-10-01 09:03:05,Synthetic Network Threat Observation,NETWORK THREATS,FILE HASH,0844bcc17731f61aca5ce199811e7dfa526f61c98837070d184753a4847029d6,Internal SOC,A,96,MEDIUM,68.4,CLOSED,2026-07-11 09:03:05,2026-07-18 23:03:05,Demo Region C,Synthetic defensive observation representing a network-related security risk.,Command and Control,Application Layer Protocol,
THR-2026-0177,2026-10-01 09:03:05,Suspicious Authentication Pattern,CREDENTIAL THREATS,DOMAIN,security-alert-177.invalid,Community Submission,C,74,INFORMATIONAL,35.6,MONITORING,2026-06-15 09:03:05,2026-06-22 14:03:05,Not Available,Synthetic defensive observation representing a credential-related security risk.,Credential Access,Valid Accounts,
THR-2026-0178,2026-10-01 09:03:05,Credential Exposure Indicator,CREDENTIAL THREATS,DOMAIN,credential-review-178.invalid,Research Report,B,84,CRITICAL,90.6,MONITORING,2026-07-14 09:03:05,2026-07-29 09:03:05,Synthetic Region,Synthetic defensive observation representing a credential-related security risk.,Credential Access,Valid Accounts,
THR-2026-0179,2026-10-01 09:03:05,Synthetic Human-Factor Threat,SOCIAL ENGINEERING,DOMAIN,mail-protection-179.invalid,Internal SOC,A,31,MEDIUM,42.4,FALSE_POSITIVE,2026-07-20 09:03:05,2026-08-05 04:03:05,Demo Region C,Synthetic defensive observation representing a social-engineering-related risk.,Initial Access,Phishing,
THR-2026-0180,2026-10-01 09:03:05,Synthetic Login Impersonation Campaign,PHISHING,IP ADDRESS,198.51.100.181,Unknown Source,D,58,LOW,38.2,CLOSED,2026-06-29 09:03:05,2026-07-23 21:03:05,Demo Region A,Synthetic defensive observation representing a possible phishing-related indicator.,Initial Access,Phishing,
THR-2026-0181,2026-10-01 09:03:05,Suspicious Credential Collection Pattern,PHISHING,EMAIL/SENDER DOMAIN,sender-181.invalid,Community Submission,C,71,MEDIUM,58.4,MONITORING,2026-07-19 09:03:05,2026-07-21 21:03:05,Not Available,Synthetic defensive observation representing a possible phishing-related indicator.,Initial Access,Phishing,
THR-2026-0182,2026-10-01 09:03:05,Authentication Risk Observation,ACCOUNT SECURITY,CVE ID,CVE-2026-1182,Research Report,B,37,LOW,29.8,UNDER_REVIEW,2026-06-27 09:03:05,2026-07-22 19:03:05,Demo Region B,Synthetic defensive observation representing an account-security-related risk.,Credential Access,Valid Accounts,CVE-2026-1182
THR-2026-0183,2026-10-01 09:03:05,Authentication Risk Observation,ACCOUNT SECURITY,EMAIL/SENDER DOMAIN,sender-183.invalid,Internal SOC,A,30,MEDIUM,42.0,FALSE_POSITIVE,2026-09-21 09:03:05,2026-09-26 07:03:05,Synthetic Region,Synthetic defensive observation representing an account-security-related risk.,Credential Access,Valid Accounts,
THR-2026-0184,2026-10-01 09:03:05,Synthetic Human-Factor Threat,SOCIAL ENGINEERING,DOMAIN,account-support-184.invalid,Public Threat Feed,B,42,HIGH,61.8,MONITORING,2026-04-27 09:03:05,2026-05-07 14:03:05,Not Available,Synthetic defensive observation representing a social-engineering-related risk.,Initial Access,Phishing,
THR-2026-0185,2026-10-01 09:03:05,Authentication Risk Observation,ACCOUNT SECURITY,URL,https://system-alert-185.invalid/identity/verify,Public Threat Feed,B,97,MEDIUM,68.8,NEW,2026-06-01 09:03:05,2026-06-27 09:03:05,Demo Region C,Synthetic defensive observation representing an account-security-related risk.,Credential Access,Valid Accounts,
THR-2026-0186,2026-10-01 09:03:05,Unpatched Software Awareness Record,VULNERABILITY EXPOSURE,EMAIL/SENDER DOMAIN,sender-186.invalid,Community Submission,C,28,LOW,26.2,FALSE_POSITIVE,2026-06-01 09:03:05,2026-06-10 05:03:05,Demo Region A,Synthetic defensive observation representing potential vulnerability exposure.,Initial Access,User Execution,
THR-2026-0187,2026-10-01 09:03:05,Synthetic Social Engineering Campaign,SOCIAL ENGINEERING,DOMAIN,system-alert-187.invalid,Security Vendor,A,73,MEDIUM,59.2,NEW,2026-04-09 09:03:05,2026-04-16 10:03:05,Demo Region B,Synthetic defensive observation representing a social-engineering-related risk.,Initial Access,Phishing,
THR-2026-0188,2026-10-01 09:03:05,Synthetic Human-Factor Threat,SOCIAL ENGINEERING,URL,https://secure-login-188.invalid/account/check,Research Report,B,51,MEDIUM,50.4,UNDER_REVIEW,2026-05-25 09:03:05,2026-06-19 04:03:05,Demo Region A,Synthetic defensive observation representing a social-engineering-related risk.,Initial Access,Phishing,
THR-2026-0189,2026-10-01 09:03:05,Synthetic Information Exposure,DATA EXPOSURE,DOMAIN,system-alert-189.invalid,Community Submission,C,86,LOW,49.4,MONITORING,2026-06-26 09:03:05,2026-07-06 14:03:05,Not Available,Synthetic defensive observation representing a possible data exposure concern.,Collection,Data from Information Repositories,
THR-2026-0190,2026-10-01 09:03:05,Sensitive Data Protection Alert,DATA EXPOSURE,URL,https://identity-check-190.invalid/identity/verify,Public Threat Feed,B,56,MEDIUM,52.4,UNDER_REVIEW,2026-05-11 09:03:05,2026-05-20 16:03:05,Demo Region C,Synthetic defensive observation representing a possible data exposure concern.,Collection,Data from Information Repositories,
THR-2026-0191,2026-10-01 09:03:05,Synthetic Human-Factor Threat,SOCIAL ENGINEERING,URL,https://credential-review-191.invalid/security/notice,Public Threat Feed,B,60,MEDIUM,54.0,MONITORING,2026-08-30 09:03:05,2026-09-18 06:03:05,Synthetic Region,Synthetic defensive observation representing a social-engineering-related risk.,Initial Access,Phishing,
THR-2026-0192,2026-10-01 09:03:05,Ransomware Awareness Simulation,RANSOMWARE,URL,https://login-check-192.invalid/security/notice,Public Threat Feed,B,35,CRITICAL,71.0,UNDER_REVIEW,2026-06-09 09:03:05,2026-06-29 17:03:05,Demo Region B,Synthetic defensive observation representing a ransomware-related risk pattern.,Impact,Data Encrypted for Impact,
THR-2026-0193,2026-10-01 09:03:05,Synthetic Data Exposure Observation,DATA EXPOSURE,URL,https://system-alert-193.invalid/review,Community Submission,C,38,LOW,30.2,UNDER_REVIEW,2026-05-03 09:03:05,2026-05-10 16:03:05,Not Available,Synthetic defensive observation representing a possible data exposure concern.,Collection,Data from Information Repositories,
THR-2026-0194,2026-10-01 09:03:05,Credential Exposure Indicator,CREDENTIAL THREATS,IP ADDRESS,192.0.2.195,Internal SOC,A,85,MEDIUM,64.0,UNDER_REVIEW,2026-04-09 09:03:05,2026-05-03 13:03:05,Not Available,Synthetic defensive observation representing a credential-related security risk.,Credential Access,Valid Accounts,
THR-2026-0195,2026-10-01 09:03:05,Synthetic Vulnerability Exposure,VULNERABILITY EXPOSURE,CVE ID,CVE-2025-1195,Public Threat Feed,B,50,MEDIUM,50.0,FALSE_POSITIVE,2026-07-10 09:03:05,2026-07-20 05:03:05,Demo Region A,Synthetic defensive observation representing potential vulnerability exposure.,Initial Access,User Execution,CVE-2025-1195
THR-2026-0196,2026-10-01 09:03:05,Credential Exposure Indicator,CREDENTIAL THREATS,EMAIL/SENDER DOMAIN,sender-196.invalid,Security Vendor,A,29,HIGH,56.6,CLOSED,2026-06-16 09:03:05,2026-07-14 14:03:05,Synthetic Region,Synthetic defensive observation representing a credential-related security risk.,Credential Access,Valid Accounts,
THR-2026-0197,2026-10-01 09:03:05,Synthetic Ransomware Infrastructure,RANSOMWARE,CVE ID,CVE-2024-1197,Public Threat Feed,B,26,HIGH,55.4,CLOSED,2026-05-08 09:03:05,2026-05-27 12:03:05,Demo Region C,Synthetic defensive observation representing a ransomware-related risk pattern.,Impact,Data Encrypted for Impact,CVE-2024-1197
THR-2026-0198,2026-10-01 09:03:05,Synthetic Data Exposure Observation,DATA EXPOSURE,EMAIL/SENDER DOMAIN,sender-198.invalid,Community Submission,C,42,MEDIUM,46.8,UNDER_REVIEW,2026-06-03 09:03:05,2026-06-11 15:03:05,Demo Region C,Synthetic defensive observation representing a possible data exposure concern.,Collection,Data from Information Repositories,
THR-2026-0199,2026-10-01 09:03:05,Impersonation Activity Observation,SOCIAL ENGINEERING,CVE ID,CVE-2024-1199,Unknown Source,D,26,HIGH,55.4,FALSE_POSITIVE,2026-07-06 09:03:05,2026-07-31 18:03:05,Demo Region B,Synthetic defensive observation representing a social-engineering-related risk.,Initial Access,Phishing,CVE-2024-1199
THR-2026-0200,2026-10-01 09:03:05,Unpatched Software Awareness Record,VULNERABILITY EXPOSURE,FILE HASH,0ad3276442d88b842758aa99198eee619d6858ed49ed1cfed08b7dad33ac265c,Security Vendor,A,37,LOW,29.8,MONITORING,2026-08-26 09:03:05,2026-09-10 19:03:05,Demo Region A,Synthetic defensive observation representing potential vulnerability exposure.,Initial Access,User Execution,
THR-2026-0201,2026-10-01 09:03:05,Synthetic Vulnerability Exposure,VULNERABILITY EXPOSURE,DOMAIN,credential-review-201.invalid,Public Threat Feed,B,67,HIGH,71.8,MONITORING,2026-05-04 09:03:05,2026-05-28 03:03:05,Demo Region C,Synthetic defensive observation representing potential vulnerability exposure.,Initial Access,User Execution,
THR-2026-0202,2026-10-01 09:03:05,Suspicious Authentication Pattern,CREDENTIAL THREATS,IP ADDRESS,203.0.113.203,Security Vendor,A,64,LOW,40.6,MONITORING,2026-06-19 09:03:05,2026-07-11 01:03:05,Demo Region A,Synthetic defensive observation representing a credential-related security risk.,Credential Access,Valid Accounts,
THR-2026-0203,2026-10-01 09:03:05,Network Communication Anomaly,NETWORK THREATS,EMAIL/SENDER DOMAIN,sender-203.invalid,Research Report,B,42,LOW,31.8,FALSE_POSITIVE,2026-08-22 09:03:05,2026-09-06 08:03:05,Synthetic Region,Synthetic defensive observation representing a network-related security risk.,Command and Control,Application Layer Protocol,
THR-2026-0204,2026-10-01 09:03:05,Synthetic Social Engineering Campaign,SOCIAL ENGINEERING,EMAIL/SENDER DOMAIN,sender-204.invalid,Security Vendor,A,52,HIGH,65.8,CLOSED,2026-04-09 09:03:05,2026-05-04 04:03:05,Not Available,Synthetic defensive observation representing a social-engineering-related risk.,Initial Access,Phishing,
THR-2026-0205,2026-10-01 09:03:05,Potential Data Exposure Pattern,DATA EXPOSURE,CVE ID,CVE-2024-1205,Internal SOC,A,97,INFORMATIONAL,44.8,FALSE_POSITIVE,2026-09-15 09:03:05,2026-10-12 02:03:05,Not Available,Synthetic defensive observation representing a possible data exposure concern.,Collection,Data from Information Repositories,CVE-2024-1205
THR-2026-0206,2026-10-01 09:03:05,Ransomware Awareness Simulation,RANSOMWARE,DOMAIN,service-notice-206.invalid,Internal SOC,A,81,HIGH,77.4,FALSE_POSITIVE,2026-04-09 09:03:05,2026-04-16 07:03:05,Demo Region A,Synthetic defensive observation representing a ransomware-related risk pattern.,Impact,Data Encrypted for Impact,
THR-2026-0207,2026-10-01 09:03:05,Synthetic Human-Factor Threat,SOCIAL ENGINEERING,IP ADDRESS,198.51.100.208,Research Report,B,78,LOW,46.2,NEW,2026-05-09 09:03:05,2026-05-11 02:03:05,Demo Region C,Synthetic defensive observation representing a social-engineering-related risk.,Initial Access,Phishing,
THR-2026-0208,2026-10-01 09:03:05,Synthetic Vulnerability Exposure,VULNERABILITY EXPOSURE,URL,https://login-check-208.invalid/review,Internal SOC,A,34,LOW,28.6,NEW,2026-06-14 09:03:05,2026-06-26 07:03:05,Not Available,Synthetic defensive observation representing potential vulnerability exposure.,Initial Access,User Execution,
THR-2026-0209,2026-10-01 09:03:05,Synthetic Malicious File Pattern,MALWARE,FILE HASH,64c06c6d1351bd98cf9dcd8b66f8a757b46adc5b36b3fb24de912ff575b49bbb,Unknown Source,D,42,MEDIUM,46.8,CLOSED,2026-04-18 09:03:05,2026-05-18 22:03:05,Synthetic Region,Synthetic defensive observation representing a suspicious file or malware-related indicator.,Execution,User Execution,
THR-2026-0210,2026-10-01 09:03:05,Synthetic Vulnerability Exposure,VULNERABILITY EXPOSURE,FILE HASH,fe34bd1e4123a85a64f6378cf2bcfb71b40355e044d86c87db4fb8d2fae44f65,Security Vendor,A,94,CRITICAL,94.6,MONITORING,2026-04-16 09:03:05,2026-05-13 20:03:05,Demo Region B,Synthetic defensive observation representing potential vulnerability exposure.,Initial Access,User Execution,
THR-2026-0211,2026-10-01 09:03:05,Vulnerability Risk Assessment,VULNERABILITY EXPOSURE,EMAIL/SENDER DOMAIN,sender-211.invalid,Internal SOC,A,53,LOW,36.2,CLOSED,2026-09-25 09:03:05,2026-10-04 23:03:05,Not Available,Synthetic defensive observation representing potential vulnerability exposure.,Initial Access,User Execution,
THR-2026-0212,2026-10-01 09:03:05,Credential Abuse Observation,CREDENTIAL THREATS,DOMAIN,credential-review-212.invalid,Security Vendor,A,60,MEDIUM,54.0,NEW,2026-09-02 09:03:05,2026-09-04 06:03:05,Not Available,Synthetic defensive observation representing a credential-related security risk.,Credential Access,Valid Accounts,
THR-2026-0213,2026-10-01 09:03:05,Credential Exposure Indicator,CREDENTIAL THREATS,DOMAIN,security-alert-213.invalid,Research Report,B,29,LOW,26.6,NEW,2026-04-30 09:03:05,2026-05-22 07:03:05,Demo Region B,Synthetic defensive observation representing a credential-related security risk.,Credential Access,Valid Accounts,
THR-2026-0214,2026-10-01 09:03:05,Synthetic Vulnerability Observation,VULNERABILITY EXPOSURE,FILE HASH,e1017a7ebca3d4321df453ad0cc60ee1f3b4323487c2760b998c89bdda858834,Security Vendor,A,32,LOW,27.8,FALSE_POSITIVE,2026-05-25 09:03:05,2026-06-03 16:03:05,Not Available,Synthetic defensive observation representing potential vulnerability exposure.,Initial Access,User Execution,
THR-2026-0215,2026-10-01 09:03:05,Synthetic Network Threat Observation,NETWORK THREATS,DOMAIN,identity-check-215.invalid,Security Vendor,A,91,HIGH,81.4,MONITORING,2026-06-17 09:03:05,2026-06-26 17:03:05,Not Available,Synthetic defensive observation representing a network-related security risk.,Command and Control,Application Layer Protocol,
THR-2026-0216,2026-10-01 09:03:05,Synthetic Ransomware Infrastructure,RANSOMWARE,CVE ID,CVE-2025-1216,Public Threat Feed,B,31,MEDIUM,42.4,CLOSED,2026-04-19 09:03:05,2026-05-10 21:03:05,Synthetic Region,Synthetic defensive observation representing a ransomware-related risk pattern.,Impact,Data Encrypted for Impact,CVE-2025-1216
THR-2026-0217,2026-10-01 09:03:05,File Encryption Threat Pattern,RANSOMWARE,URL,https://secure-login-217.invalid/account/check,Security Vendor,A,85,HIGH,79.0,NEW,2026-08-04 09:03:05,2026-08-14 07:03:05,Synthetic Region,Synthetic defensive observation representing a ransomware-related risk pattern.,Impact,Data Encrypted for Impact,
THR-2026-0218,2026-10-01 09:03:05,Sensitive Data Protection Alert,DATA EXPOSURE,FILE HASH,950136bec36465c4e66de816d633181e6024287d48fa2ed4b61245c6395046f0,Research Report,B,42,MEDIUM,46.8,CLOSED,2026-07-30 09:03:05,2026-08-07 15:03:05,Demo Region A,Synthetic defensive observation representing a possible data exposure concern.,Collection,Data from Information Repositories,
THR-2026-0219,2026-10-01 09:03:05,Synthetic Network Threat Observation,NETWORK THREATS,IP ADDRESS,203.0.113.220,Internal SOC,A,49,HIGH,64.6,UNDER_REVIEW,2026-07-24 09:03:05,2026-08-06 06:03:05,Demo Region A,Synthetic defensive observation representing a network-related security risk.,Command and Control,Application Layer Protocol,
THR-2026-0220,2026-10-01 09:03:05,Synthetic Account Security Event,ACCOUNT SECURITY,CVE ID,CVE-2026-1220,Public Threat Feed,B,51,LOW,35.4,NEW,2026-07-15 09:03:05,2026-08-14 09:03:05,Demo Region B,Synthetic defensive observation representing an account-security-related risk.,Credential Access,Valid Accounts,CVE-2026-1220
THR-2026-0221,2026-10-01 09:03:05,Synthetic Human-Factor Threat,SOCIAL ENGINEERING,DOMAIN,account-support-221.invalid,Security Vendor,A,75,HIGH,75.0,FALSE_POSITIVE,2026-05-12 09:03:05,2026-05-22 18:03:05,Synthetic Region,Synthetic defensive observation representing a social-engineering-related risk.,Initial Access,Phishing,
THR-2026-0222,2026-10-01 09:03:05,Synthetic Network Infrastructure,NETWORK THREATS,URL,https://identity-check-222.invalid/security/notice,Research Report,B,88,MEDIUM,65.2,UNDER_REVIEW,2026-09-05 09:03:05,2026-10-01 08:03:05,Demo Region C,Synthetic defensive observation representing a network-related security risk.,Command and Control,Application Layer Protocol,
THR-2026-0223,2026-10-01 09:03:05,Synthetic Network Infrastructure,NETWORK THREATS,URL,https://secure-login-223.invalid/verify,Unknown Source,D,53,MEDIUM,51.2,UNDER_REVIEW,2026-08-24 09:03:05,2026-08-24 17:03:05,Demo Region C,Synthetic defensive observation representing a network-related security risk.,Command and Control,Application Layer Protocol,
THR-2026-0224,2026-10-01 09:03:05,Suspicious Authentication Pattern,CREDENTIAL THREATS,URL,https://mail-protection-224.invalid/login,Research Report,B,56,MEDIUM,52.4,CLOSED,2026-05-13 09:03:05,2026-06-03 06:03:05,Demo Region C,Synthetic defensive observation representing a credential-related security risk.,Credential Access,Valid Accounts,
THR-2026-0225,2026-10-01 09:03:05,Synthetic Social Engineering Campaign,SOCIAL ENGINEERING,FILE HASH,b8a614f5e58d2124bb071a24600c716e1df15f8eec6e94e7da8dafe1b59cfa12,Security Vendor,A,46,HIGH,63.4,NEW,2026-05-14 09:03:05,2026-05-29 14:03:05,Not Available,Synthetic defensive observation representing a social-engineering-related risk.,Initial Access,Phishing,
THR-2026-0226,2026-10-01 09:03:05,Suspicious File Hash Observation,MALWARE,CVE ID,CVE-2022-1226,Security Vendor,A,77,HIGH,75.8,UNDER_REVIEW,2026-04-22 09:03:05,2026-04-29 11:03:05,Demo Region A,Synthetic defensive observation representing a suspicious file or malware-related indicator.,Execution,User Execution,CVE-2022-1226
THR-2026-0227,2026-10-01 09:03:05,Synthetic Information Exposure,DATA EXPOSURE,FILE HASH,a9570e9f8da78a9ec3cc87e04628e34dc02a30be48f391db1e9a9e6ea8843ac2,Unknown Source,D,86,MEDIUM,64.4,NEW,2026-05-29 09:03:05,2026-05-29 09:03:05,Demo Region A,Synthetic defensive observation representing a possible data exposure concern.,Collection,Data from Information Repositories,
THR-2026-0228,2026-10-01 09:03:05,Synthetic Information Exposure,DATA EXPOSURE,CVE ID,CVE-2024-1228,Internal SOC,A,61,MEDIUM,54.4,NEW,2026-05-25 09:03:05,2026-06-21 07:03:05,Demo Region B,Synthetic defensive observation representing a possible data exposure concern.,Collection,Data from Information Repositories,CVE-2024-1228
THR-2026-0229,2026-10-01 09:03:05,Synthetic Malicious File Pattern,MALWARE,EMAIL/SENDER DOMAIN,sender-229.invalid,Community Submission,C,49,LOW,34.6,NEW,2026-05-19 09:03:05,2026-05-27 20:03:05,Synthetic Region,Synthetic defensive observation representing a suspicious file or malware-related indicator.,Execution,User Execution,
THR-2026-0230,2026-10-01 09:03:05,Synthetic Network Threat Observation,NETWORK THREATS,FILE HASH,59ff076ed2033cf310ca6cbb50e918b05b5d7991365fd1254cb52c96e467b1fc,Public Threat Feed,B,53,LOW,36.2,CLOSED,2026-04-08 09:03:05,2026-05-04 11:03:05,Demo Region A,Synthetic defensive observation representing a network-related security risk.,Command and Control,Application Layer Protocol,
THR-2026-0231,2026-10-01 09:03:05,Vulnerability Risk Assessment,VULNERABILITY EXPOSURE,FILE HASH,ff738723886314dbc4fc4dad4251ee02eec0f5607665de76decceb6141a5453c,Unknown Source,D,26,INFORMATIONAL,16.4,FALSE_POSITIVE,2026-08-18 09:03:05,2026-08-21 00:03:05,Demo Region C,Synthetic defensive observation representing potential vulnerability exposure.,Initial Access,User Execution,
THR-2026-0232,2026-10-01 09:03:05,Endpoint Malware Indicator Cluster,MALWARE,EMAIL/SENDER DOMAIN,sender-232.invalid,Security Vendor,A,54,HIGH,66.6,NEW,2026-04-06 09:03:05,2026-05-05 03:03:05,Demo Region C,Synthetic defensive observation representing a suspicious file or malware-related indicator.,Execution,User Execution,
THR-2026-0233,2026-10-01 09:03:05,Synthetic Malware Indicator Cluster,MALWARE,CVE ID,CVE-2024-1233,Unknown Source,D,97,HIGH,83.8,MONITORING,2026-09-22 09:03:05,2026-09-27 19:03:05,Demo Region B,Synthetic defensive observation representing a suspicious file or malware-related indicator.,Execution,User Execution,CVE-2024-1233
THR-2026-0234,2026-10-01 09:03:05,Ransomware Awareness Simulation,RANSOMWARE,CVE ID,CVE-2025-1234,Security Vendor,A,63,CRITICAL,82.2,UNDER_REVIEW,2026-05-09 09:03:05,2026-05-17 03:03:05,Not Available,Synthetic defensive observation representing a ransomware-related risk pattern.,Impact,Data Encrypted for Impact,CVE-2025-1234
THR-2026-0235,2026-10-01 09:03:05,Vulnerability Risk Assessment,VULNERABILITY EXPOSURE,CVE ID,CVE-2023-1235,Community Submission,C,35,HIGH,59.0,NEW,2026-07-04 09:03:05,2026-07-05 12:03:05,Demo Region B,Synthetic defensive observation representing potential vulnerability exposure.,Initial Access,User Execution,CVE-2023-1235
THR-2026-0236,2026-10-01 09:03:05,Synthetic Network Infrastructure,NETWORK THREATS,EMAIL/SENDER DOMAIN,sender-236.invalid,Public Threat Feed,B,75,HIGH,75.0,UNDER_REVIEW,2026-09-23 09:03:05,2026-10-13 17:03:05,Synthetic Region,Synthetic defensive observation representing a network-related security risk.,Command and Control,Application Layer Protocol,
THR-2026-0237,2026-10-01 09:03:05,Synthetic Network Infrastructure,NETWORK THREATS,EMAIL/SENDER DOMAIN,sender-237.invalid,Security Vendor,A,80,CRITICAL,89.0,MONITORING,2026-04-09 09:03:05,2026-04-28 06:03:05,Demo Region A,Synthetic defensive observation representing a network-related security risk.,Command and Control,Application Layer Protocol,
THR-2026-0238,2026-10-01 09:03:05,Suspicious Web Resource Pattern,WEB THREATS,DOMAIN,security-alert-238.invalid,Research Report,B,44,LOW,32.6,MONITORING,2026-04-21 09:03:05,2026-04-26 08:03:05,Demo Region C,Synthetic defensive observation representing a suspicious web-related indicator.,Initial Access,Phishing,
THR-2026-0239,2026-10-01 09:03:05,Synthetic Malware Indicator Cluster,MALWARE,IP ADDRESS,192.0.2.240,Public Threat Feed,B,81,CRITICAL,89.4,UNDER_REVIEW,2026-07-23 09:03:05,2026-07-26 13:03:05,Demo Region B,Synthetic defensive observation representing a suspicious file or malware-related indicator.,Execution,User Execution,
THR-2026-0240,2026-10-01 09:03:05,Synthetic Social Engineering Campaign,SOCIAL ENGINEERING,EMAIL/SENDER DOMAIN,sender-240.invalid,Internal SOC,A,77,MEDIUM,60.8,FALSE_POSITIVE,2026-09-24 09:03:05,2026-09-26 20:03:05,Not Available,Synthetic defensive observation representing a social-engineering-related risk.,Initial Access,Phishing,
THR-2026-0241,2026-10-01 09:03:05,Suspicious Network Indicator Cluster,NETWORK THREATS,FILE HASH,3dd4cf526a3a6aa36fadd04ace7c90d5bd5bfcbc62395e280c1840b9d31119cf,Unknown Source,D,35,MEDIUM,44.0,UNDER_REVIEW,2026-05-10 09:03:05,2026-06-07 16:03:05,Synthetic Region,Synthetic defensive observation representing a network-related security risk.,Command and Control,Application Layer Protocol,
THR-2026-0242,2026-10-01 09:03:05,Synthetic Ransomware Infrastructure,RANSOMWARE,URL,https://identity-check-242.invalid/security/notice,Security Vendor,A,33,MEDIUM,43.2,NEW,2026-06-11 09:03:05,2026-06-19 22:03:05,Synthetic Region,Synthetic defensive observation representing a ransomware-related risk pattern.,Impact,Data Encrypted for Impact,
THR-2026-0243,2026-10-01 09:03:05,Synthetic Network Threat Observation,NETWORK THREATS,URL,https://mail-protection-243.invalid/review,Research Report,B,50,MEDIUM,50.0,MONITORING,2026-09-03 09:03:05,2026-09-07 18:03:05,Synthetic Region,Synthetic defensive observation representing a network-related security risk.,Command and Control,Application Layer Protocol,
THR-2026-0244,2026-10-01 09:03:05,Authentication Risk Observation,ACCOUNT SECURITY,FILE HASH,b74b95fe82fa0e3c3431f2d583d799a95ffc48e00cf4392972f7f44b55ba5303,Research Report,B,67,LOW,41.8,FALSE_POSITIVE,2026-04-17 09:03:05,2026-05-06 13:03:05,Demo Region C,Synthetic defensive observation representing an account-security-related risk.,Credential Access,Valid Accounts,
THR-2026-0245,2026-10-01 09:03:05,Synthetic Account Credential Threat,CREDENTIAL THREATS,FILE HASH,c7bcda748bdcb31cd54e4a0b86348b2046e6ba80c2222be10d04f40bde8717cf,Public Threat Feed,B,65,CRITICAL,83.0,UNDER_REVIEW,2026-04-06 09:03:05,2026-04-27 00:03:05,Demo Region C,Synthetic defensive observation representing a credential-related security risk.,Credential Access,Valid Accounts,
THR-2026-0246,2026-10-01 09:03:05,Suspicious Web Infrastructure,WEB THREATS,FILE HASH,3e632e180a4d72574b0c956a2b79d81b20de0b252f68c7d7dd68b946e3844bd0,Community Submission,C,50,CRITICAL,77.0,UNDER_REVIEW,2026-05-14 09:03:05,2026-05-20 06:03:05,Synthetic Region,Synthetic defensive observation representing a suspicious web-related indicator.,Initial Access,Phishing,
THR-2026-0247,2026-10-01 09:03:05,Impersonation Activity Observation,SOCIAL ENGINEERING,URL,https://security-alert-247.invalid/login,Unknown Source,D,42,MEDIUM,46.8,CLOSED,2026-07-15 09:03:05,2026-07-22 17:03:05,Synthetic Region,Synthetic defensive observation representing a social-engineering-related risk.,Initial Access,Phishing,
THR-2026-0248,2026-10-01 09:03:05,Endpoint Malware Indicator Cluster,MALWARE,FILE HASH,391342aeedbaf4bf5028dc653fb0dc44cab2aa342dc727d35527fdab363b1314,Community Submission,C,76,MEDIUM,60.4,NEW,2026-05-24 09:03:05,2026-06-23 07:03:05,Not Available,Synthetic defensive observation representing a suspicious file or malware-related indicator.,Execution,User Execution,
THR-2026-0249,2026-10-01 09:03:05,Network Communication Anomaly,NETWORK THREATS,CVE ID,CVE-2026-1249,Internal SOC,A,35,MEDIUM,44.0,FALSE_POSITIVE,2026-07-29 09:03:05,2026-08-20 06:03:05,Demo Region B,Synthetic defensive observation representing a network-related security risk.,Command and Control,Application Layer Protocol,CVE-2026-1249
THR-2026-0250,2026-10-01 09:03:05,Synthetic Credential Phishing Campaign,PHISHING,EMAIL/SENDER DOMAIN,sender-250.invalid,Public Threat Feed,B,76,CRITICAL,87.4,NEW,2026-06-12 09:03:05,2026-06-15 09:03:05,Demo Region C,Synthetic defensive observation representing a possible phishing-related indicator.,Initial Access,Phishing,
THR-2026-0251,2026-10-01 09:03:05,Synthetic Information Exposure,DATA EXPOSURE,CVE ID,CVE-2026-1251,Security Vendor,A,98,MEDIUM,69.2,FALSE_POSITIVE,2026-06-08 09:03:05,2026-06-19 21:03:05,Not Available,Synthetic defensive observation representing a possible data exposure concern.,Collection,Data from Information Repositories,CVE-2026-1251
THR-2026-0252,2026-10-01 09:03:05,File Encryption Threat Pattern,RANSOMWARE,URL,https://login-check-252.invalid/login,Internal SOC,A,78,LOW,46.2,MONITORING,2026-09-01 09:03:05,2026-09-28 08:03:05,Demo Region C,Synthetic defensive observation representing a ransomware-related risk pattern.,Impact,Data Encrypted for Impact,
THR-2026-0253,2026-10-01 09:03:05,Synthetic Network Infrastructure,NETWORK THREATS,FILE HASH,f7a6651e2da9ebae6837c75d8a068e5d68abdc76ffe97980441b85d64e211852,Research Report,B,69,MEDIUM,57.6,NEW,2026-09-06 09:03:05,2026-09-21 08:03:05,Demo Region C,Synthetic defensive observation representing a network-related security risk.,Command and Control,Application Layer Protocol,
THR-2026-0254,2026-10-01 09:03:05,Synthetic Web Threat Cluster,WEB THREATS,IP ADDRESS,203.0.113.1,Unknown Source,D,68,LOW,42.2,UNDER_REVIEW,2026-09-03 09:03:05,2026-09-24 14:03:05,Not Available,Synthetic defensive observation representing a suspicious web-related indicator.,Initial Access,Phishing,
THR-2026-0255,2026-10-01 09:03:05,Potential Data Exposure Pattern,DATA EXPOSURE,DOMAIN,service-notice-255.invalid,Security Vendor,A,84,MEDIUM,63.6,CLOSED,2026-06-19 09:03:05,2026-07-09 14:03:05,Synthetic Region,Synthetic defensive observation representing a possible data exposure concern.,Collection,Data from Information Repositories,
THR-2026-0256,2026-10-01 09:03:05,Fake Account Verification Activity,PHISHING,CVE ID,CVE-2026-1256,Community Submission,C,82,HIGH,77.8,MONITORING,2026-06-13 09:03:05,2026-06-25 09:03:05,Demo Region B,Synthetic defensive observation representing a possible phishing-related indicator.,Initial Access,Phishing,CVE-2026-1256
THR-2026-0257,2026-10-01 09:03:05,Endpoint Malware Indicator Cluster,MALWARE,EMAIL/SENDER DOMAIN,sender-257.invalid,Security Vendor,A,93,LOW,52.2,MONITORING,2026-06-29 09:03:05,2026-07-09 15:03:05,Demo Region A,Synthetic defensive observation representing a suspicious file or malware-related indicator.,Execution,User Execution,
THR-2026-0258,2026-10-01 09:03:05,Synthetic Social Engineering Campaign,SOCIAL ENGINEERING,EMAIL/SENDER DOMAIN,sender-258.invalid,Community Submission,C,65,CRITICAL,83.0,UNDER_REVIEW,2026-06-23 09:03:05,2026-07-12 21:03:05,Demo Region C,Synthetic defensive observation representing a social-engineering-related risk.,Initial Access,Phishing,
THR-2026-0259,2026-10-01 09:03:05,Impersonation Activity Observation,SOCIAL ENGINEERING,EMAIL/SENDER DOMAIN,sender-259.invalid,Community Submission,C,63,LOW,40.2,NEW,2026-05-02 09:03:05,2026-05-05 06:03:05,Demo Region C,Synthetic defensive observation representing a social-engineering-related risk.,Initial Access,Phishing,
THR-2026-0260,2026-10-01 09:03:05,Synthetic Account Credential Threat,CREDENTIAL THREATS,URL,https://security-alert-260.invalid/account/check,Community Submission,C,43,MEDIUM,47.2,CLOSED,2026-06-23 09:03:05,2026-07-07 04:03:05,Not Available,Synthetic defensive observation representing a credential-related security risk.,Credential Access,Valid Accounts,
THR-2026-0261,2026-10-01 09:03:05,Unpatched Software Awareness Record,VULNERABILITY EXPOSURE,DOMAIN,credential-review-261.invalid,Community Submission,C,47,MEDIUM,48.8,MONITORING,2026-08-19 09:03:05,2026-09-03 18:03:05,Demo Region B,Synthetic defensive observation representing potential vulnerability exposure.,Initial Access,User Execution,
THR-2026-0262,2026-10-01 09:03:05,Synthetic Human-Factor Threat,SOCIAL ENGINEERING,EMAIL/SENDER DOMAIN,sender-262.invalid,Internal SOC,A,70,INFORMATIONAL,34.0,FALSE_POSITIVE,2026-05-29 09:03:05,2026-06-02 15:03:05,Not Available,Synthetic defensive observation representing a social-engineering-related risk.,Initial Access,Phishing,
THR-2026-0263,2026-10-01 09:03:05,Synthetic Social Engineering Campaign,SOCIAL ENGINEERING,FILE HASH,146181152d793279149d3dc4604d2865babe40907ed177c15d47fd9a87c8e7a1,Research Report,B,81,MEDIUM,62.4,MONITORING,2026-08-19 09:03:05,2026-08-22 03:03:05,Demo Region B,Synthetic defensive observation representing a social-engineering-related risk.,Initial Access,Phishing,
THR-2026-0264,2026-10-01 09:03:05,Synthetic Credential Phishing Campaign,PHISHING,URL,https://mail-protection-264.invalid/identity/verify,Community Submission,C,83,LOW,48.2,NEW,2026-05-27 09:03:05,2026-06-14 01:03:05,Not Available,Synthetic defensive observation representing a possible phishing-related indicator.,Initial Access,Phishing,
THR-2026-0265,2026-10-01 09:03:05,Suspicious Web Resource Pattern,WEB THREATS,EMAIL/SENDER DOMAIN,sender-265.invalid,Community Submission,C,71,HIGH,73.4,UNDER_REVIEW,2026-09-20 09:03:05,2026-10-15 08:03:05,Not Available,Synthetic defensive observation representing a suspicious web-related indicator.,Initial Access,Phishing,
THR-2026-0266,2026-10-01 09:03:05,Synthetic Vulnerability Observation,VULNERABILITY EXPOSURE,IP ADDRESS,203.0.113.13,Public Threat Feed,B,56,HIGH,67.4,CLOSED,2026-09-22 09:03:05,2026-10-06 17:03:05,Demo Region A,Synthetic defensive observation representing potential vulnerability exposure.,Initial Access,User Execution,
THR-2026-0267,2026-10-01 09:03:05,Suspicious File Hash Observation,MALWARE,DOMAIN,mail-protection-267.invalid,Unknown Source,D,69,HIGH,72.6,UNDER_REVIEW,2026-04-27 09:03:05,2026-05-17 22:03:05,Not Available,Synthetic defensive observation representing a suspicious file or malware-related indicator.,Execution,User Execution,
THR-2026-0268,2026-10-01 09:03:05,Suspicious Authentication Pattern,CREDENTIAL THREATS,DOMAIN,login-check-268.invalid,Public Threat Feed,B,93,MEDIUM,67.2,MONITORING,2026-05-01 09:03:05,2026-05-18 14:03:05,Demo Region C,Synthetic defensive observation representing a credential-related security risk.,Credential Access,Valid Accounts,
THR-2026-0269,2026-10-01 09:03:05,Synthetic Account Security Event,ACCOUNT SECURITY,URL,https://system-alert-269.invalid/review,Research Report,B,42,HIGH,61.8,UNDER_REVIEW,2026-09-15 09:03:05,2026-09-24 05:03:05,Demo Region B,Synthetic defensive observation representing an account-security-related risk.,Credential Access,Valid Accounts,
THR-2026-0270,2026-10-01 09:03:05,Synthetic Ransomware Infrastructure,RANSOMWARE,CVE ID,CVE-2024-1270,Research Report,B,75,HIGH,75.0,CLOSED,2026-08-25 09:03:05,2026-09-13 05:03:05,Synthetic Region,Synthetic defensive observation representing a ransomware-related risk pattern.,Impact,Data Encrypted for Impact,CVE-2024-1270
THR-2026-0271,2026-10-01 09:03:05,Social Engineering Risk Pattern,SOCIAL ENGINEERING,IP ADDRESS,203.0.113.18,Research Report,B,36,HIGH,59.4,CLOSED,2026-05-22 09:03:05,2026-06-14 17:03:05,Synthetic Region,Synthetic defensive observation representing a social-engineering-related risk.,Initial Access,Phishing,
THR-2026-0272,2026-10-01 09:03:05,Network Communication Anomaly,NETWORK THREATS,EMAIL/SENDER DOMAIN,sender-272.invalid,Unknown Source,D,36,INFORMATIONAL,20.4,FALSE_POSITIVE,2026-06-05 09:03:05,2026-06-26 06:03:05,Demo Region A,Synthetic defensive observation representing a network-related security risk.,Command and Control,Application Layer Protocol,
THR-2026-0273,2026-10-01 09:03:05,Synthetic Vulnerability Observation,VULNERABILITY EXPOSURE,DOMAIN,secure-login-273.invalid,Public Threat Feed,B,88,HIGH,80.2,MONITORING,2026-07-10 09:03:05,2026-08-05 18:03:05,Not Available,Synthetic defensive observation representing potential vulnerability exposure.,Initial Access,User Execution,
THR-2026-0274,2026-10-01 09:03:05,Ransomware Awareness Simulation,RANSOMWARE,EMAIL/SENDER DOMAIN,sender-274.invalid,Unknown Source,D,68,HIGH,72.2,NEW,2026-09-18 09:03:05,2026-09-19 12:03:05,Demo Region A,Synthetic defensive observation representing a ransomware-related risk pattern.,Impact,Data Encrypted for Impact,
THR-2026-0275,2026-10-01 09:03:05,Synthetic Ransomware Infrastructure,RANSOMWARE,FILE HASH,9e0eceaf60fcab18b1a8f6de8cae361a7c6aeae1e59c613463a5f84bc78b475d,Security Vendor,A,79,CRITICAL,88.6,UNDER_REVIEW,2026-04-07 09:03:05,2026-05-06 13:03:05,Demo Region B,Synthetic defensive observation representing a ransomware-related risk pattern.,Impact,Data Encrypted for Impact,
THR-2026-0276,2026-10-01 09:03:05,Endpoint Malware Indicator Cluster,MALWARE,CVE ID,CVE-2024-1276,Unknown Source,D,72,LOW,43.8,UNDER_REVIEW,2026-04-17 09:03:05,2026-04-22 10:03:05,Demo Region C,Synthetic defensive observation representing a suspicious file or malware-related indicator.,Execution,User Execution,CVE-2024-1276
THR-2026-0277,2026-10-01 09:03:05,Unpatched Software Awareness Record,VULNERABILITY EXPOSURE,CVE ID,CVE-2022-1277,Security Vendor,A,25,HIGH,55.0,CLOSED,2026-05-31 09:03:05,2026-06-02 13:03:05,Not Available,Synthetic defensive observation representing potential vulnerability exposure.,Initial Access,User Execution,CVE-2022-1277
THR-2026-0278,2026-10-01 09:03:05,Synthetic Credential Phishing Campaign,PHISHING,IP ADDRESS,203.0.113.25,Research Report,B,40,MEDIUM,46.0,CLOSED,2026-04-06 09:03:05,2026-04-11 00:03:05,Demo Region B,Synthetic defensive observation representing a possible phishing-related indicator.,Initial Access,Phishing,
THR-2026-0279,2026-10-01 09:03:05,Suspicious File Hash Observation,MALWARE,CVE ID,CVE-2022-1279,Public Threat Feed,B,72,LOW,43.8,FALSE_POSITIVE,2026-08-26 09:03:05,2026-09-07 13:03:05,Demo Region A,Synthetic defensive observation representing a suspicious file or malware-related indicator.,Execution,User Execution,CVE-2022-1279
THR-2026-0280,2026-10-01 09:03:05,Synthetic Account Security Event,ACCOUNT SECURITY,IP ADDRESS,203.0.113.27,Public Threat Feed,B,81,MEDIUM,62.4,FALSE_POSITIVE,2026-08-07 09:03:05,2026-08-28 08:03:05,Synthetic Region,Synthetic defensive observation representing an account-security-related risk.,Credential Access,Valid Accounts,
THR-2026-0281,2026-10-01 09:03:05,Social Engineering Risk Pattern,SOCIAL ENGINEERING,DOMAIN,security-alert-281.invalid,Internal SOC,A,42,HIGH,61.8,MONITORING,2026-05-03 09:03:05,2026-05-26 21:03:05,Synthetic Region,Synthetic defensive observation representing a social-engineering-related risk.,Initial Access,Phishing,
THR-2026-0282,2026-10-01 09:03:05,Synthetic Ransomware Infrastructure,RANSOMWARE,DOMAIN,identity-check-282.invalid,Community Submission,C,56,MEDIUM,52.4,MONITORING,2026-04-30 09:03:05,2026-05-20 08:03:05,Demo Region A,Synthetic defensive observation representing a ransomware-related risk pattern.,Impact,Data Encrypted for Impact,
THR-2026-0283,2026-10-01 09:03:05,Credential Exposure Indicator,CREDENTIAL THREATS,EMAIL/SENDER DOMAIN,sender-283.invalid,Unknown Source,D,49,MEDIUM,49.6,CLOSED,2026-06-22 09:03:05,2026-07-02 05:03:05,Demo Region B,Synthetic defensive observation representing a credential-related security risk.,Credential Access,Valid Accounts,
THR-2026-0284,2026-10-01 09:03:05,Unpatched Software Awareness Record,VULNERABILITY EXPOSURE,IP ADDRESS,192.0.2.31,Community Submission,C,34,MEDIUM,43.6,FALSE_POSITIVE,2026-09-27 09:03:05,2026-10-08 19:03:05,Synthetic Region,Synthetic defensive observation representing potential vulnerability exposure.,Initial Access,User Execution,
THR-2026-0285,2026-10-01 09:03:05,Synthetic Vulnerability Exposure,VULNERABILITY EXPOSURE,URL,https://system-alert-285.invalid/review,Internal SOC,A,85,LOW,49.0,UNDER_REVIEW,2026-09-26 09:03:05,2026-10-14 11:03:05,Demo Region C,Synthetic defensive observation representing potential vulnerability exposure.,Initial Access,User Execution,
THR-2026-0286,2026-10-01 09:03:05,Synthetic Credential Phishing Campaign,PHISHING,IP ADDRESS,198.51.100.33,Research Report,B,89,MEDIUM,65.6,FALSE_POSITIVE,2026-06-14 09:03:05,2026-07-06 21:03:05,Not Available,Synthetic defensive observation representing a possible phishing-related indicator.,Initial Access,Phishing,
THR-2026-0287,2026-10-01 09:03:05,Authentication Risk Observation,ACCOUNT SECURITY,DOMAIN,identity-check-287.invalid,Community Submission,C,35,LOW,29.0,FALSE_POSITIVE,2026-08-09 09:03:05,2026-09-03 13:03:05,Synthetic Region,Synthetic defensive observation representing an account-security-related risk.,Credential Access,Valid Accounts,
THR-2026-0288,2026-10-01 09:03:05,Synthetic Malware Indicator Cluster,MALWARE,URL,https://secure-login-288.invalid/review,Internal SOC,A,55,CRITICAL,79.0,FALSE_POSITIVE,2026-07-30 09:03:05,2026-08-01 22:03:05,Synthetic Region,Synthetic defensive observation representing a suspicious file or malware-related indicator.,Execution,User Execution,
THR-2026-0289,2026-10-01 09:03:05,Suspicious Account Activity,ACCOUNT SECURITY,IP ADDRESS,198.51.100.36,Internal SOC,A,47,MEDIUM,48.8,CLOSED,2026-09-27 09:03:05,2026-10-19 13:03:05,Demo Region B,Synthetic defensive observation representing an account-security-related risk.,Credential Access,Valid Accounts,
THR-2026-0290,2026-10-01 09:03:05,Network Communication Anomaly,NETWORK THREATS,EMAIL/SENDER DOMAIN,sender-290.invalid,Security Vendor,A,58,MEDIUM,53.2,NEW,2026-06-27 09:03:05,2026-07-02 08:03:05,Demo Region A,Synthetic defensive observation representing a network-related security risk.,Command and Control,Application Layer Protocol,
THR-2026-0291,2026-10-01 09:03:05,Network Communication Anomaly,NETWORK THREATS,FILE HASH,eedd677025eb4512b338b870b812473843fbd534687480981985dcbf154a83a9,Unknown Source,D,98,INFORMATIONAL,45.2,CLOSED,2026-09-11 09:03:05,2026-09-26 23:03:05,Demo Region A,Synthetic defensive observation representing a network-related security risk.,Command and Control,Application Layer Protocol,
THR-2026-0292,2026-10-01 09:03:05,Synthetic Account Security Event,ACCOUNT SECURITY,DOMAIN,service-notice-292.invalid,Community Submission,C,38,LOW,30.2,NEW,2026-04-11 09:03:05,2026-05-04 12:03:05,Not Available,Synthetic defensive observation representing an account-security-related risk.,Credential Access,Valid Accounts,
THR-2026-0293,2026-10-01 09:03:05,Suspicious Credential Collection Pattern,PHISHING,IP ADDRESS,192.0.2.40,Research Report,B,71,INFORMATIONAL,34.4,MONITORING,2026-08-23 09:03:05,2026-08-28 10:03:05,Demo Region B,Synthetic defensive observation representing a possible phishing-related indicator.,Initial Access,Phishing,
THR-2026-0294,2026-10-01 09:03:05,Credential Exposure Indicator,CREDENTIAL THREATS,FILE HASH,dbb1f765f610fce544fe81544db90f47100ebc8d9384255c04b6644cda3d75e8,Community Submission,C,34,LOW,28.6,UNDER_REVIEW,2026-06-27 09:03:05,2026-07-01 01:03:05,Demo Region B,Synthetic defensive observation representing a credential-related security risk.,Credential Access,Valid Accounts,
THR-2026-0295,2026-10-01 09:03:05,Synthetic Information Exposure,DATA EXPOSURE,IP ADDRESS,198.51.100.42,Public Threat Feed,B,84,INFORMATIONAL,39.6,MONITORING,2026-07-13 09:03:05,2026-07-23 11:03:05,Demo Region A,Synthetic defensive observation representing a possible data exposure concern.,Collection,Data from Information Repositories,
THR-2026-0296,2026-10-01 09:03:05,Synthetic Account Credential Threat,CREDENTIAL THREATS,URL,https://account-support-296.invalid/security/notice,Research Report,B,56,HIGH,67.4,UNDER_REVIEW,2026-06-28 09:03:05,2026-07-17 00:03:05,Not Available,Synthetic defensive observation representing a credential-related security risk.,Credential Access,Valid Accounts,
THR-2026-0297,2026-10-01 09:03:05,Synthetic Ransomware Indicator Cluster,RANSOMWARE,IP ADDRESS,198.51.100.44,Public Threat Feed,B,94,INFORMATIONAL,43.6,NEW,2026-04-21 09:03:05,2026-05-18 07:03:05,Demo Region C,Synthetic defensive observation representing a ransomware-related risk pattern.,Impact,Data Encrypted for Impact,
THR-2026-0298,2026-10-01 09:03:05,Unpatched Software Awareness Record,VULNERABILITY EXPOSURE,CVE ID,CVE-2024-1298,Security Vendor,A,92,LOW,51.8,NEW,2026-06-15 09:03:05,2026-06-30 10:03:05,Demo Region C,Synthetic defensive observation representing potential vulnerability exposure.,Initial Access,User Execution,CVE-2024-1298
THR-2026-0299,2026-10-01 09:03:05,Fake Account Verification Activity,PHISHING,DOMAIN,system-alert-299.invalid,Research Report,B,72,MEDIUM,58.8,NEW,2026-09-09 09:03:05,2026-09-27 12:03:05,Synthetic Region,Synthetic defensive observation representing a possible phishing-related indicator.,Initial Access,Phishing,
THR-2026-0300,2026-10-01 09:03:05,Account Protection Alert,ACCOUNT SECURITY,EMAIL/SENDER DOMAIN,sender-300.invalid,Security Vendor,A,41,INFORMATIONAL,22.4,MONITORING,2026-07-18 09:03:05,2026-07-26 19:03:05,Demo Region C,Synthetic defensive observation representing an account-security-related risk.,Credential Access,Valid Accounts,
THR-2026-0301,2026-10-01 09:03:05,Impersonation Activity Observation,SOCIAL ENGINEERING,URL,https://mail-protection-301.invalid/verify,Community Submission,C,42,CRITICAL,73.8,CLOSED,2026-09-03 09:03:05,2026-09-07 12:03:05,Synthetic Region,Synthetic defensive observation representing a social-engineering-related risk.,Initial Access,Phishing,
THR-2026-0302,2026-10-01 09:03:05,Synthetic Network Threat Observation,NETWORK THREATS,FILE HASH,fcfa9798f74a3fa1026d1d1a616e2805016a63796663a550bc634f76b75ced32,Research Report,B,51,MEDIUM,50.4,UNDER_REVIEW,2026-07-14 09:03:05,2026-07-28 17:03:05,Demo Region A,Synthetic defensive observation representing a network-related security risk.,Command and Control,Application Layer Protocol,
THR-2026-0303,2026-10-01 09:03:05,Web Application Threat Observation,WEB THREATS,CVE ID,CVE-2026-1303,Security Vendor,A,66,INFORMATIONAL,32.4,FALSE_POSITIVE,2026-09-07 09:03:05,2026-09-29 16:03:05,Synthetic Region,Synthetic defensive observation representing a suspicious web-related indicator.,Initial Access,Phishing,CVE-2026-1303
THR-2026-0304,2026-10-01 09:03:05,Fake Account Verification Activity,PHISHING,CVE ID,CVE-2024-1304,Internal SOC,A,47,LOW,33.8,CLOSED,2026-06-19 09:03:05,2026-07-16 23:03:05,Demo Region A,Synthetic defensive observation representing a possible phishing-related indicator.,Initial Access,Phishing,CVE-2024-1304
THR-2026-0305,2026-10-01 09:03:05,Synthetic Malicious File Pattern,MALWARE,DOMAIN,security-alert-305.invalid,Security Vendor,A,53,INFORMATIONAL,27.2,FALSE_POSITIVE,2026-08-11 09:03:05,2026-09-06 21:03:05,Demo Region A,Synthetic defensive observation representing a suspicious file or malware-related indicator.,Execution,User Execution,
THR-2026-0306,2026-10-01 09:03:05,Suspicious Account Activity,ACCOUNT SECURITY,URL,https://security-alert-306.invalid/verify,Unknown Source,D,50,CRITICAL,77.0,NEW,2026-06-09 09:03:05,2026-07-04 13:03:05,Demo Region C,Synthetic defensive observation representing an account-security-related risk.,Credential Access,Valid Accounts,
THR-2026-0307,2026-10-01 09:03:05,Suspicious Credential Collection Pattern,PHISHING,FILE HASH,35901513622d664a0f13974edf9315ca64a1c763589ba1340acfd9b70092febc,Unknown Source,D,80,CRITICAL,89.0,NEW,2026-06-21 09:03:05,2026-07-06 09:03:05,Synthetic Region,Synthetic defensive observation representing a possible phishing-related indicator.,Initial Access,Phishing,
THR-2026-0308,2026-10-01 09:03:05,Suspicious Network Indicator Cluster,NETWORK THREATS,DOMAIN,account-verify-308.invalid,Security Vendor,A,82,LOW,47.8,CLOSED,2026-09-22 09:03:05,2026-10-12 04:03:05,Demo Region C,Synthetic defensive observation representing a network-related security risk.,Command and Control,Application Layer Protocol,
THR-2026-0309,2026-10-01 09:03:05,Unpatched Software Awareness Record,VULNERABILITY EXPOSURE,EMAIL/SENDER DOMAIN,sender-309.invalid,Public Threat Feed,B,36,MEDIUM,44.4,UNDER_REVIEW,2026-06-24 09:03:05,2026-06-28 22:03:05,Not Available,Synthetic defensive observation representing potential vulnerability exposure.,Initial Access,User Execution,
THR-2026-0310,2026-10-01 09:03:05,Sensitive Data Protection Alert,DATA EXPOSURE,IP ADDRESS,198.51.100.57,Research Report,B,70,HIGH,73.0,FALSE_POSITIVE,2026-05-14 09:03:05,2026-06-09 00:03:05,Not Available,Synthetic defensive observation representing a possible data exposure concern.,Collection,Data from Information Repositories,
THR-2026-0311,2026-10-01 09:03:05,Network Communication Anomaly,NETWORK THREATS,FILE HASH,abf6fb8eceb72a023841da741c6d9b24cd316204249a14481546a5030dfc43e3,Internal SOC,A,53,INFORMATIONAL,27.2,UNDER_REVIEW,2026-07-21 09:03:05,2026-07-23 00:03:05,Not Available,Synthetic defensive observation representing a network-related security risk.,Command and Control,Application Layer Protocol,
THR-2026-0312,2026-10-01 09:03:05,Ransomware Awareness Simulation,RANSOMWARE,IP ADDRESS,192.0.2.59,Community Submission,C,59,MEDIUM,53.6,UNDER_REVIEW,2026-09-16 09:03:05,2026-10-10 16:03:05,Demo Region C,Synthetic defensive observation representing a ransomware-related risk pattern.,Impact,Data Encrypted for Impact,
THR-2026-0313,2026-10-01 09:03:05,Synthetic Ransomware Infrastructure,RANSOMWARE,DOMAIN,account-support-313.invalid,Community Submission,C,70,LOW,43.0,FALSE_POSITIVE,2026-09-23 09:03:05,2026-10-16 07:03:05,Not Available,Synthetic defensive observation representing a ransomware-related risk pattern.,Impact,Data Encrypted for Impact,
THR-2026-0314,2026-10-01 09:03:05,Synthetic Ransomware Indicator Cluster,RANSOMWARE,EMAIL/SENDER DOMAIN,sender-314.invalid,Community Submission,C,88,CRITICAL,92.2,NEW,2026-07-13 09:03:05,2026-07-19 00:03:05,Demo Region A,Synthetic defensive observation representing a ransomware-related risk pattern.,Impact,Data Encrypted for Impact,
THR-2026-0315,2026-10-01 09:03:05,Synthetic Account Credential Threat,CREDENTIAL THREATS,EMAIL/SENDER DOMAIN,sender-315.invalid,Research Report,B,92,LOW,51.8,MONITORING,2026-09-30 09:03:05,2026-10-11 04:03:05,Demo Region B,Synthetic defensive observation representing a credential-related security risk.,Credential Access,Valid Accounts,
THR-2026-0316,2026-10-01 09:03:05,Synthetic Ransomware Indicator Cluster,RANSOMWARE,URL,https://login-check-316.invalid/verify,Internal SOC,A,43,LOW,32.2,CLOSED,2026-05-19 09:03:05,2026-06-15 20:03:05,Demo Region C,Synthetic defensive observation representing a ransomware-related risk pattern.,Impact,Data Encrypted for Impact,
THR-2026-0317,2026-10-01 09:03:05,Account Protection Alert,ACCOUNT SECURITY,IP ADDRESS,198.51.100.64,Security Vendor,A,42,LOW,31.8,UNDER_REVIEW,2026-06-11 09:03:05,2026-07-07 05:03:05,Demo Region C,Synthetic defensive observation representing an account-security-related risk.,Credential Access,Valid Accounts,
THR-2026-0318,2026-10-01 09:03:05,Synthetic Information Exposure,DATA EXPOSURE,CVE ID,CVE-2026-1318,Unknown Source,D,53,HIGH,66.2,MONITORING,2026-05-03 09:03:05,2026-05-29 14:03:05,Demo Region C,Synthetic defensive observation representing a possible data exposure concern.,Collection,Data from Information Repositories,CVE-2026-1318
THR-2026-0319,2026-10-01 09:03:05,Synthetic Ransomware Infrastructure,RANSOMWARE,DOMAIN,login-check-319.invalid,Research Report,B,98,CRITICAL,96.2,NEW,2026-05-08 09:03:05,2026-05-09 14:03:05,Not Available,Synthetic defensive observation representing a ransomware-related risk pattern.,Impact,Data Encrypted for Impact,
THR-2026-0320,2026-10-01 09:03:05,Suspicious Account Activity,ACCOUNT SECURITY,IP ADDRESS,198.51.100.67,Security Vendor,A,34,LOW,28.6,CLOSED,2026-07-04 09:03:05,2026-07-14 14:03:05,Demo Region C,Synthetic defensive observation representing an account-security-related risk.,Credential Access,Valid Accounts,
THR-2026-0321,2026-10-01 09:03:05,Synthetic Credential Phishing Campaign,PHISHING,URL,https://mail-protection-321.invalid/account/check,Public Threat Feed,B,69,HIGH,72.6,CLOSED,2026-09-03 09:03:05,2026-09-26 09:03:05,Synthetic Region,Synthetic defensive observation representing a possible phishing-related indicator.,Initial Access,Phishing,
THR-2026-0322,2026-10-01 09:03:05,Vulnerability Risk Assessment,VULNERABILITY EXPOSURE,DOMAIN,secure-login-322.invalid,Public Threat Feed,B,73,MEDIUM,59.2,UNDER_REVIEW,2026-05-14 09:03:05,2026-05-26 12:03:05,Not Available,Synthetic defensive observation representing potential vulnerability exposure.,Initial Access,User Execution,
THR-2026-0323,2026-10-01 09:03:05,Synthetic Ransomware Indicator Cluster,RANSOMWARE,FILE HASH,a3e94e54802cec71ffa825d74f69c8bd668fa87c9ba0be2ccd6f1fcac6a2597c,Internal SOC,A,62,HIGH,69.8,UNDER_REVIEW,2026-07-11 09:03:05,2026-07-19 12:03:05,Demo Region C,Synthetic defensive observation representing a ransomware-related risk pattern.,Impact,Data Encrypted for Impact,
THR-2026-0324,2026-10-01 09:03:05,Synthetic Vulnerability Exposure,VULNERABILITY EXPOSURE,DOMAIN,security-alert-324.invalid,Public Threat Feed,B,36,MEDIUM,44.4,UNDER_REVIEW,2026-05-01 09:03:05,2026-05-21 00:03:05,Synthetic Region,Synthetic defensive observation representing potential vulnerability exposure.,Initial Access,User Execution,
THR-2026-0325,2026-10-01 09:03:05,Authentication Risk Observation,ACCOUNT SECURITY,FILE HASH,44516c3ec2d7df996e1196ae36590bc464e7d4ab7afb4390e910871de12f2b87,Security Vendor,A,51,LOW,35.4,MONITORING,2026-06-18 09:03:05,2026-07-11 02:03:05,Demo Region C,Synthetic defensive observation representing an account-security-related risk.,Credential Access,Valid Accounts,
THR-2026-0326,2026-10-01 09:03:05,Credential Exposure Indicator,CREDENTIAL THREATS,IP ADDRESS,192.0.2.73,Research Report,B,95,MEDIUM,68.0,NEW,2026-08-22 09:03:05,2026-08-23 20:03:05,Synthetic Region,Synthetic defensive observation representing a credential-related security risk.,Credential Access,Valid Accounts,
THR-2026-0327,2026-10-01 09:03:05,Web Application Threat Observation,WEB THREATS,CVE ID,CVE-2026-1327,Internal SOC,A,37,MEDIUM,44.8,CLOSED,2026-08-09 09:03:05,2026-08-15 05:03:05,Demo Region A,Synthetic defensive observation representing a suspicious web-related indicator.,Initial Access,Phishing,CVE-2026-1327
THR-2026-0328,2026-10-01 09:03:05,Suspicious File Hash Observation,MALWARE,URL,https://secure-login-328.invalid/login,Internal SOC,A,58,MEDIUM,53.2,CLOSED,2026-04-19 09:03:05,2026-05-06 21:03:05,Demo Region C,Synthetic defensive observation representing a suspicious file or malware-related indicator.,Execution,User Execution,
THR-2026-0329,2026-10-01 09:03:05,Synthetic Network Threat Observation,NETWORK THREATS,DOMAIN,credential-review-329.invalid,Research Report,B,81,INFORMATIONAL,38.4,NEW,2026-07-25 09:03:05,2026-08-01 17:03:05,Demo Region B,Synthetic defensive observation representing a network-related security risk.,Command and Control,Application Layer Protocol,
THR-2026-0330,2026-10-01 09:03:05,Endpoint Malware Indicator Cluster,MALWARE,CVE ID,CVE-2024-1330,Community Submission,C,77,HIGH,75.8,CLOSED,2026-08-03 09:03:05,2026-08-20 10:03:05,Not Available,Synthetic defensive observation representing a suspicious file or malware-related indicator.,Execution,User Execution,CVE-2024-1330
THR-2026-0331,2026-10-01 09:03:05,Synthetic Data Exposure Observation,DATA EXPOSURE,CVE ID,CVE-2025-1331,Research Report,B,55,MEDIUM,52.0,FALSE_POSITIVE,2026-07-16 09:03:05,2026-07-18 21:03:05,Not Available,Synthetic defensive observation representing a possible data exposure concern.,Collection,Data from Information Repositories,CVE-2025-1331
THR-2026-0332,2026-10-01 09:03:05,Potential Data Exposure Pattern,DATA EXPOSURE,EMAIL/SENDER DOMAIN,sender-332.invalid,Internal SOC,A,43,MEDIUM,47.2,UNDER_REVIEW,2026-06-08 09:03:05,2026-06-13 14:03:05,Demo Region B,Synthetic defensive observation representing a possible data exposure concern.,Collection,Data from Information Repositories,
THR-2026-0333,2026-10-01 09:03:05,Synthetic Login Impersonation Campaign,PHISHING,FILE HASH,074b239aa304dc53de35e233c29b7dd8fbac15478072ec3342ddee279912167f,Unknown Source,D,50,HIGH,65.0,NEW,2026-08-24 09:03:05,2026-09-20 04:03:05,Demo Region C,Synthetic defensive observation representing a possible phishing-related indicator.,Initial Access,Phishing,
THR-2026-0334,2026-10-01 09:03:05,Endpoint Malware Indicator Cluster,MALWARE,FILE HASH,9bc9756f90dc2ae1c914faebef5d8860476ce708d51f83771437fc91927e5b4e,Community Submission,C,60,MEDIUM,54.0,CLOSED,2026-06-05 09:03:05,2026-07-04 09:03:05,Demo Region A,Synthetic defensive observation representing a suspicious file or malware-related indicator.,Execution,User Execution,
THR-2026-0335,2026-10-01 09:03:05,Synthetic Ransomware Infrastructure,RANSOMWARE,DOMAIN,account-support-335.invalid,Internal SOC,A,37,MEDIUM,44.8,MONITORING,2026-05-09 09:03:05,2026-06-02 12:03:05,Not Available,Synthetic defensive observation representing a ransomware-related risk pattern.,Impact,Data Encrypted for Impact,
THR-2026-0336,2026-10-01 09:03:05,Unpatched Software Awareness Record,VULNERABILITY EXPOSURE,URL,https://secure-login-336.invalid/review,Internal SOC,A,85,MEDIUM,64.0,FALSE_POSITIVE,2026-08-17 09:03:05,2026-08-25 21:03:05,Not Available,Synthetic defensive observation representing potential vulnerability exposure.,Initial Access,User Execution,
THR-2026-0337,2026-10-01 09:03:05,Vulnerability Risk Assessment,VULNERABILITY EXPOSURE,IP ADDRESS,198.51.100.84,Unknown Source,D,67,HIGH,71.8,MONITORING,2026-08-01 09:03:05,2026-08-03 08:03:05,Demo Region C,Synthetic defensive observation representing potential vulnerability exposure.,Initial Access,User Execution,
THR-2026-0338,2026-10-01 09:03:05,Fake Account Verification Activity,PHISHING,URL,https://identity-check-338.invalid/security/notice,Unknown Source,D,87,LOW,49.8,CLOSED,2026-04-08 09:03:05,2026-04-11 16:03:05,Demo Region C,Synthetic defensive observation representing a possible phishing-related indicator.,Initial Access,Phishing,
THR-2026-0339,2026-10-01 09:03:05,Synthetic Network Infrastructure,NETWORK THREATS,URL,https://secure-login-339.invalid/identity/verify,Research Report,B,49,MEDIUM,49.6,MONITORING,2026-08-07 09:03:05,2026-09-05 22:03:05,Not Available,Synthetic defensive observation representing a network-related security risk.,Command and Control,Application Layer Protocol,
THR-2026-0340,2026-10-01 09:03:05,Synthetic Credential Phishing Campaign,PHISHING,EMAIL/SENDER DOMAIN,sender-340.invalid,Public Threat Feed,B,33,HIGH,58.2,UNDER_REVIEW,2026-05-24 09:03:05,2026-06-05 13:03:05,Demo Region B,Synthetic defensive observation representing a possible phishing-related indicator.,Initial Access,Phishing,
THR-2026-0341,2026-10-01 09:03:05,Credential Abuse Observation,CREDENTIAL THREATS,IP ADDRESS,192.0.2.88,Public Threat Feed,B,31,INFORMATIONAL,18.4,CLOSED,2026-08-11 09:03:05,2026-08-19 20:03:05,Not Available,Synthetic defensive observation representing a credential-related security risk.,Credential Access,Valid Accounts,
THR-2026-0342,2026-10-01 09:03:05,Synthetic Malicious File Pattern,MALWARE,CVE ID,CVE-2022-1342,Community Submission,C,87,LOW,49.8,UNDER_REVIEW,2026-06-08 09:03:05,2026-06-14 00:03:05,Demo Region C,Synthetic defensive observation representing a suspicious file or malware-related indicator.,Execution,User Execution,CVE-2022-1342
THR-2026-0343,2026-10-01 09:03:05,Synthetic Web Threat Cluster,WEB THREATS,CVE ID,CVE-2022-1343,Internal SOC,A,74,LOW,44.6,UNDER_REVIEW,2026-08-20 09:03:05,2026-09-17 03:03:05,Demo Region B,Synthetic defensive observation representing a suspicious web-related indicator.,Initial Access,Phishing,CVE-2022-1343
THR-2026-0344,2026-10-01 09:03:05,Credential Exposure Indicator,CREDENTIAL THREATS,URL,https://secure-login-344.invalid/identity/verify,Research Report,B,26,INFORMATIONAL,16.4,MONITORING,2026-08-28 09:03:05,2026-09-17 14:03:05,Demo Region B,Synthetic defensive observation representing a credential-related security risk.,Credential Access,Valid Accounts,
THR-2026-0345,2026-10-01 09:03:05,Authentication Risk Observation,ACCOUNT SECURITY,URL,https://identity-check-345.invalid/login,Research Report,B,69,HIGH,72.6,FALSE_POSITIVE,2026-07-28 09:03:05,2026-08-03 23:03:05,Not Available,Synthetic defensive observation representing an account-security-related risk.,Credential Access,Valid Accounts,
THR-2026-0346,2026-10-01 09:03:05,Synthetic Vulnerability Observation,VULNERABILITY EXPOSURE,EMAIL/SENDER DOMAIN,sender-346.invalid,Unknown Source,D,90,LOW,51.0,NEW,2026-06-27 09:03:05,2026-07-15 05:03:05,Demo Region C,Synthetic defensive observation representing potential vulnerability exposure.,Initial Access,User Execution,
THR-2026-0347,2026-10-01 09:03:05,Social Engineering Risk Pattern,SOCIAL ENGINEERING,IP ADDRESS,198.51.100.94,Public Threat Feed,B,66,CRITICAL,83.4,NEW,2026-07-26 09:03:05,2026-08-16 07:03:05,Demo Region B,Synthetic defensive observation representing a social-engineering-related risk.,Initial Access,Phishing,
THR-2026-0348,2026-10-01 09:03:05,Synthetic Data Exposure Observation,DATA EXPOSURE,DOMAIN,login-check-348.invalid,Unknown Source,D,76,HIGH,75.4,MONITORING,2026-07-11 09:03:05,2026-08-01 13:03:05,Synthetic Region,Synthetic defensive observation representing a possible data exposure concern.,Collection,Data from Information Repositories,
THR-2026-0349,2026-10-01 09:03:05,Synthetic Web Threat Cluster,WEB THREATS,FILE HASH,7e3edde4414de861ec7e09e301aff2683557bdd94d9b5046f256855950674443,Security Vendor,A,98,HIGH,84.2,MONITORING,2026-07-05 09:03:05,2026-07-29 07:03:05,Not Available,Synthetic defensive observation representing a suspicious web-related indicator.,Initial Access,Phishing,
THR-2026-0350,2026-10-01 09:03:05,Synthetic Social Engineering Campaign,SOCIAL ENGINEERING,CVE ID,CVE-2024-1350,Unknown Source,D,46,MEDIUM,48.4,UNDER_REVIEW,2026-05-11 09:03:05,2026-05-16 18:03:05,Synthetic Region,Synthetic defensive observation representing a social-engineering-related risk.,Initial Access,Phishing,CVE-2024-1350
THR-2026-0351,2026-10-01 09:03:05,Synthetic Web Threat Cluster,WEB THREATS,CVE ID,CVE-2026-1351,Unknown Source,D,48,HIGH,64.2,UNDER_REVIEW,2026-07-07 09:03:05,2026-07-27 11:03:05,Demo Region C,Synthetic defensive observation representing a suspicious web-related indicator.,Initial Access,Phishing,CVE-2026-1351
THR-2026-0352,2026-10-01 09:03:05,Suspicious Web Resource Pattern,WEB THREATS,FILE HASH,653ea20796a3b203f4aad7d3657191b2f97044ee3d391bb57ce98a7c4a3ba0f0,Community Submission,C,58,MEDIUM,53.2,FALSE_POSITIVE,2026-07-17 09:03:05,2026-07-31 12:03:05,Demo Region A,Synthetic defensive observation representing a suspicious web-related indicator.,Initial Access,Phishing,
THR-2026-0353,2026-10-01 09:03:05,Account Protection Alert,ACCOUNT SECURITY,EMAIL/SENDER DOMAIN,sender-353.invalid,Community Submission,C,49,INFORMATIONAL,25.6,MONITORING,2026-08-31 09:03:05,2026-09-28 06:03:05,Not Available,Synthetic defensive observation representing an account-security-related risk.,Credential Access,Valid Accounts,
THR-2026-0354,2026-10-01 09:03:05,Unpatched Software Awareness Record,VULNERABILITY EXPOSURE,IP ADDRESS,192.0.2.101,Public Threat Feed,B,50,LOW,35.0,UNDER_REVIEW,2026-06-18 09:03:05,2026-07-06 23:03:05,Demo Region C,Synthetic defensive observation representing potential vulnerability exposure.,Initial Access,User Execution,
THR-2026-0355,2026-10-01 09:03:05,Synthetic Malicious File Pattern,MALWARE,FILE HASH,3c1d80b0a9467d892e01d365b5d5ae1775e58b39df889d8a410d1cf2db2e4391,Unknown Source,D,65,CRITICAL,83.0,NEW,2026-09-16 09:03:05,2026-09-16 23:03:05,Demo Region B,Synthetic defensive observation representing a suspicious file or malware-related indicator.,Execution,User Execution,
THR-2026-0356,2026-10-01 09:03:05,Account Protection Alert,ACCOUNT SECURITY,DOMAIN,credential-review-356.invalid,Security Vendor,A,36,HIGH,59.4,CLOSED,2026-04-26 09:03:05,2026-05-10 05:03:05,Synthetic Region,Synthetic defensive observation representing an account-security-related risk.,Credential Access,Valid Accounts,
THR-2026-0357,2026-10-01 09:03:05,Impersonation Activity Observation,SOCIAL ENGINEERING,FILE HASH,3e62d3d23649e09e814704e5afcf953a67a8aa45c8dab0b6b975eb6f184341b5,Internal SOC,A,72,MEDIUM,58.8,NEW,2026-07-10 09:03:05,2026-08-04 01:03:05,Demo Region A,Synthetic defensive observation representing a social-engineering-related risk.,Initial Access,Phishing,
THR-2026-0358,2026-10-01 09:03:05,Synthetic Account Credential Threat,CREDENTIAL THREATS,DOMAIN,service-notice-358.invalid,Research Report,B,38,LOW,30.2,NEW,2026-05-25 09:03:05,2026-06-12 18:03:05,Demo Region A,Synthetic defensive observation representing a credential-related security risk.,Credential Access,Valid Accounts,
THR-2026-0359,2026-10-01 09:03:05,Synthetic Web Threat Cluster,WEB THREATS,URL,https://credential-review-359.invalid/review,Public Threat Feed,B,92,MEDIUM,66.8,CLOSED,2026-06-11 09:03:05,2026-07-10 06:03:05,Demo Region C,Synthetic defensive observation representing a suspicious web-related indicator.,Initial Access,Phishing,
THR-2026-0360,2026-10-01 09:03:05,Suspicious Network Indicator Cluster,NETWORK THREATS,DOMAIN,account-verify-360.invalid,Internal SOC,A,76,CRITICAL,87.4,MONITORING,2026-08-03 09:03:05,2026-08-11 08:03:05,Demo Region B,Synthetic defensive observation representing a network-related security risk.,Command and Control,Application Layer Protocol,
THR-2026-0361,2026-10-01 09:03:05,Suspicious Credential Collection Pattern,PHISHING,EMAIL/SENDER DOMAIN,sender-361.invalid,Public Threat Feed,B,40,MEDIUM,46.0,FALSE_POSITIVE,2026-04-17 09:03:05,2026-05-12 10:03:05,Demo Region C,Synthetic defensive observation representing a possible phishing-related indicator.,Initial Access,Phishing,
THR-2026-0362,2026-10-01 09:03:05,Suspicious Account Activity,ACCOUNT SECURITY,IP ADDRESS,203.0.113.109,Unknown Source,D,38,CRITICAL,72.2,CLOSED,2026-09-25 09:03:05,2026-09-27 07:03:05,Synthetic Region,Synthetic defensive observation representing an account-security-related risk.,Credential Access,Valid Accounts,
THR-2026-0363,2026-10-01 09:03:05,Synthetic Vulnerability Exposure,VULNERABILITY EXPOSURE,IP ADDRESS,203.0.113.110,Security Vendor,A,44,LOW,32.6,CLOSED,2026-04-06 09:03:05,2026-04-28 05:03:05,Demo Region C,Synthetic defensive observation representing potential vulnerability exposure.,Initial Access,User Execution,
THR-2026-0364,2026-10-01 09:03:05,Synthetic Malware Indicator Cluster,MALWARE,CVE ID,CVE-2026-1364,Research Report,B,42,LOW,31.8,NEW,2026-09-04 09:03:05,2026-09-21 08:03:05,Demo Region C,Synthetic defensive observation representing a suspicious file or malware-related indicator.,Execution,User Execution,CVE-2026-1364
THR-2026-0365,2026-10-01 09:03:05,Endpoint Malware Indicator Cluster,MALWARE,FILE HASH,e8457f2fe79232317a431f6c5cd409e52609185e2afd4900d2bdfb927c3567a1,Community Submission,C,58,LOW,38.2,UNDER_REVIEW,2026-08-10 09:03:05,2026-08-22 07:03:05,Demo Region C,Synthetic defensive observation representing a suspicious file or malware-related indicator.,Execution,User Execution,
THR-2026-0366,2026-10-01 09:03:05,Synthetic Credential Phishing Campaign,PHISHING,EMAIL/SENDER DOMAIN,sender-366.invalid,Unknown Source,D,51,MEDIUM,50.4,NEW,2026-05-30 09:03:05,2026-06-09 16:03:05,Demo Region A,Synthetic defensive observation representing a possible phishing-related indicator.,Initial Access,Phishing,
THR-2026-0367,2026-10-01 09:03:05,Synthetic Malware Indicator Cluster,MALWARE,EMAIL/SENDER DOMAIN,sender-367.invalid,Internal SOC,A,44,MEDIUM,47.6,UNDER_REVIEW,2026-05-23 09:03:05,2026-05-26 08:03:05,Demo Region C,Synthetic defensive observation representing a suspicious file or malware-related indicator.,Execution,User Execution,
THR-2026-0368,2026-10-01 09:03:05,Social Engineering Risk Pattern,SOCIAL ENGINEERING,URL,https://identity-check-368.invalid/login,Internal SOC,A,47,INFORMATIONAL,24.8,NEW,2026-07-18 09:03:05,2026-07-30 06:03:05,Synthetic Region,Synthetic defensive observation representing a social-engineering-related risk.,Initial Access,Phishing,
THR-2026-0369,2026-10-01 09:03:05,Synthetic Malicious File Pattern,MALWARE,IP ADDRESS,192.0.2.116,Public Threat Feed,B,46,HIGH,63.4,MONITORING,2026-07-01 09:03:05,2026-07-29 23:03:05,Demo Region A,Synthetic defensive observation representing a suspicious file or malware-related indicator.,Execution,User Execution,
THR-2026-0370,2026-10-01 09:03:05,Synthetic Network Infrastructure,NETWORK THREATS,DOMAIN,security-alert-370.invalid,Public Threat Feed,B,83,MEDIUM,63.2,NEW,2026-06-24 09:03:05,2026-07-17 00:03:05,Demo Region B,Synthetic defensive observation representing a network-related security risk.,Command and Control,Application Layer Protocol,
THR-2026-0371,2026-10-01 09:03:05,Ransomware Awareness Simulation,RANSOMWARE,CVE ID,CVE-2022-1371,Internal SOC,A,45,CRITICAL,75.0,CLOSED,2026-06-16 09:03:05,2026-07-16 03:03:05,Not Available,Synthetic defensive observation representing a ransomware-related risk pattern.,Impact,Data Encrypted for Impact,CVE-2022-1371
THR-2026-0372,2026-10-01 09:03:05,File Encryption Threat Pattern,RANSOMWARE,EMAIL/SENDER DOMAIN,sender-372.invalid,Community Submission,C,70,MEDIUM,58.0,CLOSED,2026-09-23 09:03:05,2026-10-21 06:03:05,Synthetic Region,Synthetic defensive observation representing a ransomware-related risk pattern.,Impact,Data Encrypted for Impact,
THR-2026-0373,2026-10-01 09:03:05,Suspicious File Hash Observation,MALWARE,FILE HASH,a358a050d4d5cd9b9d431105c11a0d046ebe047db5e66a018872086a8680dcd4,Internal SOC,A,65,INFORMATIONAL,32.0,FALSE_POSITIVE,2026-04-10 09:03:05,2026-04-27 08:03:05,Demo Region C,Synthetic defensive observation representing a suspicious file or malware-related indicator.,Execution,User Execution,
THR-2026-0374,2026-10-01 09:03:05,Synthetic Information Exposure,DATA EXPOSURE,CVE ID,CVE-2026-1374,Research Report,B,56,LOW,37.4,FALSE_POSITIVE,2026-07-04 09:03:05,2026-07-26 06:03:05,Demo Region B,Synthetic defensive observation representing a possible data exposure concern.,Collection,Data from Information Repositories,CVE-2026-1374
THR-2026-0375,2026-10-01 09:03:05,Synthetic Account Security Event,ACCOUNT SECURITY,IP ADDRESS,192.0.2.122,Community Submission,C,45,MEDIUM,48.0,CLOSED,2026-06-02 09:03:05,2026-06-30 00:03:05,Demo Region A,Synthetic defensive observation representing an account-security-related risk.,Credential Access,Valid Accounts,
THR-2026-0376,2026-10-01 09:03:05,Synthetic Network Infrastructure,NETWORK THREATS,DOMAIN,service-notice-376.invalid,Community Submission,C,31,CRITICAL,69.4,UNDER_REVIEW,2026-08-04 09:03:05,2026-08-22 05:03:05,Synthetic Region,Synthetic defensive observation representing a network-related security risk.,Command and Control,Application Layer Protocol,
THR-2026-0377,2026-10-01 09:03:05,Endpoint Malware Indicator Cluster,MALWARE,FILE HASH,695852f89206908b05945f5acaf2ca6a6aee78e27a2e14e5bf7e0457ec4eb326,Research Report,B,36,MEDIUM,44.4,NEW,2026-06-08 09:03:05,2026-06-18 12:03:05,Demo Region A,Synthetic defensive observation representing a suspicious file or malware-related indicator.,Execution,User Execution,
THR-2026-0378,2026-10-01 09:03:05,Unpatched Software Awareness Record,VULNERABILITY EXPOSURE,FILE HASH,d695bd8f8d5070357744b31f1be7e492bdcacba40531393681f780c8442681ee,Community Submission,C,36,MEDIUM,44.4,MONITORING,2026-04-25 09:03:05,2026-05-15 18:03:05,Synthetic Region,Synthetic defensive observation representing potential vulnerability exposure.,Initial Access,User Execution,
THR-2026-0379,2026-10-01 09:03:05,Network Communication Anomaly,NETWORK THREATS,IP ADDRESS,192.0.2.126,Community Submission,C,67,HIGH,71.8,NEW,2026-04-25 09:03:05,2026-05-15 00:03:05,Synthetic Region,Synthetic defensive observation representing a network-related security risk.,Command and Control,Application Layer Protocol,
THR-2026-0380,2026-10-01 09:03:05,Synthetic Malicious File Pattern,MALWARE,CVE ID,CVE-2023-1380,Unknown Source,D,70,INFORMATIONAL,34.0,NEW,2026-07-18 09:03:05,2026-08-05 01:03:05,Demo Region A,Synthetic defensive observation representing a suspicious file or malware-related indicator.,Execution,User Execution,CVE-2023-1380
THR-2026-0381,2026-10-01 09:03:05,File Encryption Threat Pattern,RANSOMWARE,FILE HASH,de048b651f75d284891b905ace986187f63ec21ee75ed63bce8efc1969122687,Internal SOC,A,77,HIGH,75.8,CLOSED,2026-07-27 09:03:05,2026-08-15 15:03:05,Demo Region A,Synthetic defensive observation representing a ransomware-related risk pattern.,Impact,Data Encrypted for Impact,
THR-2026-0382,2026-10-01 09:03:05,Credential Exposure Indicator,CREDENTIAL THREATS,FILE HASH,8f9cfecfd2c3365e6bca5b65958efde786d98ca211115e7f3bc5bf675ca4a92c,Internal SOC,A,68,LOW,42.2,CLOSED,2026-06-16 09:03:05,2026-06-18 05:03:05,Synthetic Region,Synthetic defensive observation representing a credential-related security risk.,Credential Access,Valid Accounts,
THR-2026-0383,2026-10-01 09:03:05,Account Protection Alert,ACCOUNT SECURITY,EMAIL/SENDER DOMAIN,sender-383.invalid,Internal SOC,A,88,LOW,50.2,CLOSED,2026-05-18 09:03:05,2026-06-10 10:03:05,Not Available,Synthetic defensive observation representing an account-security-related risk.,Credential Access,Valid Accounts,
THR-2026-0384,2026-10-01 09:03:05,Sensitive Data Protection Alert,DATA EXPOSURE,DOMAIN,account-support-384.invalid,Internal SOC,A,41,LOW,31.4,CLOSED,2026-06-23 09:03:05,2026-07-15 04:03:05,Not Available,Synthetic defensive observation representing a possible data exposure concern.,Collection,Data from Information Repositories,
THR-2026-0385,2026-10-01 09:03:05,Synthetic Vulnerability Observation,VULNERABILITY EXPOSURE,EMAIL/SENDER DOMAIN,sender-385.invalid,Public Threat Feed,B,56,HIGH,67.4,UNDER_REVIEW,2026-06-21 09:03:05,2026-07-21 19:03:05,Synthetic Region,Synthetic defensive observation representing potential vulnerability exposure.,Initial Access,User Execution,
THR-2026-0386,2026-10-01 09:03:05,File Encryption Threat Pattern,RANSOMWARE,FILE HASH,599451e5b7438e663c1e5456b3e72b5936ff7444b0773cb23cf848be0f59e370,Public Threat Feed,B,90,HIGH,81.0,NEW,2026-04-04 09:03:05,2026-04-21 19:03:05,Demo Region B,Synthetic defensive observation representing a ransomware-related risk pattern.,Impact,Data Encrypted for Impact,
THR-2026-0387,2026-10-01 09:03:05,Authentication Risk Observation,ACCOUNT SECURITY,CVE ID,CVE-2024-1387,Unknown Source,D,41,HIGH,61.4,MONITORING,2026-04-17 09:03:05,2026-05-17 14:03:05,Demo Region A,Synthetic defensive observation representing an account-security-related risk.,Credential Access,Valid Accounts,CVE-2024-1387
THR-2026-0388,2026-10-01 09:03:05,Synthetic Data Exposure Observation,DATA EXPOSURE,FILE HASH,3718e84f03baf6355422859bdc7e064ae0910faea02af6a09e2e9efdc96ef30f,Unknown Source,D,78,CRITICAL,88.2,NEW,2026-05-17 09:03:05,2026-05-26 22:03:05,Not Available,Synthetic defensive observation representing a possible data exposure concern.,Collection,Data from Information Repositories,
THR-2026-0389,2026-10-01 09:03:05,Synthetic Login Impersonation Campaign,PHISHING,FILE HASH,29e27cf0461742904fbeee5a36a24017257703a99455d67ddd52c9430e516f9d,Public Threat Feed,B,50,MEDIUM,50.0,NEW,2026-08-20 09:03:05,2026-08-30 06:03:05,Demo Region B,Synthetic defensive observation representing a possible phishing-related indicator.,Initial Access,Phishing,
THR-2026-0390,2026-10-01 09:03:05,Synthetic Web Threat Cluster,WEB THREATS,DOMAIN,system-alert-390.invalid,Internal SOC,A,82,INFORMATIONAL,38.8,CLOSED,2026-04-26 09:03:05,2026-05-24 06:03:05,Not Available,Synthetic defensive observation representing a suspicious web-related indicator.,Initial Access,Phishing,
THR-2026-0391,2026-10-01 09:03:05,Credential Abuse Observation,CREDENTIAL THREATS,EMAIL/SENDER DOMAIN,sender-391.invalid,Unknown Source,D,61,HIGH,69.4,MONITORING,2026-04-13 09:03:05,2026-04-14 21:03:05,Synthetic Region,Synthetic defensive observation representing a credential-related security risk.,Credential Access,Valid Accounts,
THR-2026-0392,2026-10-01 09:03:05,Sensitive Data Protection Alert,DATA EXPOSURE,IP ADDRESS,192.0.2.139,Community Submission,C,50,HIGH,65.0,FALSE_POSITIVE,2026-06-09 09:03:05,2026-07-05 16:03:05,Not Available,Synthetic defensive observation representing a possible data exposure concern.,Collection,Data from Information Repositories,
THR-2026-0393,2026-10-01 09:03:05,Suspicious Account Activity,ACCOUNT SECURITY,DOMAIN,mail-protection-393.invalid,Unknown Source,D,47,LOW,33.8,NEW,2026-09-11 09:03:05,2026-09-16 14:03:05,Synthetic Region,Synthetic defensive observation representing an account-security-related risk.,Credential Access,Valid Accounts,
THR-2026-0394,2026-10-01 09:03:05,Unpatched Software Awareness Record,VULNERABILITY EXPOSURE,URL,https://system-alert-394.invalid/security/notice,Internal SOC,A,57,LOW,37.8,UNDER_REVIEW,2026-07-08 09:03:05,2026-07-23 07:03:05,Demo Region A,Synthetic defensive observation representing potential vulnerability exposure.,Initial Access,User Execution,
THR-2026-0395,2026-10-01 09:03:05,Synthetic Network Threat Observation,NETWORK THREATS,EMAIL/SENDER DOMAIN,sender-395.invalid,Research Report,B,63,INFORMATIONAL,31.2,FALSE_POSITIVE,2026-05-07 09:03:05,2026-05-24 20:03:05,Demo Region C,Synthetic defensive observation representing a network-related security risk.,Command and Control,Application Layer Protocol,
THR-2026-0396,2026-10-01 09:03:05,Credential Abuse Observation,CREDENTIAL THREATS,DOMAIN,system-alert-396.invalid,Security Vendor,A,89,INFORMATIONAL,41.6,MONITORING,2026-06-16 09:03:05,2026-07-04 02:03:05,Demo Region A,Synthetic defensive observation representing a credential-related security risk.,Credential Access,Valid Accounts,
THR-2026-0397,2026-10-01 09:03:05,Credential Exposure Indicator,CREDENTIAL THREATS,DOMAIN,service-notice-397.invalid,Security Vendor,A,62,MEDIUM,54.8,MONITORING,2026-04-25 09:03:05,2026-05-12 00:03:05,Demo Region A,Synthetic defensive observation representing a credential-related security risk.,Credential Access,Valid Accounts,
THR-2026-0398,2026-10-01 09:03:05,Synthetic Human-Factor Threat,SOCIAL ENGINEERING,DOMAIN,account-support-398.invalid,Internal SOC,A,56,HIGH,67.4,CLOSED,2026-04-09 09:03:05,2026-05-07 19:03:05,Demo Region A,Synthetic defensive observation representing a social-engineering-related risk.,Initial Access,Phishing,
THR-2026-0399,2026-10-01 09:03:05,Suspicious Web Resource Pattern,WEB THREATS,EMAIL/SENDER DOMAIN,sender-399.invalid,Community Submission,C,28,HIGH,56.2,NEW,2026-06-27 09:03:05,2026-07-14 01:03:05,Synthetic Region,Synthetic defensive observation representing a suspicious web-related indicator.,Initial Access,Phishing,
THR-2026-0400,2026-10-01 09:03:05,Suspicious Web Infrastructure,WEB THREATS,CVE ID,CVE-2023-1400,Internal SOC,A,35,LOW,29.0,UNDER_REVIEW,2026-08-19 09:03:05,2026-09-19 02:03:05,Demo Region A,Synthetic defensive observation representing a suspicious web-related indicator.,Initial Access,Phishing,CVE-2023-1400
THR-2026-0401,2026-10-01 09:03:05,Credential Abuse Observation,CREDENTIAL THREATS,CVE ID,CVE-2025-1401,Community Submission,C,51,HIGH,65.4,UNDER_REVIEW,2026-04-04 09:03:05,2026-05-03 08:03:05,Demo Region A,Synthetic defensive observation representing a credential-related security risk.,Credential Access,Valid Accounts,CVE-2025-1401
THR-2026-0402,2026-10-01 09:03:05,Synthetic Credential Phishing Campaign,PHISHING,FILE HASH,400ee8a5e8cd1266c615f25aae6001d1aa916a97719a9cf05ae86ed0cbd39e0b,Internal SOC,A,34,INFORMATIONAL,19.6,UNDER_REVIEW,2026-08-16 09:03:05,2026-09-10 17:03:05,Not Available,Synthetic defensive observation representing a possible phishing-related indicator.,Initial Access,Phishing,
THR-2026-0403,2026-10-01 09:03:05,Suspicious Web Infrastructure,WEB THREATS,FILE HASH,0a3777f922beba491b3b288ace1900ea86daf6ecefeb8ec461b7098f3b3d31bf,Public Threat Feed,B,80,MEDIUM,62.0,NEW,2026-09-26 09:03:05,2026-10-09 06:03:05,Not Available,Synthetic defensive observation representing a suspicious web-related indicator.,Initial Access,Phishing,
THR-2026-0404,2026-10-01 09:03:05,Authentication Risk Observation,ACCOUNT SECURITY,IP ADDRESS,203.0.113.151,Public Threat Feed,B,34,MEDIUM,43.6,NEW,2026-05-25 09:03:05,2026-05-28 18:03:05,Not Available,Synthetic defensive observation representing an account-security-related risk.,Credential Access,Valid Accounts,
THR-2026-0405,2026-10-01 09:03:05,Synthetic Web Threat Cluster,WEB THREATS,FILE HASH,928a79d1e360d7662a753123598303226eeb8aea5e11e1255d33de15d04464b6,Research Report,B,28,HIGH,56.2,FALSE_POSITIVE,2026-08-21 09:03:05,2026-09-07 16:03:05,Synthetic Region,Synthetic defensive observation representing a suspicious web-related indicator.,Initial Access,Phishing,
THR-2026-0406,2026-10-01 09:03:05,Synthetic Web Threat Cluster,WEB THREATS,CVE ID,CVE-2023-1406,Internal SOC,A,72,LOW,43.8,NEW,2026-05-12 09:03:05,2026-06-09 02:03:05,Demo Region A,Synthetic defensive observation representing a suspicious web-related indicator.,Initial Access,Phishing,CVE-2023-1406
THR-2026-0407,2026-10-01 09:03:05,Synthetic Login Impersonation Campaign,PHISHING,EMAIL/SENDER DOMAIN,sender-407.invalid,Community Submission,C,93,MEDIUM,67.2,CLOSED,2026-09-09 09:03:05,2026-09-18 15:03:05,Demo Region B,Synthetic defensive observation representing a possible phishing-related indicator.,Initial Access,Phishing,
THR-2026-0408,2026-10-01 09:03:05,Synthetic Data Exposure Observation,DATA EXPOSURE,DOMAIN,account-verify-408.invalid,Security Vendor,A,57,LOW,37.8,CLOSED,2026-09-01 09:03:05,2026-09-07 06:03:05,Not Available,Synthetic defensive observation representing a possible data exposure concern.,Collection,Data from Information Repositories,
THR-2026-0409,2026-10-01 09:03:05,Synthetic Information Exposure,DATA EXPOSURE,IP ADDRESS,198.51.100.156,Internal SOC,A,57,MEDIUM,52.8,MONITORING,2026-08-11 09:03:05,2026-09-04 03:03:05,Demo Region C,Synthetic defensive observation representing a possible data exposure concern.,Collection,Data from Information Repositories,
THR-2026-0410,2026-10-01 09:03:05,Synthetic Ransomware Infrastructure,RANSOMWARE,CVE ID,CVE-2023-1410,Security Vendor,A,33,LOW,28.2,MONITORING,2026-07-11 09:03:05,2026-07-26 23:03:05,Not Available,Synthetic defensive observation representing a ransomware-related risk pattern.,Impact,Data Encrypted for Impact,CVE-2023-1410
THR-2026-0411,2026-10-01 09:03:05,Synthetic Account Security Event,ACCOUNT SECURITY,DOMAIN,account-support-411.invalid,Research Report,B,65,MEDIUM,56.0,CLOSED,2026-08-18 09:03:05,2026-08-18 19:03:05,Demo Region B,Synthetic defensive observation representing an account-security-related risk.,Credential Access,Valid Accounts,
THR-2026-0412,2026-10-01 09:03:05,Suspicious Web Resource Pattern,WEB THREATS,URL,https://account-verify-412.invalid/review,Research Report,B,86,HIGH,79.4,NEW,2026-06-08 09:03:05,2026-06-19 18:03:05,Not Available,Synthetic defensive observation representing a suspicious web-related indicator.,Initial Access,Phishing,
THR-2026-0413,2026-10-01 09:03:05,Synthetic Ransomware Indicator Cluster,RANSOMWARE,CVE ID,CVE-2026-1413,Security Vendor,A,60,LOW,39.0,NEW,2026-05-16 09:03:05,2026-05-22 17:03:05,Demo Region A,Synthetic defensive observation representing a ransomware-related risk pattern.,Impact,Data Encrypted for Impact,CVE-2026-1413
THR-2026-0414,2026-10-01 09:03:05,Sensitive Data Protection Alert,DATA EXPOSURE,CVE ID,CVE-2022-1414,Community Submission,C,76,HIGH,75.4,FALSE_POSITIVE,2026-08-07 09:03:05,2026-09-05 10:03:05,Not Available,Synthetic defensive observation representing a possible data exposure concern.,Collection,Data from Information Repositories,CVE-2022-1414
THR-2026-0415,2026-10-01 09:03:05,Synthetic Social Engineering Campaign,SOCIAL ENGINEERING,CVE ID,CVE-2023-1415,Community Submission,C,53,MEDIUM,51.2,MONITORING,2026-07-18 09:03:05,2026-07-22 23:03:05,Synthetic Region,Synthetic defensive observation representing a social-engineering-related risk.,Initial Access,Phishing,CVE-2023-1415
THR-2026-0416,2026-10-01 09:03:05,Potential Data Exposure Pattern,DATA EXPOSURE,IP ADDRESS,203.0.113.163,Community Submission,C,46,LOW,33.4,FALSE_POSITIVE,2026-08-26 09:03:05,2026-09-09 14:03:05,Not Available,Synthetic defensive observation representing a possible data exposure concern.,Collection,Data from Information Repositories,
THR-2026-0417,2026-10-01 09:03:05,Synthetic Ransomware Infrastructure,RANSOMWARE,CVE ID,CVE-2025-1417,Security Vendor,A,30,CRITICAL,69.0,UNDER_REVIEW,2026-05-29 09:03:05,2026-06-05 11:03:05,Demo Region C,Synthetic defensive observation representing a ransomware-related risk pattern.,Impact,Data Encrypted for Impact,CVE-2025-1417
THR-2026-0418,2026-10-01 09:03:05,Synthetic Credential Phishing Campaign,PHISHING,CVE ID,CVE-2023-1418,Research Report,B,71,MEDIUM,58.4,MONITORING,2026-06-02 09:03:05,2026-07-01 23:03:05,Demo Region A,Synthetic defensive observation representing a possible phishing-related indicator.,Initial Access,Phishing,CVE-2023-1418
THR-2026-0419,2026-10-01 09:03:05,Suspicious File Hash Observation,MALWARE,CVE ID,CVE-2026-1419,Unknown Source,D,60,MEDIUM,54.0,CLOSED,2026-07-25 09:03:05,2026-08-13 02:03:05,Synthetic Region,Synthetic defensive observation representing a suspicious file or malware-related indicator.,Execution,User Execution,CVE-2026-1419
THR-2026-0420,2026-10-01 09:03:05,Synthetic Network Infrastructure,NETWORK THREATS,EMAIL/SENDER DOMAIN,sender-420.invalid,Community Submission,C,34,MEDIUM,43.6,MONITORING,2026-07-28 09:03:05,2026-08-09 16:03:05,Demo Region C,Synthetic defensive observation representing a network-related security risk.,Command and Control,Application Layer Protocol,
THR-2026-0421,2026-10-01 09:03:05,Social Engineering Risk Pattern,SOCIAL ENGINEERING,FILE HASH,ec1d1bd63a8990579ae5dcbde8754715ca4f4129359e489b57d1d7eec0d05c5c,Research Report,B,42,INFORMATIONAL,22.8,UNDER_REVIEW,2026-08-19 09:03:05,2026-08-26 11:03:05,Demo Region B,Synthetic defensive observation representing a social-engineering-related risk.,Initial Access,Phishing,
THR-2026-0422,2026-10-01 09:03:05,Synthetic Ransomware Indicator Cluster,RANSOMWARE,DOMAIN,service-notice-422.invalid,Unknown Source,D,40,MEDIUM,46.0,CLOSED,2026-08-03 09:03:05,2026-08-16 19:03:05,Synthetic Region,Synthetic defensive observation representing a ransomware-related risk pattern.,Impact,Data Encrypted for Impact,
THR-2026-0423,2026-10-01 09:03:05,Impersonation Activity Observation,SOCIAL ENGINEERING,DOMAIN,account-support-423.invalid,Internal SOC,A,77,LOW,45.8,FALSE_POSITIVE,2026-07-30 09:03:05,2026-07-31 13:03:05,Demo Region B,Synthetic defensive observation representing a social-engineering-related risk.,Initial Access,Phishing,
THR-2026-0424,2026-10-01 09:03:05,Synthetic Credential Phishing Campaign,PHISHING,EMAIL/SENDER DOMAIN,sender-424.invalid,Public Threat Feed,B,46,LOW,33.4,NEW,2026-08-15 09:03:05,2026-08-31 21:03:05,Demo Region C,Synthetic defensive observation representing a possible phishing-related indicator.,Initial Access,Phishing,
THR-2026-0425,2026-10-01 09:03:05,Synthetic Account Credential Threat,CREDENTIAL THREATS,FILE HASH,9f059c5dd67f67532e8340ba77e0783afff764190835d8d4883f76aca046e25c,Security Vendor,A,86,MEDIUM,64.4,UNDER_REVIEW,2026-08-05 09:03:05,2026-08-31 22:03:05,Not Available,Synthetic defensive observation representing a credential-related security risk.,Credential Access,Valid Accounts,
THR-2026-0426,2026-10-01 09:03:05,Synthetic Account Security Event,ACCOUNT SECURITY,CVE ID,CVE-2026-1426,Research Report,B,68,LOW,42.2,CLOSED,2026-05-01 09:03:05,2026-05-19 11:03:05,Synthetic Region,Synthetic defensive observation representing an account-security-related risk.,Credential Access,Valid Accounts,CVE-2026-1426
THR-2026-0427,2026-10-01 09:03:05,Synthetic Ransomware Indicator Cluster,RANSOMWARE,IP ADDRESS,192.0.2.174,Unknown Source,D,89,LOW,50.6,CLOSED,2026-06-15 09:03:05,2026-07-11 13:03:05,Demo Region B,Synthetic defensive observation representing a ransomware-related risk pattern.,Impact,Data Encrypted for Impact,
THR-2026-0428,2026-10-01 09:03:05,Synthetic Account Security Event,ACCOUNT SECURITY,EMAIL/SENDER DOMAIN,sender-428.invalid,Community Submission,C,93,INFORMATIONAL,43.2,FALSE_POSITIVE,2026-08-31 09:03:05,2026-09-03 00:03:05,Not Available,Synthetic defensive observation representing an account-security-related risk.,Credential Access,Valid Accounts,
THR-2026-0429,2026-10-01 09:03:05,Fake Account Verification Activity,PHISHING,CVE ID,CVE-2025-1429,Internal SOC,A,72,MEDIUM,58.8,CLOSED,2026-04-05 09:03:05,2026-04-21 22:03:05,Synthetic Region,Synthetic defensive observation representing a possible phishing-related indicator.,Initial Access,Phishing,CVE-2025-1429
THR-2026-0430,2026-10-01 09:03:05,Synthetic Network Infrastructure,NETWORK THREATS,EMAIL/SENDER DOMAIN,sender-430.invalid,Internal SOC,A,98,HIGH,84.2,NEW,2026-06-14 09:03:05,2026-06-18 17:03:05,Demo Region B,Synthetic defensive observation representing a network-related security risk.,Command and Control,Application Layer Protocol,
THR-2026-0431,2026-10-01 09:03:05,Suspicious Web Infrastructure,WEB THREATS,EMAIL/SENDER DOMAIN,sender-431.invalid,Public Threat Feed,B,77,HIGH,75.8,FALSE_POSITIVE,2026-08-13 09:03:05,2026-08-14 07:03:05,Not Available,Synthetic defensive observation representing a suspicious web-related indicator.,Initial Access,Phishing,
THR-2026-0432,2026-10-01 09:03:05,Synthetic Malware Indicator Cluster,MALWARE,EMAIL/SENDER DOMAIN,sender-432.invalid,Unknown Source,D,51,INFORMATIONAL,26.4,CLOSED,2026-07-12 09:03:05,2026-07-25 20:03:05,Demo Region B,Synthetic defensive observation representing a suspicious file or malware-related indicator.,Execution,User Execution,
THR-2026-0433,2026-10-01 09:03:05,Synthetic Account Security Event,ACCOUNT SECURITY,URL,https://identity-check-433.invalid/identity/verify,Community Submission,C,71,MEDIUM,58.4,FALSE_POSITIVE,2026-07-22 09:03:05,2026-08-12 21:03:05,Synthetic Region,Synthetic defensive observation representing an account-security-related risk.,Credential Access,Valid Accounts,
THR-2026-0434,2026-10-01 09:03:05,Synthetic Information Exposure,DATA EXPOSURE,FILE HASH,b1f7d542116b36ebaa0309db0e6c1b31a5f3ac04f9da6e19afa2dbe9213f398d,Public Threat Feed,B,86,MEDIUM,64.4,NEW,2026-07-14 09:03:05,2026-08-01 20:03:05,Demo Region B,Synthetic defensive observation representing a possible data exposure concern.,Collection,Data from Information Repositories,
THR-2026-0435,2026-10-01 09:03:05,Credential Exposure Indicator,CREDENTIAL THREATS,FILE HASH,95e8f0e2b078a2635c6ae170530f4e464124fce3e810aca752293d5594a3faad,Security Vendor,A,37,CRITICAL,71.8,CLOSED,2026-05-23 09:03:05,2026-06-04 19:03:05,Demo Region B,Synthetic defensive observation representing a credential-related security risk.,Credential Access,Valid Accounts,
THR-2026-0436,2026-10-01 09:03:05,Synthetic Login Impersonation Campaign,PHISHING,IP ADDRESS,192.0.2.183,Internal SOC,A,80,MEDIUM,62.0,FALSE_POSITIVE,2026-09-14 09:03:05,2026-09-22 16:03:05,Demo Region A,Synthetic defensive observation representing a possible phishing-related indicator.,Initial Access,Phishing,
THR-2026-0437,2026-10-01 09:03:05,Synthetic Credential Phishing Campaign,PHISHING,CVE ID,CVE-2025-1437,Community Submission,C,76,CRITICAL,87.4,MONITORING,2026-04-16 09:03:05,2026-05-02 18:03:05,Demo Region B,Synthetic defensive observation representing a possible phishing-related indicator.,Initial Access,Phishing,CVE-2025-1437
THR-2026-0438,2026-10-01 09:03:05,Impersonation Activity Observation,SOCIAL ENGINEERING,FILE HASH,81f992fd31e1c7f99b5a237aed0f142309a6a321bd5507cf16b3de19ae16dacc,Public Threat Feed,B,91,HIGH,81.4,NEW,2026-08-12 09:03:05,2026-08-14 04:03:05,Not Available,Synthetic defensive observation representing a social-engineering-related risk.,Initial Access,Phishing,
THR-2026-0439,2026-10-01 09:03:05,Synthetic Login Impersonation Campaign,PHISHING,URL,https://mail-protection-439.invalid/review,Internal SOC,A,45,INFORMATIONAL,24.0,CLOSED,2026-07-22 09:03:05,2026-08-15 21:03:05,Synthetic Region,Synthetic defensive observation representing a possible phishing-related indicator.,Initial Access,Phishing,
THR-2026-0440,2026-10-01 09:03:05,Authentication Risk Observation,ACCOUNT SECURITY,DOMAIN,system-alert-440.invalid,Internal SOC,A,33,INFORMATIONAL,19.2,MONITORING,2026-05-13 09:03:05,2026-05-23 08:03:05,Demo Region C,Synthetic defensive observation representing an account-security-related risk.,Credential Access,Valid Accounts,
THR-2026-0441,2026-10-01 09:03:05,Synthetic Account Credential Threat,CREDENTIAL THREATS,EMAIL/SENDER DOMAIN,sender-441.invalid,Research Report,B,83,CRITICAL,90.2,MONITORING,2026-05-06 09:03:05,2026-05-06 17:03:05,Synthetic Region,Synthetic defensive observation representing a credential-related security risk.,Credential Access,Valid Accounts,
THR-2026-0442,2026-10-01 09:03:05,Synthetic Malicious File Pattern,MALWARE,EMAIL/SENDER DOMAIN,sender-442.invalid,Public Threat Feed,B,62,INFORMATIONAL,30.8,FALSE_POSITIVE,2026-09-01 09:03:05,2026-09-27 01:03:05,Not Available,Synthetic defensive observation representing a suspicious file or malware-related indicator.,Execution,User Execution,
THR-2026-0443,2026-10-01 09:03:05,Suspicious Web Resource Pattern,WEB THREATS,CVE ID,CVE-2025-1443,Research Report,B,97,CRITICAL,95.8,MONITORING,2026-07-30 09:03:05,2026-08-23 19:03:05,Synthetic Region,Synthetic defensive observation representing a suspicious web-related indicator.,Initial Access,Phishing,CVE-2025-1443
THR-2026-0444,2026-10-01 09:03:05,Suspicious Credential Collection Pattern,PHISHING,FILE HASH,0713e81d1b22c08e0c4f8db209a22a40b31dd33c9c74eca36168403c16358225,Unknown Source,D,53,INFORMATIONAL,27.2,FALSE_POSITIVE,2026-04-04 09:03:05,2026-04-11 19:03:05,Demo Region C,Synthetic defensive observation representing a possible phishing-related indicator.,Initial Access,Phishing,
THR-2026-0445,2026-10-01 09:03:05,Sensitive Data Protection Alert,DATA EXPOSURE,IP ADDRESS,203.0.113.192,Public Threat Feed,B,56,HIGH,67.4,FALSE_POSITIVE,2026-09-07 09:03:05,2026-09-20 06:03:05,Demo Region A,Synthetic defensive observation representing a possible data exposure concern.,Collection,Data from Information Repositories,
THR-2026-0446,2026-10-01 09:03:05,File Encryption Threat Pattern,RANSOMWARE,FILE HASH,f4bea3c976f5d12e895c05faacb25fb61cee35869d5d1df247eafccb9bd4aad2,Public Threat Feed,B,98,LOW,54.2,UNDER_REVIEW,2026-08-15 09:03:05,2026-09-15 08:03:05,Synthetic Region,Synthetic defensive observation representing a ransomware-related risk pattern.,Impact,Data Encrypted for Impact,
THR-2026-0447,2026-10-01 09:03:05,Suspicious Authentication Pattern,CREDENTIAL THREATS,CVE ID,CVE-2023-1447,Security Vendor,A,51,HIGH,65.4,NEW,2026-08-10 09:03:05,2026-09-05 16:03:05,Demo Region B,Synthetic defensive observation representing a credential-related security risk.,Credential Access,Valid Accounts,CVE-2023-1447
THR-2026-0448,2026-10-01 09:03:05,Synthetic Malware Indicator Cluster,MALWARE,IP ADDRESS,203.0.113.195,Community Submission,C,88,CRITICAL,92.2,UNDER_REVIEW,2026-09-29 09:03:05,2026-10-24 02:03:05,Synthetic Region,Synthetic defensive observation representing a suspicious file or malware-related indicator.,Execution,User Execution,
THR-2026-0449,2026-10-01 09:03:05,Synthetic Account Security Event,ACCOUNT SECURITY,URL,https://credential-review-449.invalid/identity/verify,Security Vendor,A,87,HIGH,79.8,UNDER_REVIEW,2026-05-23 09:03:05,2026-05-31 21:03:05,Not Available,Synthetic defensive observation representing an account-security-related risk.,Credential Access,Valid Accounts,
THR-2026-0450,2026-10-01 09:03:05,Suspicious Credential Collection Pattern,PHISHING,EMAIL/SENDER DOMAIN,sender-450.invalid,Community Submission,C,86,HIGH,79.4,CLOSED,2026-09-22 09:03:05,2026-10-08 20:03:05,Demo Region B,Synthetic defensive observation representing a possible phishing-related indicator.,Initial Access,Phishing,
THR-2026-0451,2026-10-01 09:03:05,Synthetic Malware Indicator Cluster,MALWARE,CVE ID,CVE-2026-1451,Internal SOC,A,26,MEDIUM,40.4,MONITORING,2026-04-11 09:03:05,2026-04-17 21:03:05,Demo Region C,Synthetic defensive observation representing a suspicious file or malware-related indicator.,Execution,User Execution,CVE-2026-1451
THR-2026-0452,2026-10-01 09:03:05,Synthetic Account Security Event,ACCOUNT SECURITY,URL,https://account-verify-452.invalid/identity/verify,Research Report,B,59,LOW,38.6,CLOSED,2026-04-27 09:03:05,2026-05-07 20:03:05,Synthetic Region,Synthetic defensive observation representing an account-security-related risk.,Credential Access,Valid Accounts,
THR-2026-0453,2026-10-01 09:03:05,Synthetic Account Credential Threat,CREDENTIAL THREATS,FILE HASH,e7a5f4a0e646ce3ef152074c1c5ca5247abe1c602cdc07e16aca4e813cc750c1,Public Threat Feed,B,76,MEDIUM,60.4,UNDER_REVIEW,2026-06-07 09:03:05,2026-06-13 03:03:05,Not Available,Synthetic defensive observation representing a credential-related security risk.,Credential Access,Valid Accounts,
THR-2026-0454,2026-10-01 09:03:05,Suspicious File Hash Observation,MALWARE,CVE ID,CVE-2024-1454,Research Report,B,96,HIGH,83.4,NEW,2026-06-25 09:03:05,2026-07-01 13:03:05,Synthetic Region,Synthetic defensive observation representing a suspicious file or malware-related indicator.,Execution,User Execution,CVE-2024-1454
THR-2026-0455,2026-10-01 09:03:05,Synthetic Ransomware Infrastructure,RANSOMWARE,FILE HASH,c419e947c861c401a8581810d7e8b5dc992373710ca9a846847f1f67cdc13d74,Community Submission,C,91,CRITICAL,93.4,MONITORING,2026-07-12 09:03:05,2026-08-07 00:03:05,Demo Region C,Synthetic defensive observation representing a ransomware-related risk pattern.,Impact,Data Encrypted for Impact,
THR-2026-0456,2026-10-01 09:03:05,Account Protection Alert,ACCOUNT SECURITY,IP ADDRESS,198.51.100.203,Internal SOC,A,45,LOW,33.0,CLOSED,2026-08-06 09:03:05,2026-09-01 17:03:05,Demo Region A,Synthetic defensive observation representing an account-security-related risk.,Credential Access,Valid Accounts,
THR-2026-0457,2026-10-01 09:03:05,Network Communication Anomaly,NETWORK THREATS,URL,https://service-notice-457.invalid/security/notice,Public Threat Feed,B,57,MEDIUM,52.8,UNDER_REVIEW,2026-09-25 09:03:05,2026-10-08 12:03:05,Not Available,Synthetic defensive observation representing a network-related security risk.,Command and Control,Application Layer Protocol,
THR-2026-0458,2026-10-01 09:03:05,Account Protection Alert,ACCOUNT SECURITY,EMAIL/SENDER DOMAIN,sender-458.invalid,Security Vendor,A,93,MEDIUM,67.2,NEW,2026-07-20 09:03:05,2026-07-31 19:03:05,Synthetic Region,Synthetic defensive observation representing an account-security-related risk.,Credential Access,Valid Accounts,
THR-2026-0459,2026-10-01 09:03:05,Vulnerability Risk Assessment,VULNERABILITY EXPOSURE,EMAIL/SENDER DOMAIN,sender-459.invalid,Security Vendor,A,43,LOW,32.2,FALSE_POSITIVE,2026-04-20 09:03:05,2026-05-15 19:03:05,Not Available,Synthetic defensive observation representing potential vulnerability exposure.,Initial Access,User Execution,
THR-2026-0460,2026-10-01 09:03:05,Synthetic Vulnerability Observation,VULNERABILITY EXPOSURE,IP ADDRESS,192.0.2.207,Public Threat Feed,B,54,LOW,36.6,CLOSED,2026-07-11 09:03:05,2026-07-31 18:03:05,Not Available,Synthetic defensive observation representing potential vulnerability exposure.,Initial Access,User Execution,
THR-2026-0461,2026-10-01 09:03:05,Suspicious Web Infrastructure,WEB THREATS,FILE HASH,96858508189eb541d541645e3aa161b78a6226d41b815a97cd60ed5b926300c5,Research Report,B,91,CRITICAL,93.4,MONITORING,2026-06-17 09:03:05,2026-06-22 14:03:05,Demo Region B,Synthetic defensive observation representing a suspicious web-related indicator.,Initial Access,Phishing,
THR-2026-0462,2026-10-01 09:03:05,Credential Exposure Indicator,CREDENTIAL THREATS,CVE ID,CVE-2024-1462,Security Vendor,A,35,CRITICAL,71.0,CLOSED,2026-08-19 09:03:05,2026-08-31 12:03:05,Demo Region A,Synthetic defensive observation representing a credential-related security risk.,Credential Access,Valid Accounts,CVE-2024-1462
THR-2026-0463,2026-10-01 09:03:05,Potential Data Exposure Pattern,DATA EXPOSURE,IP ADDRESS,192.0.2.210,Internal SOC,A,92,HIGH,81.8,MONITORING,2026-09-04 09:03:05,2026-09-13 04:03:05,Demo Region A,Synthetic defensive observation representing a possible data exposure concern.,Collection,Data from Information Repositories,
THR-2026-0464,2026-10-01 09:03:05,Unpatched Software Awareness Record,VULNERABILITY EXPOSURE,URL,https://mail-protection-464.invalid/account/check,Unknown Source,D,81,HIGH,77.4,NEW,2026-08-29 09:03:05,2026-09-03 01:03:05,Demo Region A,Synthetic defensive observation representing potential vulnerability exposure.,Initial Access,User Execution,
THR-2026-0465,2026-10-01 09:03:05,Suspicious Network Indicator Cluster,NETWORK THREATS,URL,https://credential-review-465.invalid/login,Public Threat Feed,B,94,CRITICAL,94.6,MONITORING,2026-05-13 09:03:05,2026-05-27 13:03:05,Not Available,Synthetic defensive observation representing a network-related security risk.,Command and Control,Application Layer Protocol,
THR-2026-0466,2026-10-01 09:03:05,Impersonation Activity Observation,SOCIAL ENGINEERING,CVE ID,CVE-2026-1466,Public Threat Feed,B,93,MEDIUM,67.2,CLOSED,2026-07-04 09:03:05,2026-07-20 02:03:05,Demo Region A,Synthetic defensive observation representing a social-engineering-related risk.,Initial Access,Phishing,CVE-2026-1466
THR-2026-0467,2026-10-01 09:03:05,Web Application Threat Observation,WEB THREATS,URL,https://secure-login-467.invalid/security/notice,Internal SOC,A,26,LOW,25.4,CLOSED,2026-05-20 09:03:05,2026-06-15 13:03:05,Demo Region C,Synthetic defensive observation representing a suspicious web-related indicator.,Initial Access,Phishing,
THR-2026-0468,2026-10-01 09:03:05,Sensitive Data Protection Alert,DATA EXPOSURE,IP ADDRESS,203.0.113.215,Public Threat Feed,B,86,CRITICAL,91.4,NEW,2026-09-28 09:03:05,2026-10-22 22:03:05,Not Available,Synthetic defensive observation representing a possible data exposure concern.,Collection,Data from Information Repositories,
THR-2026-0469,2026-10-01 09:03:05,Fake Account Verification Activity,PHISHING,EMAIL/SENDER DOMAIN,sender-469.invalid,Community Submission,C,77,MEDIUM,60.8,CLOSED,2026-06-11 09:03:05,2026-06-23 16:03:05,Synthetic Region,Synthetic defensive observation representing a possible phishing-related indicator.,Initial Access,Phishing,
THR-2026-0470,2026-10-01 09:03:05,Suspicious Authentication Pattern,CREDENTIAL THREATS,URL,https://security-alert-470.invalid/login,Community Submission,C,91,MEDIUM,66.4,MONITORING,2026-04-06 09:03:05,2026-04-27 17:03:05,Not Available,Synthetic defensive observation representing a credential-related security risk.,Credential Access,Valid Accounts,
THR-2026-0471,2026-10-01 09:03:05,Vulnerability Risk Assessment,VULNERABILITY EXPOSURE,DOMAIN,security-alert-471.invalid,Internal SOC,A,62,LOW,39.8,FALSE_POSITIVE,2026-04-20 09:03:05,2026-05-05 04:03:05,Demo Region C,Synthetic defensive observation representing potential vulnerability exposure.,Initial Access,User Execution,
THR-2026-0472,2026-10-01 09:03:05,Social Engineering Risk Pattern,SOCIAL ENGINEERING,DOMAIN,service-notice-472.invalid,Community Submission,C,31,INFORMATIONAL,18.4,UNDER_REVIEW,2026-09-25 09:03:05,2026-09-30 12:03:05,Demo Region C,Synthetic defensive observation representing a social-engineering-related risk.,Initial Access,Phishing,
THR-2026-0473,2026-10-01 09:03:05,Synthetic Human-Factor Threat,SOCIAL ENGINEERING,CVE ID,CVE-2022-1473,Internal SOC,A,44,LOW,32.6,CLOSED,2026-05-27 09:03:05,2026-06-02 19:03:05,Demo Region C,Synthetic defensive observation representing a social-engineering-related risk.,Initial Access,Phishing,CVE-2022-1473
THR-2026-0474,2026-10-01 09:03:05,Synthetic Network Threat Observation,NETWORK THREATS,FILE HASH,61d5862731eecbf67d757c3df039302a059c36519f0850c3c0383a886d363f30,Security Vendor,A,35,INFORMATIONAL,20.0,CLOSED,2026-09-16 09:03:05,2026-09-24 21:03:05,Not Available,Synthetic defensive observation representing a network-related security risk.,Command and Control,Application Layer Protocol,
THR-2026-0475,2026-10-01 09:03:05,File Encryption Threat Pattern,RANSOMWARE,DOMAIN,identity-check-475.invalid,Internal SOC,A,26,HIGH,55.4,UNDER_REVIEW,2026-07-29 09:03:05,2026-08-10 23:03:05,Demo Region A,Synthetic defensive observation representing a ransomware-related risk pattern.,Impact,Data Encrypted for Impact,
THR-2026-0476,2026-10-01 09:03:05,Social Engineering Risk Pattern,SOCIAL ENGINEERING,CVE ID,CVE-2022-1476,Research Report,B,51,MEDIUM,50.4,NEW,2026-06-23 09:03:05,2026-07-14 18:03:05,Demo Region B,Synthetic defensive observation representing a social-engineering-related risk.,Initial Access,Phishing,CVE-2022-1476
THR-2026-0477,2026-10-01 09:03:05,Synthetic Data Exposure Observation,DATA EXPOSURE,EMAIL/SENDER DOMAIN,sender-477.invalid,Unknown Source,D,86,LOW,49.4,NEW,2026-07-16 09:03:05,2026-07-22 20:03:05,Demo Region B,Synthetic defensive observation representing a possible data exposure concern.,Collection,Data from Information Repositories,
THR-2026-0478,2026-10-01 09:03:05,Synthetic Account Credential Threat,CREDENTIAL THREATS,CVE ID,CVE-2025-1478,Public Threat Feed,B,46,LOW,33.4,NEW,2026-05-04 09:03:05,2026-05-07 21:03:05,Demo Region A,Synthetic defensive observation representing a credential-related security risk.,Credential Access,Valid Accounts,CVE-2025-1478
THR-2026-0479,2026-10-01 09:03:05,Account Protection Alert,ACCOUNT SECURITY,CVE ID,CVE-2025-1479,Public Threat Feed,B,44,HIGH,62.6,FALSE_POSITIVE,2026-09-08 09:03:05,2026-09-15 14:03:05,Demo Region A,Synthetic defensive observation representing an account-security-related risk.,Credential Access,Valid Accounts,CVE-2025-1479
THR-2026-0480,2026-10-01 09:03:05,Suspicious Network Indicator Cluster,NETWORK THREATS,CVE ID,CVE-2022-1480,Unknown Source,D,44,INFORMATIONAL,23.6,UNDER_REVIEW,2026-05-16 09:03:05,2026-06-10 12:03:05,Synthetic Region,Synthetic defensive observation representing a network-related security risk.,Command and Control,Application Layer Protocol,CVE-2022-1480
THR-2026-0481,2026-10-01 09:03:05,Synthetic Network Infrastructure,NETWORK THREATS,EMAIL/SENDER DOMAIN,sender-481.invalid,Research Report,B,69,HIGH,72.6,UNDER_REVIEW,2026-08-12 09:03:05,2026-08-13 07:03:05,Demo Region C,Synthetic defensive observation representing a network-related security risk.,Command and Control,Application Layer Protocol,
THR-2026-0482,2026-10-01 09:03:05,Synthetic Web Threat Cluster,WEB THREATS,IP ADDRESS,198.51.100.229,Public Threat Feed,B,96,HIGH,83.4,NEW,2026-05-15 09:03:05,2026-06-07 00:03:05,Not Available,Synthetic defensive observation representing a suspicious web-related indicator.,Initial Access,Phishing,
THR-2026-0483,2026-10-01 09:03:05,Synthetic Information Exposure,DATA EXPOSURE,URL,https://service-notice-483.invalid/review,Security Vendor,A,95,MEDIUM,68.0,MONITORING,2026-09-13 09:03:05,2026-09-29 13:03:05,Demo Region C,Synthetic defensive observation representing a possible data exposure concern.,Collection,Data from Information Repositories,
THR-2026-0484,2026-10-01 09:03:05,Sensitive Data Protection Alert,DATA EXPOSURE,URL,https://credential-review-484.invalid/verify,Research Report,B,89,HIGH,80.6,NEW,2026-08-14 09:03:05,2026-09-11 09:03:05,Not Available,Synthetic defensive observation representing a possible data exposure concern.,Collection,Data from Information Repositories,
THR-2026-0485,2026-10-01 09:03:05,Synthetic Network Infrastructure,NETWORK THREATS,CVE ID,CVE-2022-1485,Research Report,B,93,MEDIUM,67.2,UNDER_REVIEW,2026-08-13 09:03:05,2026-08-30 06:03:05,Not Available,Synthetic defensive observation representing a network-related security risk.,Command and Control,Application Layer Protocol,CVE-2022-1485
THR-2026-0486,2026-10-01 09:03:05,Suspicious Account Activity,ACCOUNT SECURITY,URL,https://service-notice-486.invalid/login,Internal SOC,A,39,MEDIUM,45.6,UNDER_REVIEW,2026-05-20 09:03:05,2026-06-10 11:03:05,Demo Region B,Synthetic defensive observation representing an account-security-related risk.,Credential Access,Valid Accounts,
THR-2026-0487,2026-10-01 09:03:05,Suspicious Credential Collection Pattern,PHISHING,DOMAIN,security-alert-487.invalid,Internal SOC,A,37,MEDIUM,44.8,FALSE_POSITIVE,2026-05-07 09:03:05,2026-05-27 21:03:05,Not Available,Synthetic defensive observation representing a possible phishing-related indicator.,Initial Access,Phishing,
THR-2026-0488,2026-10-01 09:03:05,Suspicious Account Activity,ACCOUNT SECURITY,URL,https://login-check-488.invalid/security/notice,Internal SOC,A,34,LOW,28.6,NEW,2026-08-08 09:03:05,2026-08-29 00:03:05,Synthetic Region,Synthetic defensive observation representing an account-security-related risk.,Credential Access,Valid Accounts,
THR-2026-0489,2026-10-01 09:03:05,Network Communication Anomaly,NETWORK THREATS,EMAIL/SENDER DOMAIN,sender-489.invalid,Public Threat Feed,B,78,HIGH,76.2,NEW,2026-09-16 09:03:05,2026-10-13 04:03:05,Not Available,Synthetic defensive observation representing a network-related security risk.,Command and Control,Application Layer Protocol,
THR-2026-0490,2026-10-01 09:03:05,Suspicious File Hash Observation,MALWARE,URL,https://security-alert-490.invalid/account/check,Internal SOC,A,37,CRITICAL,71.8,FALSE_POSITIVE,2026-08-02 09:03:05,2026-08-19 21:03:05,Demo Region B,Synthetic defensive observation representing a suspicious file or malware-related indicator.,Execution,User Execution,
THR-2026-0491,2026-10-01 09:03:05,Credential Exposure Indicator,CREDENTIAL THREATS,EMAIL/SENDER DOMAIN,sender-491.invalid,Community Submission,C,47,MEDIUM,48.8,MONITORING,2026-05-11 09:03:05,2026-05-25 08:03:05,Not Available,Synthetic defensive observation representing a credential-related security risk.,Credential Access,Valid Accounts,
THR-2026-0492,2026-10-01 09:03:05,Social Engineering Risk Pattern,SOCIAL ENGINEERING,CVE ID,CVE-2025-1492,Security Vendor,A,46,HIGH,63.4,FALSE_POSITIVE,2026-05-13 09:03:05,2026-05-26 01:03:05,Demo Region B,Synthetic defensive observation representing a social-engineering-related risk.,Initial Access,Phishing,CVE-2025-1492
THR-2026-0493,2026-10-01 09:03:05,Account Protection Alert,ACCOUNT SECURITY,FILE HASH,741b5d0669940142426953dec078d2eabc9cee34211053996417fbc9caed8741,Public Threat Feed,B,95,HIGH,83.0,MONITORING,2026-06-27 09:03:05,2026-07-11 05:03:05,Demo Region C,Synthetic defensive observation representing an account-security-related risk.,Credential Access,Valid Accounts,
THR-2026-0494,2026-10-01 09:03:05,Credential Abuse Observation,CREDENTIAL THREATS,EMAIL/SENDER DOMAIN,sender-494.invalid,Community Submission,C,73,MEDIUM,59.2,NEW,2026-07-27 09:03:05,2026-08-07 23:03:05,Synthetic Region,Synthetic defensive observation representing a credential-related security risk.,Credential Access,Valid Accounts,
THR-2026-0495,2026-10-01 09:03:05,Synthetic Login Impersonation Campaign,PHISHING,URL,https://account-support-495.invalid/verify,Internal SOC,A,63,MEDIUM,55.2,MONITORING,2026-07-16 09:03:05,2026-07-23 15:03:05,Demo Region A,Synthetic defensive observation representing a possible phishing-related indicator.,Initial Access,Phishing,
THR-2026-0496,2026-10-01 09:03:05,Sensitive Data Protection Alert,DATA EXPOSURE,EMAIL/SENDER DOMAIN,sender-496.invalid,Security Vendor,A,98,MEDIUM,69.2,UNDER_REVIEW,2026-09-06 09:03:05,2026-09-07 23:03:05,Demo Region B,Synthetic defensive observation representing a possible data exposure concern.,Collection,Data from Information Repositories,
THR-2026-0497,2026-10-01 09:03:05,Synthetic Web Threat Cluster,WEB THREATS,URL,https://account-support-497.invalid/account/check,Internal SOC,A,63,LOW,40.2,MONITORING,2026-05-07 09:03:05,2026-05-20 03:03:05,Demo Region A,Synthetic defensive observation representing a suspicious web-related indicator.,Initial Access,Phishing,
THR-2026-0498,2026-10-01 09:03:05,Synthetic Social Engineering Campaign,SOCIAL ENGINEERING,DOMAIN,credential-review-498.invalid,Internal SOC,A,98,HIGH,84.2,UNDER_REVIEW,2026-05-01 09:03:05,2026-05-21 18:03:05,Not Available,Synthetic defensive observation representing a social-engineering-related risk.,Initial Access,Phishing,
THR-2026-0499,2026-10-01 09:03:05,Synthetic Malware Indicator Cluster,MALWARE,IP ADDRESS,198.51.100.246,Research Report,B,80,MEDIUM,62.0,NEW,2026-08-31 09:03:05,2026-09-27 16:03:05,Synthetic Region,Synthetic defensive observation representing a suspicious file or malware-related indicator.,Execution,User Execution,
THR-2026-0500,2026-10-01 09:03:05,Synthetic Web Threat Cluster,WEB THREATS,EMAIL/SENDER DOMAIN,sender-500.invalid,Community Submission,C,94,INFORMATIONAL,43.6,NEW,2026-08-23 09:03:05,2026-09-03 01:03:05,Demo Region B,Synthetic defensive observation representing a suspicious web-related indicator.,Initial Access,Phishing,
THR-2026-0501,2026-10-01 09:03:05,Unpatched Software Awareness Record,VULNERABILITY EXPOSURE,FILE HASH,9f1fa202d76b2c6601fb453e62fe6055e3f6435cbaf508b2f2003b0c0eff2a4c,Security Vendor,A,36,MEDIUM,44.4,MONITORING,2026-06-12 09:03:05,2026-06-21 21:03:05,Demo Region B,Synthetic defensive observation representing potential vulnerability exposure.,Initial Access,User Execution,
THR-2026-0502,2026-10-01 09:03:05,Endpoint Malware Indicator Cluster,MALWARE,FILE HASH,c411ee28dc62de4f8dcdb2b26d5fc53efada6c6d206e9e12f87fb7f4ebb2106a,Public Threat Feed,B,76,INFORMATIONAL,36.4,UNDER_REVIEW,2026-09-09 09:03:05,2026-09-22 01:03:05,Demo Region B,Synthetic defensive observation representing a suspicious file or malware-related indicator.,Execution,User Execution,
THR-2026-0503,2026-10-01 09:03:05,Impersonation Activity Observation,SOCIAL ENGINEERING,EMAIL/SENDER DOMAIN,sender-503.invalid,Unknown Source,D,75,LOW,45.0,NEW,2026-05-07 09:03:05,2026-05-14 02:03:05,Demo Region B,Synthetic defensive observation representing a social-engineering-related risk.,Initial Access,Phishing,
THR-2026-0504,2026-10-01 09:03:05,Web Application Threat Observation,WEB THREATS,FILE HASH,b51bd02a9ebf253d4fd14e6fc05661d4bf4f107fc78049b81dfadfe137321e83,Internal SOC,A,36,CRITICAL,71.4,UNDER_REVIEW,2026-04-12 09:03:05,2026-04-25 22:03:05,Demo Region C,Synthetic defensive observation representing a suspicious web-related indicator.,Initial Access,Phishing,
THR-2026-0505,2026-10-01 09:03:05,Suspicious Network Indicator Cluster,NETWORK THREATS,URL,https://account-support-505.invalid/review,Security Vendor,A,64,INFORMATIONAL,31.6,NEW,2026-07-03 09:03:05,2026-07-22 23:03:05,Synthetic Region,Synthetic defensive observation representing a network-related security risk.,Command and Control,Application Layer Protocol,
THR-2026-0506,2026-10-01 09:03:05,Synthetic Account Credential Threat,CREDENTIAL THREATS,DOMAIN,service-notice-506.invalid,Internal SOC,A,35,LOW,29.0,NEW,2026-09-17 09:03:05,2026-09-25 04:03:05,Demo Region C,Synthetic defensive observation representing a credential-related security risk.,Credential Access,Valid Accounts,
THR-2026-0507,2026-10-01 09:03:05,Suspicious Network Indicator Cluster,NETWORK THREATS,CVE ID,CVE-2022-1507,Internal SOC,A,85,LOW,49.0,FALSE_POSITIVE,2026-07-08 09:03:05,2026-07-15 08:03:05,Demo Region B,Synthetic defensive observation representing a network-related security risk.,Command and Control,Application Layer Protocol,CVE-2022-1507
THR-2026-0508,2026-10-01 09:03:05,Synthetic Information Exposure,DATA EXPOSURE,URL,https://system-alert-508.invalid/login,Unknown Source,D,43,MEDIUM,47.2,FALSE_POSITIVE,2026-04-05 09:03:05,2026-04-26 09:03:05,Not Available,Synthetic defensive observation representing a possible data exposure concern.,Collection,Data from Information Repositories,
THR-2026-0509,2026-10-01 09:03:05,Synthetic Credential Phishing Campaign,PHISHING,URL,https://account-verify-509.invalid/verify,Internal SOC,A,59,LOW,38.6,MONITORING,2026-06-03 09:03:05,2026-06-23 09:03:05,Synthetic Region,Synthetic defensive observation representing a possible phishing-related indicator.,Initial Access,Phishing,
THR-2026-0510,2026-10-01 09:03:05,Synthetic Network Threat Observation,NETWORK THREATS,IP ADDRESS,192.0.2.3,Security Vendor,A,74,LOW,44.6,CLOSED,2026-06-25 09:03:05,2026-07-12 07:03:05,Demo Region C,Synthetic defensive observation representing a network-related security risk.,Command and Control,Application Layer Protocol,
THR-2026-0511,2026-10-01 09:03:05,Suspicious Account Activity,ACCOUNT SECURITY,EMAIL/SENDER DOMAIN,sender-511.invalid,Community Submission,C,50,LOW,35.0,UNDER_REVIEW,2026-06-05 09:03:05,2026-06-23 07:03:05,Demo Region A,Synthetic defensive observation representing an account-security-related risk.,Credential Access,Valid Accounts,
THR-2026-0512,2026-10-01 09:03:05,Sensitive Data Protection Alert,DATA EXPOSURE,URL,https://service-notice-512.invalid/login,Internal SOC,A,45,MEDIUM,48.0,UNDER_REVIEW,2026-07-04 09:03:05,2026-07-25 20:03:05,Demo Region C,Synthetic defensive observation representing a possible data exposure concern.,Collection,Data from Information Repositories,
THR-2026-0513,2026-10-01 09:03:05,Potential Data Exposure Pattern,DATA EXPOSURE,URL,https://login-check-513.invalid/review,Internal SOC,A,74,LOW,44.6,MONITORING,2026-05-11 09:03:05,2026-06-10 17:03:05,Demo Region B,Synthetic defensive observation representing a possible data exposure concern.,Collection,Data from Information Repositories,
THR-2026-0514,2026-10-01 09:03:05,Unpatched Software Awareness Record,VULNERABILITY EXPOSURE,CVE ID,CVE-2023-1514,Community Submission,C,73,LOW,44.2,UNDER_REVIEW,2026-04-10 09:03:05,2026-04-30 05:03:05,Synthetic Region,Synthetic defensive observation representing potential vulnerability exposure.,Initial Access,User Execution,CVE-2023-1514
THR-2026-0515,2026-10-01 09:03:05,Synthetic Account Security Event,ACCOUNT SECURITY,DOMAIN,secure-login-515.invalid,Research Report,B,67,CRITICAL,83.8,MONITORING,2026-05-15 09:03:05,2026-05-19 15:03:05,Not Available,Synthetic defensive observation representing an account-security-related risk.,Credential Access,Valid Accounts,
THR-2026-0516,2026-10-01 09:03:05,Synthetic Account Credential Threat,CREDENTIAL THREATS,DOMAIN,identity-check-516.invalid,Security Vendor,A,92,HIGH,81.8,NEW,2026-06-12 09:03:05,2026-07-11 13:03:05,Demo Region C,Synthetic defensive observation representing a credential-related security risk.,Credential Access,Valid Accounts,
THR-2026-0517,2026-10-01 09:03:05,Synthetic Data Exposure Observation,DATA EXPOSURE,EMAIL/SENDER DOMAIN,sender-517.invalid,Security Vendor,A,40,CRITICAL,73.0,CLOSED,2026-07-11 09:03:05,2026-08-06 13:03:05,Demo Region C,Synthetic defensive observation representing a possible data exposure concern.,Collection,Data from Information Repositories,
THR-2026-0518,2026-10-01 09:03:05,Unpatched Software Awareness Record,VULNERABILITY EXPOSURE,URL,https://credential-review-518.invalid/review,Security Vendor,A,60,CRITICAL,81.0,MONITORING,2026-08-13 09:03:05,2026-08-16 13:03:05,Demo Region A,Synthetic defensive observation representing potential vulnerability exposure.,Initial Access,User Execution,
THR-2026-0519,2026-10-01 09:03:05,Suspicious Account Activity,ACCOUNT SECURITY,URL,https://account-support-519.invalid/identity/verify,Security Vendor,A,54,MEDIUM,51.6,UNDER_REVIEW,2026-04-08 09:03:05,2026-04-08 20:03:05,Synthetic Region,Synthetic defensive observation representing an account-security-related risk.,Credential Access,Valid Accounts,
THR-2026-0520,2026-10-01 09:03:05,Potential Data Exposure Pattern,DATA EXPOSURE,EMAIL/SENDER DOMAIN,sender-520.invalid,Security Vendor,A,72,MEDIUM,58.8,UNDER_REVIEW,2026-06-23 09:03:05,2026-07-09 00:03:05,Demo Region B,Synthetic defensive observation representing a possible data exposure concern.,Collection,Data from Information Repositories,
THR-2026-0521,2026-10-01 09:03:05,Synthetic Account Credential Threat,CREDENTIAL THREATS,IP ADDRESS,198.51.100.14,Public Threat Feed,B,26,HIGH,55.4,NEW,2026-06-17 09:03:05,2026-06-25 08:03:05,Demo Region B,Synthetic defensive observation representing a credential-related security risk.,Credential Access,Valid Accounts,
THR-2026-0522,2026-10-01 09:03:05,Synthetic Ransomware Indicator Cluster,RANSOMWARE,FILE HASH,4ed47af36f36334b240e9a58efef1d775a5884a6dbaf5a8d67c57e1c430a5d07,Research Report,B,66,MEDIUM,56.4,CLOSED,2026-07-29 09:03:05,2026-08-11 21:03:05,Not Available,Synthetic defensive observation representing a ransomware-related risk pattern.,Impact,Data Encrypted for Impact,
THR-2026-0523,2026-10-01 09:03:05,Synthetic Network Threat Observation,NETWORK THREATS,FILE HASH,0cb38feac0590df65c09d5231c483441abea3bfd313956f89295e70b13dc08ca,Community Submission,C,93,HIGH,82.2,NEW,2026-04-19 09:03:05,2026-05-18 07:03:05,Not Available,Synthetic defensive observation representing a network-related security risk.,Command and Control,Application Layer Protocol,
THR-2026-0524,2026-10-01 09:03:05,Synthetic Social Engineering Campaign,SOCIAL ENGINEERING,FILE HASH,e35873b13332b584ad9da71c7a823d54da3842774a316c8eefb871c22c700d3a,Community Submission,C,56,INFORMATIONAL,28.4,CLOSED,2026-05-16 09:03:05,2026-05-29 08:03:05,Not Available,Synthetic defensive observation representing a social-engineering-related risk.,Initial Access,Phishing,
THR-2026-0525,2026-10-01 09:03:05,Synthetic Information Exposure,DATA EXPOSURE,CVE ID,CVE-2022-1525,Research Report,B,81,LOW,47.4,CLOSED,2026-07-15 09:03:05,2026-08-08 18:03:05,Demo Region B,Synthetic defensive observation representing a possible data exposure concern.,Collection,Data from Information Repositories,CVE-2022-1525
THR-2026-0526,2026-10-01 09:03:05,Suspicious Web Resource Pattern,WEB THREATS,EMAIL/SENDER DOMAIN,sender-526.invalid,Security Vendor,A,91,HIGH,81.4,MONITORING,2026-06-04 09:03:05,2026-07-01 05:03:05,Demo Region A,Synthetic defensive observation representing a suspicious web-related indicator.,Initial Access,Phishing,
THR-2026-0527,2026-10-01 09:03:05,Synthetic Information Exposure,DATA EXPOSURE,IP ADDRESS,192.0.2.20,Security Vendor,A,94,HIGH,82.6,NEW,2026-06-22 09:03:05,2026-07-05 19:03:05,Demo Region A,Synthetic defensive observation representing a possible data exposure concern.,Collection,Data from Information Repositories,
THR-2026-0528,2026-10-01 09:03:05,Impersonation Activity Observation,SOCIAL ENGINEERING,EMAIL/SENDER DOMAIN,sender-528.invalid,Research Report,B,50,HIGH,65.0,NEW,2026-09-07 09:03:05,2026-09-15 19:03:05,Demo Region A,Synthetic defensive observation representing a social-engineering-related risk.,Initial Access,Phishing,
THR-2026-0529,2026-10-01 09:03:05,Suspicious File Hash Observation,MALWARE,CVE ID,CVE-2025-1529,Community Submission,C,35,MEDIUM,44.0,FALSE_POSITIVE,2026-06-24 09:03:05,2026-07-18 01:03:05,Synthetic Region,Synthetic defensive observation representing a suspicious file or malware-related indicator.,Execution,User Execution,CVE-2025-1529
THR-2026-0530,2026-10-01 09:03:05,Unpatched Software Awareness Record,VULNERABILITY EXPOSURE,IP ADDRESS,192.0.2.23,Unknown Source,D,97,HIGH,83.8,UNDER_REVIEW,2026-08-23 09:03:05,2026-08-28 13:03:05,Demo Region A,Synthetic defensive observation representing potential vulnerability exposure.,Initial Access,User Execution,
THR-2026-0531,2026-10-01 09:03:05,Web Application Threat Observation,WEB THREATS,URL,https://credential-review-531.invalid/security/notice,Security Vendor,A,40,MEDIUM,46.0,CLOSED,2026-08-10 09:03:05,2026-08-11 04:03:05,Demo Region A,Synthetic defensive observation representing a suspicious web-related indicator.,Initial Access,Phishing,
THR-2026-0532,2026-10-01 09:03:05,Synthetic Human-Factor Threat,SOCIAL ENGINEERING,FILE HASH,45951781590ec61444d6ccc1f704ba99486a2d07ba66d57fe0c1c750aee1da0f,Security Vendor,A,88,INFORMATIONAL,41.2,CLOSED,2026-08-06 09:03:05,2026-08-25 06:03:05,Synthetic Region,Synthetic defensive observation representing a social-engineering-related risk.,Initial Access,Phishing,
THR-2026-0533,2026-10-01 09:03:05,Impersonation Activity Observation,SOCIAL ENGINEERING,IP ADDRESS,203.0.113.26,Community Submission,C,56,MEDIUM,52.4,UNDER_REVIEW,2026-07-21 09:03:05,2026-08-10 05:03:05,Demo Region A,Synthetic defensive observation representing a social-engineering-related risk.,Initial Access,Phishing,
THR-2026-0534,2026-10-01 09:03:05,Synthetic Ransomware Infrastructure,RANSOMWARE,IP ADDRESS,203.0.113.27,Internal SOC,A,43,MEDIUM,47.2,NEW,2026-04-13 09:03:05,2026-05-02 04:03:05,Demo Region C,Synthetic defensive observation representing a ransomware-related risk pattern.,Impact,Data Encrypted for Impact,
THR-2026-0535,2026-10-01 09:03:05,Fake Account Verification Activity,PHISHING,IP ADDRESS,198.51.100.28,Unknown Source,D,45,CRITICAL,75.0,FALSE_POSITIVE,2026-07-20 09:03:05,2026-08-09 06:03:05,Synthetic Region,Synthetic defensive observation representing a possible phishing-related indicator.,Initial Access,Phishing,
THR-2026-0536,2026-10-01 09:03:05,Synthetic Network Infrastructure,NETWORK THREATS,IP ADDRESS,192.0.2.29,Public Threat Feed,B,66,HIGH,71.4,NEW,2026-06-25 09:03:05,2026-07-21 11:03:05,Not Available,Synthetic defensive observation representing a network-related security risk.,Command and Control,Application Layer Protocol,
THR-2026-0537,2026-10-01 09:03:05,Synthetic Web Threat Cluster,WEB THREATS,FILE HASH,53cccf9578274e25ca496ede96ef72bb8923cd1d6ad0c0e7b03ce2ece518f298,Public Threat Feed,B,60,HIGH,69.0,FALSE_POSITIVE,2026-05-19 09:03:05,2026-06-02 01:03:05,Demo Region B,Synthetic defensive observation representing a suspicious web-related indicator.,Initial Access,Phishing,
THR-2026-0538,2026-10-01 09:03:05,Synthetic Login Impersonation Campaign,PHISHING,IP ADDRESS,203.0.113.31,Internal SOC,A,92,HIGH,81.8,MONITORING,2026-05-30 09:03:05,2026-06-23 07:03:05,Synthetic Region,Synthetic defensive observation representing a possible phishing-related indicator.,Initial Access,Phishing,
THR-2026-0539,2026-10-01 09:03:05,Synthetic Network Infrastructure,NETWORK THREATS,URL,https://system-alert-539.invalid/identity/verify,Security Vendor,A,70,CRITICAL,85.0,NEW,2026-04-26 09:03:05,2026-05-15 00:03:05,Synthetic Region,Synthetic defensive observation representing a network-related security risk.,Command and Control,Application Layer Protocol,
THR-2026-0540,2026-10-01 09:03:05,Suspicious Account Activity,ACCOUNT SECURITY,DOMAIN,identity-check-540.invalid,Internal SOC,A,25,CRITICAL,67.0,FALSE_POSITIVE,2026-09-24 09:03:05,2026-10-09 05:03:05,Demo Region B,Synthetic defensive observation representing an account-security-related risk.,Credential Access,Valid Accounts,
THR-2026-0541,2026-10-01 09:03:05,Synthetic Vulnerability Observation,VULNERABILITY EXPOSURE,FILE HASH,35aecceca0a78f29e52ec405ac5ab0dc9a7d0470e3a0adbcb4a1a31c20f07558,Internal SOC,A,52,MEDIUM,50.8,NEW,2026-04-20 09:03:05,2026-04-27 07:03:05,Demo Region C,Synthetic defensive observation representing potential vulnerability exposure.,Initial Access,User Execution,
THR-2026-0542,2026-10-01 09:03:05,Suspicious Web Resource Pattern,WEB THREATS,URL,https://system-alert-542.invalid/identity/verify,Internal SOC,A,25,LOW,25.0,FALSE_POSITIVE,2026-04-08 09:03:05,2026-04-18 19:03:05,Not Available,Synthetic defensive observation representing a suspicious web-related indicator.,Initial Access,Phishing,
THR-2026-0543,2026-10-01 09:03:05,Synthetic Credential Phishing Campaign,PHISHING,DOMAIN,mail-protection-543.invalid,Unknown Source,D,68,MEDIUM,57.2,CLOSED,2026-05-31 09:03:05,2026-06-30 00:03:05,Demo Region B,Synthetic defensive observation representing a possible phishing-related indicator.,Initial Access,Phishing,
THR-2026-0544,2026-10-01 09:03:05,Synthetic Ransomware Indicator Cluster,RANSOMWARE,CVE ID,CVE-2025-1544,Public Threat Feed,B,93,HIGH,82.2,UNDER_REVIEW,2026-06-04 09:03:05,2026-06-29 22:03:05,Not Available,Synthetic defensive observation representing a ransomware-related risk pattern.,Impact,Data Encrypted for Impact,CVE-2025-1544
THR-2026-0545,2026-10-01 09:03:05,Authentication Risk Observation,ACCOUNT SECURITY,CVE ID,CVE-2024-1545,Security Vendor,A,27,MEDIUM,40.8,UNDER_REVIEW,2026-05-06 09:03:05,2026-05-27 19:03:05,Demo Region A,Synthetic defensive observation representing an account-security-related risk.,Credential Access,Valid Accounts,CVE-2024-1545
THR-2026-0546,2026-10-01 09:03:05,Synthetic Web Threat Cluster,WEB THREATS,IP ADDRESS,198.51.100.39,Security Vendor,A,93,CRITICAL,94.2,NEW,2026-05-07 09:03:05,2026-05-26 21:03:05,Not Available,Synthetic defensive observation representing a suspicious web-related indicator.,Initial Access,Phishing,
THR-2026-0547,2026-10-01 09:03:05,Web Application Threat Observation,WEB THREATS,CVE ID,CVE-2024-1547,Research Report,B,59,HIGH,68.6,MONITORING,2026-09-08 09:03:05,2026-09-23 16:03:05,Synthetic Region,Synthetic defensive observation representing a suspicious web-related indicator.,Initial Access,Phishing,CVE-2024-1547
THR-2026-0548,2026-10-01 09:03:05,Credential Exposure Indicator,CREDENTIAL THREATS,EMAIL/SENDER DOMAIN,sender-548.invalid,Public Threat Feed,B,39,LOW,30.6,FALSE_POSITIVE,2026-09-21 09:03:05,2026-10-15 15:03:05,Synthetic Region,Synthetic defensive observation representing a credential-related security risk.,Credential Access,Valid Accounts,
THR-2026-0549,2026-10-01 09:03:05,Fake Account Verification Activity,PHISHING,FILE HASH,8c9cff5fda8ff1d16faed461594e8e177b3d4c37bffe17581c55b7d8d4dc560f,Research Report,B,68,LOW,42.2,FALSE_POSITIVE,2026-05-19 09:03:05,2026-05-28 19:03:05,Demo Region A,Synthetic defensive observation representing a possible phishing-related indicator.,Initial Access,Phishing,
THR-2026-0550,2026-10-01 09:03:05,Synthetic Ransomware Indicator Cluster,RANSOMWARE,DOMAIN,login-check-550.invalid,Internal SOC,A,91,MEDIUM,66.4,CLOSED,2026-09-29 09:03:05,2026-10-08 10:03:05,Demo Region C,Synthetic defensive observation representing a ransomware-related risk pattern.,Impact,Data Encrypted for Impact,
THR-2026-0551,2026-10-01 09:03:05,Fake Account Verification Activity,PHISHING,IP ADDRESS,203.0.113.44,Internal SOC,A,64,HIGH,70.6,UNDER_REVIEW,2026-05-06 09:03:05,2026-05-30 18:03:05,Demo Region C,Synthetic defensive observation representing a possible phishing-related indicator.,Initial Access,Phishing,
THR-2026-0552,2026-10-01 09:03:05,Synthetic Account Credential Threat,CREDENTIAL THREATS,URL,https://identity-check-552.invalid/identity/verify,Unknown Source,D,81,LOW,47.4,NEW,2026-08-31 09:03:05,2026-09-08 13:03:05,Demo Region C,Synthetic defensive observation representing a credential-related security risk.,Credential Access,Valid Accounts,
THR-2026-0553,2026-10-01 09:03:05,Synthetic Login Impersonation Campaign,PHISHING,EMAIL/SENDER DOMAIN,sender-553.invalid,Security Vendor,A,38,MEDIUM,45.2,UNDER_REVIEW,2026-05-15 09:03:05,2026-05-27 02:03:05,Demo Region C,Synthetic defensive observation representing a possible phishing-related indicator.,Initial Access,Phishing,
THR-2026-0554,2026-10-01 09:03:05,Suspicious Web Resource Pattern,WEB THREATS,EMAIL/SENDER DOMAIN,sender-554.invalid,Public Threat Feed,B,34,LOW,28.6,UNDER_REVIEW,2026-04-27 09:03:05,2026-05-25 19:03:05,Demo Region A,Synthetic defensive observation representing a suspicious web-related indicator.,Initial Access,Phishing,
THR-2026-0555,2026-10-01 09:03:05,Fake Account Verification Activity,PHISHING,FILE HASH,4945ef9be6fefd5ab185328ff4efb52876517b9868091c205a19936dbe460a29,Internal SOC,A,74,INFORMATIONAL,35.6,FALSE_POSITIVE,2026-09-08 09:03:05,2026-09-21 21:03:05,Not Available,Synthetic defensive observation representing a possible phishing-related indicator.,Initial Access,Phishing,
THR-2026-0556,2026-10-01 09:03:05,Synthetic Social Engineering Campaign,SOCIAL ENGINEERING,EMAIL/SENDER DOMAIN,sender-556.invalid,Security Vendor,A,67,MEDIUM,56.8,FALSE_POSITIVE,2026-04-12 09:03:05,2026-05-08 02:03:05,Synthetic Region,Synthetic defensive observation representing a social-engineering-related risk.,Initial Access,Phishing,
THR-2026-0557,2026-10-01 09:03:05,Ransomware Awareness Simulation,RANSOMWARE,IP ADDRESS,203.0.113.50,Public Threat Feed,B,83,MEDIUM,63.2,UNDER_REVIEW,2026-04-08 09:03:05,2026-04-29 07:03:05,Synthetic Region,Synthetic defensive observation representing a ransomware-related risk pattern.,Impact,Data Encrypted for Impact,
THR-2026-0558,2026-10-01 09:03:05,Suspicious Authentication Pattern,CREDENTIAL THREATS,DOMAIN,account-support-558.invalid,Research Report,B,71,LOW,43.4,CLOSED,2026-08-15 09:03:05,2026-09-07 06:03:05,Demo Region C,Synthetic defensive observation representing a credential-related security risk.,Credential Access,Valid Accounts,
THR-2026-0559,2026-10-01 09:03:05,Social Engineering Risk Pattern,SOCIAL ENGINEERING,IP ADDRESS,192.0.2.52,Research Report,B,69,MEDIUM,57.6,FALSE_POSITIVE,2026-06-04 09:03:05,2026-07-01 14:03:05,Demo Region C,Synthetic defensive observation representing a social-engineering-related risk.,Initial Access,Phishing,
THR-2026-0560,2026-10-01 09:03:05,Authentication Risk Observation,ACCOUNT SECURITY,DOMAIN,system-alert-560.invalid,Public Threat Feed,B,38,LOW,30.2,CLOSED,2026-05-11 09:03:05,2026-05-31 11:03:05,Not Available,Synthetic defensive observation representing an account-security-related risk.,Credential Access,Valid Accounts,
THR-2026-0561,2026-10-01 09:03:05,Synthetic Vulnerability Exposure,VULNERABILITY EXPOSURE,EMAIL/SENDER DOMAIN,sender-561.invalid,Community Submission,C,56,MEDIUM,52.4,UNDER_REVIEW,2026-08-21 09:03:05,2026-09-05 21:03:05,Demo Region C,Synthetic defensive observation representing potential vulnerability exposure.,Initial Access,User Execution,
THR-2026-0562,2026-10-01 09:03:05,Suspicious Account Activity,ACCOUNT SECURITY,FILE HASH,10bef4fc63111aebde731d1cfbacd3170bc53212382e6654cd512e9f94f8847b,Community Submission,C,68,MEDIUM,57.2,CLOSED,2026-04-06 09:03:05,2026-04-13 14:03:05,Not Available,Synthetic defensive observation representing an account-security-related risk.,Credential Access,Valid Accounts,
THR-2026-0563,2026-10-01 09:03:05,Suspicious File Hash Observation,MALWARE,EMAIL/SENDER DOMAIN,sender-563.invalid,Community Submission,C,66,MEDIUM,56.4,CLOSED,2026-09-06 09:03:05,2026-10-02 23:03:05,Demo Region C,Synthetic defensive observation representing a suspicious file or malware-related indicator.,Execution,User Execution,
THR-2026-0564,2026-10-01 09:03:05,Synthetic Malware Indicator Cluster,MALWARE,EMAIL/SENDER DOMAIN,sender-564.invalid,Public Threat Feed,B,73,LOW,44.2,UNDER_REVIEW,2026-05-27 09:03:05,2026-06-17 06:03:05,Demo Region A,Synthetic defensive observation representing a suspicious file or malware-related indicator.,Execution,User Execution,
THR-2026-0565,2026-10-01 09:03:05,Synthetic Ransomware Infrastructure,RANSOMWARE,EMAIL/SENDER DOMAIN,sender-565.invalid,Security Vendor,A,25,HIGH,55.0,FALSE_POSITIVE,2026-04-14 09:03:05,2026-04-18 23:03:05,Synthetic Region,Synthetic defensive observation representing a ransomware-related risk pattern.,Impact,Data Encrypted for Impact,
THR-2026-0566,2026-10-01 09:03:05,Authentication Risk Observation,ACCOUNT SECURITY,FILE HASH,8735703dc84c9ac9a1b967a03b202c72e5393552c0a53142a712227e49bcbbb0,Public Threat Feed,B,65,HIGH,71.0,MONITORING,2026-05-08 09:03:05,2026-06-03 06:03:05,Synthetic Region,Synthetic defensive observation representing an account-security-related risk.,Credential Access,Valid Accounts,
THR-2026-0567,2026-10-01 09:03:05,Synthetic Malware Indicator Cluster,MALWARE,EMAIL/SENDER DOMAIN,sender-567.invalid,Research Report,B,90,INFORMATIONAL,42.0,FALSE_POSITIVE,2026-08-29 09:03:05,2026-09-25 18:03:05,Demo Region C,Synthetic defensive observation representing a suspicious file or malware-related indicator.,Execution,User Execution,
THR-2026-0568,2026-10-01 09:03:05,Fake Account Verification Activity,PHISHING,IP ADDRESS,203.0.113.61,Internal SOC,A,70,MEDIUM,58.0,FALSE_POSITIVE,2026-07-20 09:03:05,2026-08-16 09:03:05,Synthetic Region,Synthetic defensive observation representing a possible phishing-related indicator.,Initial Access,Phishing,
THR-2026-0569,2026-10-01 09:03:05,Unpatched Software Awareness Record,VULNERABILITY EXPOSURE,CVE ID,CVE-2024-1569,Research Report,B,76,HIGH,75.4,UNDER_REVIEW,2026-06-11 09:03:05,2026-06-28 15:03:05,Synthetic Region,Synthetic defensive observation representing potential vulnerability exposure.,Initial Access,User Execution,CVE-2024-1569
THR-2026-0570,2026-10-01 09:03:05,Synthetic Account Credential Threat,CREDENTIAL THREATS,EMAIL/SENDER DOMAIN,sender-570.invalid,Research Report,B,71,MEDIUM,58.4,NEW,2026-08-22 09:03:05,2026-09-01 06:03:05,Demo Region B,Synthetic defensive observation representing a credential-related security risk.,Credential Access,Valid Accounts,
THR-2026-0571,2026-10-01 09:03:05,Suspicious File Hash Observation,MALWARE,CVE ID,CVE-2022-1571,Unknown Source,D,87,LOW,49.8,CLOSED,2026-06-11 09:03:05,2026-06-15 11:03:05,Synthetic Region,Synthetic defensive observation representing a suspicious file or malware-related indicator.,Execution,User Execution,CVE-2022-1571
THR-2026-0572,2026-10-01 09:03:05,Synthetic Account Security Event,ACCOUNT SECURITY,FILE HASH,531014470ee29507bd46d4939d4bf9687eb819b307c67ac35351aa533412c868,Community Submission,C,79,MEDIUM,61.6,CLOSED,2026-06-07 09:03:05,2026-06-19 20:03:05,Demo Region B,Synthetic defensive observation representing an account-security-related risk.,Credential Access,Valid Accounts,
THR-2026-0573,2026-10-01 09:03:05,Authentication Risk Observation,ACCOUNT SECURITY,IP ADDRESS,203.0.113.66,Unknown Source,D,55,MEDIUM,52.0,NEW,2026-05-25 09:03:05,2026-06-02 22:03:05,Demo Region A,Synthetic defensive observation representing an account-security-related risk.,Credential Access,Valid Accounts,
THR-2026-0574,2026-10-01 09:03:05,Authentication Risk Observation,ACCOUNT SECURITY,FILE HASH,a1a7c914420f92d4bf24818829981ef6cf6d6afda59bc36ba6742a9f17c82737,Unknown Source,D,86,LOW,49.4,FALSE_POSITIVE,2026-09-10 09:03:05,2026-09-15 08:03:05,Synthetic Region,Synthetic defensive observation representing an account-security-related risk.,Credential Access,Valid Accounts,
THR-2026-0575,2026-10-01 09:03:05,Synthetic Malware Indicator Cluster,MALWARE,EMAIL/SENDER DOMAIN,sender-575.invalid,Security Vendor,A,36,HIGH,59.4,FALSE_POSITIVE,2026-06-02 09:03:05,2026-06-23 08:03:05,Not Available,Synthetic defensive observation representing a suspicious file or malware-related indicator.,Execution,User Execution,
THR-2026-0576,2026-10-01 09:03:05,Suspicious Web Resource Pattern,WEB THREATS,EMAIL/SENDER DOMAIN,sender-576.invalid,Community Submission,C,68,INFORMATIONAL,33.2,MONITORING,2026-09-28 09:03:05,2026-10-13 23:03:05,Not Available,Synthetic defensive observation representing a suspicious web-related indicator.,Initial Access,Phishing,
THR-2026-0577,2026-10-01 09:03:05,Vulnerability Risk Assessment,VULNERABILITY EXPOSURE,URL,https://identity-check-577.invalid/security/notice,Unknown Source,D,63,LOW,40.2,UNDER_REVIEW,2026-05-09 09:03:05,2026-05-17 10:03:05,Not Available,Synthetic defensive observation representing potential vulnerability exposure.,Initial Access,User Execution,
THR-2026-0578,2026-10-01 09:03:05,Suspicious Account Activity,ACCOUNT SECURITY,IP ADDRESS,203.0.113.71,Public Threat Feed,B,28,CRITICAL,68.2,MONITORING,2026-05-29 09:03:05,2026-05-31 13:03:05,Demo Region C,Synthetic defensive observation representing an account-security-related risk.,Credential Access,Valid Accounts,
THR-2026-0579,2026-10-01 09:03:05,File Encryption Threat Pattern,RANSOMWARE,EMAIL/SENDER DOMAIN,sender-579.invalid,Internal SOC,A,57,LOW,37.8,MONITORING,2026-09-02 09:03:05,2026-09-21 14:03:05,Synthetic Region,Synthetic defensive observation representing a ransomware-related risk pattern.,Impact,Data Encrypted for Impact,
THR-2026-0580,2026-10-01 09:03:05,File Encryption Threat Pattern,RANSOMWARE,URL,https://mail-protection-580.invalid/login,Internal SOC,A,92,LOW,51.8,CLOSED,2026-07-05 09:03:05,2026-07-07 13:03:05,Synthetic Region,Synthetic defensive observation representing a ransomware-related risk pattern.,Impact,Data Encrypted for Impact,
THR-2026-0581,2026-10-01 09:03:05,Synthetic Vulnerability Exposure,VULNERABILITY EXPOSURE,DOMAIN,credential-review-581.invalid,Security Vendor,A,46,HIGH,63.4,NEW,2026-05-06 09:03:05,2026-05-29 20:03:05,Demo Region C,Synthetic defensive observation representing potential vulnerability exposure.,Initial Access,User Execution,
THR-2026-0582,2026-10-01 09:03:05,Suspicious Credential Collection Pattern,PHISHING,DOMAIN,credential-review-582.invalid,Research Report,B,63,MEDIUM,55.2,MONITORING,2026-05-17 09:03:05,2026-05-24 21:03:05,Synthetic Region,Synthetic defensive observation representing a possible phishing-related indicator.,Initial Access,Phishing,
THR-2026-0583,2026-10-01 09:03:05,Synthetic Ransomware Infrastructure,RANSOMWARE,EMAIL/SENDER DOMAIN,sender-583.invalid,Public Threat Feed,B,26,HIGH,55.4,NEW,2026-06-08 09:03:05,2026-06-21 06:03:05,Not Available,Synthetic defensive observation representing a ransomware-related risk pattern.,Impact,Data Encrypted for Impact,
THR-2026-0584,2026-10-01 09:03:05,Synthetic Malicious File Pattern,MALWARE,EMAIL/SENDER DOMAIN,sender-584.invalid,Community Submission,C,80,MEDIUM,62.0,MONITORING,2026-04-17 09:03:05,2026-05-14 17:03:05,Demo Region C,Synthetic defensive observation representing a suspicious file or malware-related indicator.,Execution,User Execution,
THR-2026-0585,2026-10-01 09:03:05,Synthetic Malicious File Pattern,MALWARE,URL,https://account-support-585.invalid/login,Unknown Source,D,55,MEDIUM,52.0,MONITORING,2026-04-11 09:03:05,2026-04-29 15:03:05,Demo Region B,Synthetic defensive observation representing a suspicious file or malware-related indicator.,Execution,User Execution,
THR-2026-0586,2026-10-01 09:03:05,Synthetic Data Exposure Observation,DATA EXPOSURE,IP ADDRESS,203.0.113.79,Internal SOC,A,33,INFORMATIONAL,19.2,MONITORING,2026-06-17 09:03:05,2026-06-21 01:03:05,Synthetic Region,Synthetic defensive observation representing a possible data exposure concern.,Collection,Data from Information Repositories,
THR-2026-0587,2026-10-01 09:03:05,Synthetic Account Credential Threat,CREDENTIAL THREATS,CVE ID,CVE-2024-1587,Internal SOC,A,29,LOW,26.6,NEW,2026-04-25 09:03:05,2026-04-27 10:03:05,Not Available,Synthetic defensive observation representing a credential-related security risk.,Credential Access,Valid Accounts,CVE-2024-1587
THR-2026-0588,2026-10-01 09:03:05,Synthetic Malicious File Pattern,MALWARE,IP ADDRESS,203.0.113.81,Security Vendor,A,97,LOW,53.8,CLOSED,2026-09-02 09:03:05,2026-09-24 14:03:05,Demo Region C,Synthetic defensive observation representing a suspicious file or malware-related indicator.,Execution,User Execution,
THR-2026-0589,2026-10-01 09:03:05,Synthetic Malicious File Pattern,MALWARE,CVE ID,CVE-2025-1589,Research Report,B,60,CRITICAL,81.0,NEW,2026-04-06 09:03:05,2026-05-05 06:03:05,Demo Region C,Synthetic defensive observation representing a suspicious file or malware-related indicator.,Execution,User Execution,CVE-2025-1589
THR-2026-0590,2026-10-01 09:03:05,Synthetic Malware Indicator Cluster,MALWARE,URL,https://login-check-590.invalid/login,Public Threat Feed,B,32,MEDIUM,42.8,UNDER_REVIEW,2026-07-25 09:03:05,2026-07-30 23:03:05,Synthetic Region,Synthetic defensive observation representing a suspicious file or malware-related indicator.,Execution,User Execution,
THR-2026-0591,2026-10-01 09:03:05,Suspicious Account Activity,ACCOUNT SECURITY,FILE HASH,4ae026f159e179fea2058dc4b9911d3876e3d4faa1e8c4106d4ea1456b58aebb,Community Submission,C,43,MEDIUM,47.2,MONITORING,2026-06-12 09:03:05,2026-06-19 04:03:05,Synthetic Region,Synthetic defensive observation representing an account-security-related risk.,Credential Access,Valid Accounts,
THR-2026-0592,2026-10-01 09:03:05,Suspicious File Hash Observation,MALWARE,IP ADDRESS,192.0.2.85,Research Report,B,57,INFORMATIONAL,28.8,NEW,2026-09-26 09:03:05,2026-10-25 00:03:05,Demo Region A,Synthetic defensive observation representing a suspicious file or malware-related indicator.,Execution,User Execution,
THR-2026-0593,2026-10-01 09:03:05,Vulnerability Risk Assessment,VULNERABILITY EXPOSURE,URL,https://account-verify-593.invalid/review,Community Submission,C,75,LOW,45.0,CLOSED,2026-09-30 09:03:05,2026-10-17 07:03:05,Synthetic Region,Synthetic defensive observation representing potential vulnerability exposure.,Initial Access,User Execution,
THR-2026-0594,2026-10-01 09:03:05,Synthetic Vulnerability Exposure,VULNERABILITY EXPOSURE,CVE ID,CVE-2022-1594,Research Report,B,25,MEDIUM,40.0,FALSE_POSITIVE,2026-04-07 09:03:05,2026-05-04 00:03:05,Not Available,Synthetic defensive observation representing potential vulnerability exposure.,Initial Access,User Execution,CVE-2022-1594
THR-2026-0595,2026-10-01 09:03:05,Synthetic Network Threat Observation,NETWORK THREATS,URL,https://identity-check-595.invalid/login,Public Threat Feed,B,36,INFORMATIONAL,20.4,MONITORING,2026-05-17 09:03:05,2026-06-13 19:03:05,Synthetic Region,Synthetic defensive observation representing a network-related security risk.,Command and Control,Application Layer Protocol,
THR-2026-0596,2026-10-01 09:03:05,Credential Abuse Observation,CREDENTIAL THREATS,DOMAIN,system-alert-596.invalid,Unknown Source,D,74,INFORMATIONAL,35.6,MONITORING,2026-08-13 09:03:05,2026-08-23 07:03:05,Demo Region A,Synthetic defensive observation representing a credential-related security risk.,Credential Access,Valid Accounts,
THR-2026-0597,2026-10-01 09:03:05,Impersonation Activity Observation,SOCIAL ENGINEERING,IP ADDRESS,203.0.113.90,Security Vendor,A,49,MEDIUM,49.6,CLOSED,2026-09-21 09:03:05,2026-09-27 09:03:05,Synthetic Region,Synthetic defensive observation representing a social-engineering-related risk.,Initial Access,Phishing,
THR-2026-0598,2026-10-01 09:03:05,Synthetic Malware Indicator Cluster,MALWARE,EMAIL/SENDER DOMAIN,sender-598.invalid,Community Submission,C,88,MEDIUM,65.2,NEW,2026-06-07 09:03:05,2026-07-07 09:03:05,Demo Region C,Synthetic defensive observation representing a suspicious file or malware-related indicator.,Execution,User Execution,
THR-2026-0599,2026-10-01 09:03:05,Suspicious Network Indicator Cluster,NETWORK THREATS,CVE ID,CVE-2022-1599,Unknown Source,D,52,MEDIUM,50.8,UNDER_REVIEW,2026-04-13 09:03:05,2026-04-29 23:03:05,Not Available,Synthetic defensive observation representing a network-related security risk.,Command and Control,Application Layer Protocol,CVE-2022-1599
THR-2026-0600,2026-10-01 09:03:05,Suspicious File Hash Observation,MALWARE,IP ADDRESS,203.0.113.93,Research Report,B,27,LOW,25.8,UNDER_REVIEW,2026-04-25 09:03:05,2026-04-26 16:03:05,Demo Region A,Synthetic defensive observation representing a suspicious file or malware-related indicator.,Execution,User Execution,
THR-2026-0601,2026-10-01 09:03:05,Fake Account Verification Activity,PHISHING,URL,https://security-alert-601.invalid/login,Internal SOC,A,33,MEDIUM,43.2,UNDER_REVIEW,2026-09-01 09:03:05,2026-09-17 04:03:05,Demo Region A,Synthetic defensive observation representing a possible phishing-related indicator.,Initial Access,Phishing,
THR-2026-0602,2026-10-01 09:03:05,Synthetic Vulnerability Exposure,VULNERABILITY EXPOSURE,URL,https://secure-login-602.invalid/security/notice,Community Submission,C,98,LOW,54.2,UNDER_REVIEW,2026-08-26 09:03:05,2026-09-05 15:03:05,Not Available,Synthetic defensive observation representing potential vulnerability exposure.,Initial Access,User Execution,
THR-2026-0603,2026-10-01 09:03:05,Suspicious Network Indicator Cluster,NETWORK THREATS,IP ADDRESS,192.0.2.96,Security Vendor,A,78,LOW,46.2,UNDER_REVIEW,2026-04-05 09:03:05,2026-04-17 02:03:05,Synthetic Region,Synthetic defensive observation representing a network-related security risk.,Command and Control,Application Layer Protocol,
THR-2026-0604,2026-10-01 09:03:05,Suspicious Account Activity,ACCOUNT SECURITY,IP ADDRESS,192.0.2.97,Security Vendor,A,73,LOW,44.2,NEW,2026-09-26 09:03:05,2026-10-25 00:03:05,Demo Region A,Synthetic defensive observation representing an account-security-related risk.,Credential Access,Valid Accounts,
THR-2026-0605,2026-10-01 09:03:05,File Encryption Threat Pattern,RANSOMWARE,IP ADDRESS,203.0.113.98,Research Report,B,61,MEDIUM,54.4,UNDER_REVIEW,2026-04-06 09:03:05,2026-05-02 00:03:05,Demo Region B,Synthetic defensive observation representing a ransomware-related risk pattern.,Impact,Data Encrypted for Impact,
THR-2026-0606,2026-10-01 09:03:05,Synthetic Web Threat Cluster,WEB THREATS,EMAIL/SENDER DOMAIN,sender-606.invalid,Security Vendor,A,55,MEDIUM,52.0,FALSE_POSITIVE,2026-04-27 09:03:05,2026-05-19 10:03:05,Synthetic Region,Synthetic defensive observation representing a suspicious web-related indicator.,Initial Access,Phishing,
THR-2026-0607,2026-10-01 09:03:05,Synthetic Malware Indicator Cluster,MALWARE,CVE ID,CVE-2024-1607,Community Submission,C,25,MEDIUM,40.0,MONITORING,2026-08-01 09:03:05,2026-08-07 12:03:05,Not Available,Synthetic defensive observation representing a suspicious file or malware-related indicator.,Execution,User Execution,CVE-2024-1607
THR-2026-0608,2026-10-01 09:03:05,Potential Data Exposure Pattern,DATA EXPOSURE,EMAIL/SENDER DOMAIN,sender-608.invalid,Public Threat Feed,B,51,LOW,35.4,CLOSED,2026-09-17 09:03:05,2026-09-23 12:03:05,Synthetic Region,Synthetic defensive observation representing a possible data exposure concern.,Collection,Data from Information Repositories,
THR-2026-0609,2026-10-01 09:03:05,Synthetic Ransomware Infrastructure,RANSOMWARE,DOMAIN,login-check-609.invalid,Public Threat Feed,B,71,INFORMATIONAL,34.4,CLOSED,2026-08-08 09:03:05,2026-08-21 17:03:05,Not Available,Synthetic defensive observation representing a ransomware-related risk pattern.,Impact,Data Encrypted for Impact,
THR-2026-0610,2026-10-01 09:03:05,Suspicious Credential Collection Pattern,PHISHING,IP ADDRESS,203.0.113.103,Security Vendor,A,93,INFORMATIONAL,43.2,NEW,2026-08-21 09:03:05,2026-09-15 09:03:05,Not Available,Synthetic defensive observation representing a possible phishing-related indicator.,Initial Access,Phishing,
THR-2026-0611,2026-10-01 09:03:05,Synthetic Malicious File Pattern,MALWARE,DOMAIN,credential-review-611.invalid,Research Report,B,66,MEDIUM,56.4,NEW,2026-08-11 09:03:05,2026-09-04 06:03:05,Demo Region B,Synthetic defensive observation representing a suspicious file or malware-related indicator.,Execution,User Execution,
THR-2026-0612,2026-10-01 09:03:05,Synthetic Network Threat Observation,NETWORK THREATS,DOMAIN,security-alert-612.invalid,Security Vendor,A,77,LOW,45.8,FALSE_POSITIVE,2026-06-26 09:03:05,2026-07-24 16:03:05,Synthetic Region,Synthetic defensive observation representing a network-related security risk.,Command and Control,Application Layer Protocol,
THR-2026-0613,2026-10-01 09:03:05,Synthetic Human-Factor Threat,SOCIAL ENGINEERING,IP ADDRESS,198.51.100.106,Security Vendor,A,83,LOW,48.2,MONITORING,2026-06-23 09:03:05,2026-07-04 13:03:05,Demo Region B,Synthetic defensive observation representing a social-engineering-related risk.,Initial Access,Phishing,
THR-2026-0614,2026-10-01 09:03:05,Suspicious Web Resource Pattern,WEB THREATS,DOMAIN,service-notice-614.invalid,Internal SOC,A,97,LOW,53.8,CLOSED,2026-07-21 09:03:05,2026-07-25 12:03:05,Synthetic Region,Synthetic defensive observation representing a suspicious web-related indicator.,Initial Access,Phishing,
THR-2026-0615,2026-10-01 09:03:05,Synthetic Ransomware Indicator Cluster,RANSOMWARE,URL,https://mail-protection-615.invalid/security/notice,Community Submission,C,46,MEDIUM,48.4,FALSE_POSITIVE,2026-05-12 09:03:05,2026-06-08 16:03:05,Synthetic Region,Synthetic defensive observation representing a ransomware-related risk pattern.,Impact,Data Encrypted for Impact,
THR-2026-0616,2026-10-01 09:03:05,Impersonation Activity Observation,SOCIAL ENGINEERING,DOMAIN,account-support-616.invalid,Public Threat Feed,B,84,MEDIUM,63.6,MONITORING,2026-09-27 09:03:05,2026-10-20 22:03:05,Demo Region B,Synthetic defensive observation representing a social-engineering-related risk.,Initial Access,Phishing,
THR-2026-0617,2026-10-01 09:03:05,Synthetic Vulnerability Exposure,VULNERABILITY EXPOSURE,EMAIL/SENDER DOMAIN,sender-617.invalid,Community Submission,C,44,LOW,32.6,FALSE_POSITIVE,2026-09-29 09:03:05,2026-10-12 10:03:05,Synthetic Region,Synthetic defensive observation representing potential vulnerability exposure.,Initial Access,User Execution,
THR-2026-0618,2026-10-01 09:03:05,Synthetic Credential Phishing Campaign,PHISHING,FILE HASH,95f40be30f7b8d9e0afbe7359754ae76b773349b9add39f86ee121fcef5d240e,Research Report,B,37,MEDIUM,44.8,UNDER_REVIEW,2026-05-27 09:03:05,2026-06-03 11:03:05,Synthetic Region,Synthetic defensive observation representing a possible phishing-related indicator.,Initial Access,Phishing,
THR-2026-0619,2026-10-01 09:03:05,File Encryption Threat Pattern,RANSOMWARE,URL,https://identity-check-619.invalid/account/check,Internal SOC,A,36,MEDIUM,44.4,FALSE_POSITIVE,2026-05-31 09:03:05,2026-06-21 18:03:05,Synthetic Region,Synthetic defensive observation representing a ransomware-related risk pattern.,Impact,Data Encrypted for Impact,
THR-2026-0620,2026-10-01 09:03:05,Account Protection Alert,ACCOUNT SECURITY,IP ADDRESS,198.51.100.113,Unknown Source,D,42,MEDIUM,46.8,NEW,2026-06-19 09:03:05,2026-06-24 20:03:05,Demo Region A,Synthetic defensive observation representing an account-security-related risk.,Credential Access,Valid Accounts,
THR-2026-0621,2026-10-01 09:03:05,Unpatched Software Awareness Record,VULNERABILITY EXPOSURE,CVE ID,CVE-2024-1621,Research Report,B,62,MEDIUM,54.8,FALSE_POSITIVE,2026-07-23 09:03:05,2026-08-15 04:03:05,Demo Region A,Synthetic defensive observation representing potential vulnerability exposure.,Initial Access,User Execution,CVE-2024-1621
THR-2026-0622,2026-10-01 09:03:05,Synthetic Network Infrastructure,NETWORK THREATS,CVE ID,CVE-2022-1622,Internal SOC,A,71,MEDIUM,58.4,NEW,2026-09-02 09:03:05,2026-09-14 20:03:05,Not Available,Synthetic defensive observation representing a network-related security risk.,Command and Control,Application Layer Protocol,CVE-2022-1622
THR-2026-0623,2026-10-01 09:03:05,Suspicious Network Indicator Cluster,NETWORK THREATS,URL,https://account-verify-623.invalid/review,Community Submission,C,33,MEDIUM,43.2,NEW,2026-08-09 09:03:05,2026-08-13 19:03:05,Not Available,Synthetic defensive observation representing a network-related security risk.,Command and Control,Application Layer Protocol,
THR-2026-0624,2026-10-01 09:03:05,Social Engineering Risk Pattern,SOCIAL ENGINEERING,CVE ID,CVE-2026-1624,Unknown Source,D,51,HIGH,65.4,CLOSED,2026-08-04 09:03:05,2026-08-14 20:03:05,Not Available,Synthetic defensive observation representing a social-engineering-related risk.,Initial Access,Phishing,CVE-2026-1624
THR-2026-0625,2026-10-01 09:03:05,Suspicious Web Resource Pattern,WEB THREATS,IP ADDRESS,192.0.2.118,Research Report,B,82,MEDIUM,62.8,FALSE_POSITIVE,2026-05-25 09:03:05,2026-06-10 12:03:05,Not Available,Synthetic defensive observation representing a suspicious web-related indicator.,Initial Access,Phishing,
THR-2026-0626,2026-10-01 09:03:05,Suspicious Web Resource Pattern,WEB THREATS,FILE HASH,381be6b9e845dc502ac821ad955499bdb01bbff5b798a6a9e08600885cfc59e4,Security Vendor,A,33,HIGH,58.2,MONITORING,2026-06-05 09:03:05,2026-06-07 11:03:05,Demo Region B,Synthetic defensive observation representing a suspicious web-related indicator.,Initial Access,Phishing,
THR-2026-0627,2026-10-01 09:03:05,Synthetic Malware Indicator Cluster,MALWARE,IP ADDRESS,192.0.2.120,Research Report,B,43,LOW,32.2,CLOSED,2026-08-23 09:03:05,2026-09-19 15:03:05,Demo Region C,Synthetic defensive observation representing a suspicious file or malware-related indicator.,Execution,User Execution,
THR-2026-0628,2026-10-01 09:03:05,Potential Data Exposure Pattern,DATA EXPOSURE,DOMAIN,credential-review-628.invalid,Unknown Source,D,81,MEDIUM,62.4,NEW,2026-04-18 09:03:05,2026-04-18 18:03:05,Demo Region A,Synthetic defensive observation representing a possible data exposure concern.,Collection,Data from Information Repositories,
THR-2026-0629,2026-10-01 09:03:05,Suspicious Authentication Pattern,CREDENTIAL THREATS,EMAIL/SENDER DOMAIN,sender-629.invalid,Community Submission,C,77,MEDIUM,60.8,FALSE_POSITIVE,2026-07-05 09:03:05,2026-07-26 05:03:05,Synthetic Region,Synthetic defensive observation representing a credential-related security risk.,Credential Access,Valid Accounts,
THR-2026-0630,2026-10-01 09:03:05,Potential Data Exposure Pattern,DATA EXPOSURE,EMAIL/SENDER DOMAIN,sender-630.invalid,Community Submission,C,63,MEDIUM,55.2,UNDER_REVIEW,2026-08-28 09:03:05,2026-09-25 18:03:05,Demo Region C,Synthetic defensive observation representing a possible data exposure concern.,Collection,Data from Information Repositories,
THR-2026-0631,2026-10-01 09:03:05,Social Engineering Risk Pattern,SOCIAL ENGINEERING,URL,https://identity-check-631.invalid/verify,Research Report,B,61,LOW,39.4,UNDER_REVIEW,2026-08-19 09:03:05,2026-09-07 14:03:05,Demo Region B,Synthetic defensive observation representing a social-engineering-related risk.,Initial Access,Phishing,
THR-2026-0632,2026-10-01 09:03:05,Synthetic Ransomware Infrastructure,RANSOMWARE,DOMAIN,mail-protection-632.invalid,Community Submission,C,65,LOW,41.0,UNDER_REVIEW,2026-08-29 09:03:05,2026-09-12 17:03:05,Demo Region B,Synthetic defensive observation representing a ransomware-related risk pattern.,Impact,Data Encrypted for Impact,
THR-2026-0633,2026-10-01 09:03:05,Potential Data Exposure Pattern,DATA EXPOSURE,CVE ID,CVE-2022-1633,Security Vendor,A,69,MEDIUM,57.6,MONITORING,2026-06-27 09:03:05,2026-07-12 02:03:05,Not Available,Synthetic defensive observation representing a possible data exposure concern.,Collection,Data from Information Repositories,CVE-2022-1633
THR-2026-0634,2026-10-01 09:03:05,Synthetic Malicious File Pattern,MALWARE,IP ADDRESS,198.51.100.127,Research Report,B,43,CRITICAL,74.2,CLOSED,2026-07-11 09:03:05,2026-07-15 09:03:05,Demo Region C,Synthetic defensive observation representing a suspicious file or malware-related indicator.,Execution,User Execution,
THR-2026-0635,2026-10-01 09:03:05,Suspicious Web Infrastructure,WEB THREATS,EMAIL/SENDER DOMAIN,sender-635.invalid,Unknown Source,D,97,MEDIUM,68.8,NEW,2026-06-09 09:03:05,2026-06-20 07:03:05,Synthetic Region,Synthetic defensive observation representing a suspicious web-related indicator.,Initial Access,Phishing,
THR-2026-0636,2026-10-01 09:03:05,Ransomware Awareness Simulation,RANSOMWARE,CVE ID,CVE-2026-1636,Research Report,B,28,LOW,26.2,NEW,2026-04-25 09:03:05,2026-05-21 16:03:05,Demo Region C,Synthetic defensive observation representing a ransomware-related risk pattern.,Impact,Data Encrypted for Impact,CVE-2026-1636
THR-2026-0637,2026-10-01 09:03:05,Synthetic Network Threat Observation,NETWORK THREATS,IP ADDRESS,203.0.113.130,Security Vendor,A,92,MEDIUM,66.8,CLOSED,2026-07-21 09:03:05,2026-07-27 09:03:05,Not Available,Synthetic defensive observation representing a network-related security risk.,Command and Control,Application Layer Protocol,
THR-2026-0638,2026-10-01 09:03:05,Synthetic Malware Indicator Cluster,MALWARE,EMAIL/SENDER DOMAIN,sender-638.invalid,Public Threat Feed,B,87,MEDIUM,64.8,CLOSED,2026-04-29 09:03:05,2026-05-19 01:03:05,Demo Region C,Synthetic defensive observation representing a suspicious file or malware-related indicator.,Execution,User Execution,
THR-2026-0639,2026-10-01 09:03:05,Synthetic Ransomware Infrastructure,RANSOMWARE,CVE ID,CVE-2025-1639,Internal SOC,A,72,MEDIUM,58.8,FALSE_POSITIVE,2026-07-20 09:03:05,2026-07-31 20:03:05,Synthetic Region,Synthetic defensive observation representing a ransomware-related risk pattern.,Impact,Data Encrypted for Impact,CVE-2025-1639
THR-2026-0640,2026-10-01 09:03:05,Endpoint Malware Indicator Cluster,MALWARE,DOMAIN,credential-review-640.invalid,Research Report,B,78,HIGH,76.2,UNDER_REVIEW,2026-07-19 09:03:05,2026-07-25 08:03:05,Synthetic Region,Synthetic defensive observation representing a suspicious file or malware-related indicator.,Execution,User Execution,
THR-2026-0641,2026-10-01 09:03:05,Authentication Risk Observation,ACCOUNT SECURITY,EMAIL/SENDER DOMAIN,sender-641.invalid,Public Threat Feed,B,51,LOW,35.4,FALSE_POSITIVE,2026-06-01 09:03:05,2026-06-29 01:03:05,Demo Region A,Synthetic defensive observation representing an account-security-related risk.,Credential Access,Valid Accounts,
THR-2026-0642,2026-10-01 09:03:05,Unpatched Software Awareness Record,VULNERABILITY EXPOSURE,IP ADDRESS,192.0.2.135,Research Report,B,59,MEDIUM,53.6,UNDER_REVIEW,2026-08-17 09:03:05,2026-09-03 23:03:05,Demo Region B,Synthetic defensive observation representing potential vulnerability exposure.,Initial Access,User Execution,
THR-2026-0643,2026-10-01 09:03:05,Vulnerability Risk Assessment,VULNERABILITY EXPOSURE,URL,https://system-alert-643.invalid/login,Community Submission,C,63,INFORMATIONAL,31.2,NEW,2026-07-15 09:03:05,2026-07-31 02:03:05,Demo Region B,Synthetic defensive observation representing potential vulnerability exposure.,Initial Access,User Execution,
THR-2026-0644,2026-10-01 09:03:05,Suspicious Credential Collection Pattern,PHISHING,DOMAIN,identity-check-644.invalid,Internal SOC,A,85,LOW,49.0,CLOSED,2026-04-16 09:03:05,2026-05-07 18:03:05,Demo Region B,Synthetic defensive observation representing a possible phishing-related indicator.,Initial Access,Phishing,
THR-2026-0645,2026-10-01 09:03:05,Credential Abuse Observation,CREDENTIAL THREATS,IP ADDRESS,192.0.2.138,Internal SOC,A,88,HIGH,80.2,UNDER_REVIEW,2026-04-30 09:03:05,2026-05-23 20:03:05,Not Available,Synthetic defensive observation representing a credential-related security risk.,Credential Access,Valid Accounts,
THR-2026-0646,2026-10-01 09:03:05,Suspicious Web Infrastructure,WEB THREATS,CVE ID,CVE-2025-1646,Public Threat Feed,B,40,CRITICAL,73.0,UNDER_REVIEW,2026-05-22 09:03:05,2026-06-15 03:03:05,Demo Region C,Synthetic defensive observation representing a suspicious web-related indicator.,Initial Access,Phishing,CVE-2025-1646
THR-2026-0647,2026-10-01 09:03:05,Authentication Risk Observation,ACCOUNT SECURITY,IP ADDRESS,192.0.2.140,Public Threat Feed,B,42,LOW,31.8,MONITORING,2026-08-20 09:03:05,2026-08-21 17:03:05,Synthetic Region,Synthetic defensive observation representing an account-security-related risk.,Credential Access,Valid Accounts,
THR-2026-0648,2026-10-01 09:03:05,Fake Account Verification Activity,PHISHING,URL,https://identity-check-648.invalid/identity/verify,Community Submission,C,34,MEDIUM,43.6,FALSE_POSITIVE,2026-08-12 09:03:05,2026-09-06 05:03:05,Demo Region A,Synthetic defensive observation representing a possible phishing-related indicator.,Initial Access,Phishing,
THR-2026-0649,2026-10-01 09:03:05,Synthetic Ransomware Infrastructure,RANSOMWARE,EMAIL/SENDER DOMAIN,sender-649.invalid,Unknown Source,D,65,LOW,41.0,FALSE_POSITIVE,2026-07-15 09:03:05,2026-07-24 06:03:05,Demo Region A,Synthetic defensive observation representing a ransomware-related risk pattern.,Impact,Data Encrypted for Impact,
THR-2026-0650,2026-10-01 09:03:05,Synthetic Account Security Event,ACCOUNT SECURITY,URL,https://account-verify-650.invalid/verify,Public Threat Feed,B,61,LOW,39.4,UNDER_REVIEW,2026-05-29 09:03:05,2026-06-11 19:03:05,Demo Region A,Synthetic defensive observation representing an account-security-related risk.,Credential Access,Valid Accounts,
THR-2026-0651,2026-10-01 09:03:05,Synthetic Ransomware Indicator Cluster,RANSOMWARE,EMAIL/SENDER DOMAIN,sender-651.invalid,Community Submission,C,49,LOW,34.6,CLOSED,2026-04-26 09:03:05,2026-05-19 01:03:05,Synthetic Region,Synthetic defensive observation representing a ransomware-related risk pattern.,Impact,Data Encrypted for Impact,
THR-2026-0652,2026-10-01 09:03:05,Suspicious File Hash Observation,MALWARE,IP ADDRESS,192.0.2.145,Public Threat Feed,B,86,CRITICAL,91.4,MONITORING,2026-07-13 09:03:05,2026-08-04 20:03:05,Synthetic Region,Synthetic defensive observation representing a suspicious file or malware-related indicator.,Execution,User Execution,
THR-2026-0653,2026-10-01 09:03:05,Potential Data Exposure Pattern,DATA EXPOSURE,URL,https://account-verify-653.invalid/review,Security Vendor,A,40,LOW,31.0,MONITORING,2026-08-29 09:03:05,2026-09-26 07:03:05,Demo Region B,Synthetic defensive observation representing a possible data exposure concern.,Collection,Data from Information Repositories,
THR-2026-0654,2026-10-01 09:03:05,Ransomware Awareness Simulation,RANSOMWARE,DOMAIN,account-verify-654.invalid,Unknown Source,D,79,CRITICAL,88.6,NEW,2026-09-02 09:03:05,2026-09-04 09:03:05,Synthetic Region,Synthetic defensive observation representing a ransomware-related risk pattern.,Impact,Data Encrypted for Impact,
THR-2026-0655,2026-10-01 09:03:05,Suspicious Authentication Pattern,CREDENTIAL THREATS,IP ADDRESS,192.0.2.148,Community Submission,C,90,HIGH,81.0,NEW,2026-09-15 09:03:05,2026-09-30 12:03:05,Demo Region A,Synthetic defensive observation representing a credential-related security risk.,Credential Access,Valid Accounts,
THR-2026-0656,2026-10-01 09:03:05,Synthetic Web Threat Cluster,WEB THREATS,CVE ID,CVE-2022-1656,Community Submission,C,40,HIGH,61.0,NEW,2026-08-09 09:03:05,2026-08-27 15:03:05,Demo Region C,Synthetic defensive observation representing a suspicious web-related indicator.,Initial Access,Phishing,CVE-2022-1656
THR-2026-0657,2026-10-01 09:03:05,Suspicious File Hash Observation,MALWARE,DOMAIN,identity-check-657.invalid,Public Threat Feed,B,69,CRITICAL,84.6,MONITORING,2026-08-20 09:03:05,2026-09-17 01:03:05,Not Available,Synthetic defensive observation representing a suspicious file or malware-related indicator.,Execution,User Execution,
THR-2026-0658,2026-10-01 09:03:05,Suspicious File Hash Observation,MALWARE,IP ADDRESS,203.0.113.151,Security Vendor,A,92,HIGH,81.8,NEW,2026-08-12 09:03:05,2026-09-11 18:03:05,Not Available,Synthetic defensive observation representing a suspicious file or malware-related indicator.,Execution,User Execution,
THR-2026-0659,2026-10-01 09:03:05,Endpoint Malware Indicator Cluster,MALWARE,DOMAIN,system-alert-659.invalid,Public Threat Feed,B,85,HIGH,79.0,UNDER_REVIEW,2026-04-05 09:03:05,2026-04-23 14:03:05,Demo Region A,Synthetic defensive observation representing a suspicious file or malware-related indicator.,Execution,User Execution,
THR-2026-0660,2026-10-01 09:03:05,Synthetic Network Threat Observation,NETWORK THREATS,FILE HASH,f56963d191125e925f4f62147b973833bf89277d97a6d9d086ee06ba8a0fd527,Internal SOC,A,77,MEDIUM,60.8,UNDER_REVIEW,2026-07-12 09:03:05,2026-07-15 23:03:05,Not Available,Synthetic defensive observation representing a network-related security risk.,Command and Control,Application Layer Protocol,
THR-2026-0661,2026-10-01 09:03:05,Social Engineering Risk Pattern,SOCIAL ENGINEERING,URL,https://identity-check-661.invalid/identity/verify,Public Threat Feed,B,35,HIGH,59.0,FALSE_POSITIVE,2026-05-27 09:03:05,2026-05-30 21:03:05,Synthetic Region,Synthetic defensive observation representing a social-engineering-related risk.,Initial Access,Phishing,
THR-2026-0662,2026-10-01 09:03:05,Suspicious Web Resource Pattern,WEB THREATS,CVE ID,CVE-2025-1662,Public Threat Feed,B,77,LOW,45.8,UNDER_REVIEW,2026-06-13 09:03:05,2026-06-19 11:03:05,Demo Region C,Synthetic defensive observation representing a suspicious web-related indicator.,Initial Access,Phishing,CVE-2025-1662
THR-2026-0663,2026-10-01 09:03:05,Synthetic Credential Phishing Campaign,PHISHING,CVE ID,CVE-2025-1663,Research Report,B,75,MEDIUM,60.0,UNDER_REVIEW,2026-05-20 09:03:05,2026-06-11 06:03:05,Demo Region A,Synthetic defensive observation representing a possible phishing-related indicator.,Initial Access,Phishing,CVE-2025-1663
THR-2026-0664,2026-10-01 09:03:05,Unpatched Software Awareness Record,VULNERABILITY EXPOSURE,FILE HASH,2d020adbfc98f14827d87b156403d3d6c14695c9a837c516507c831051b76976,Internal SOC,A,46,CRITICAL,75.4,CLOSED,2026-06-29 09:03:05,2026-07-05 19:03:05,Not Available,Synthetic defensive observation representing potential vulnerability exposure.,Initial Access,User Execution,
THR-2026-0665,2026-10-01 09:03:05,Endpoint Malware Indicator Cluster,MALWARE,DOMAIN,secure-login-665.invalid,Unknown Source,D,60,HIGH,69.0,CLOSED,2026-05-05 09:03:05,2026-05-23 17:03:05,Demo Region C,Synthetic defensive observation representing a suspicious file or malware-related indicator.,Execution,User Execution,
THR-2026-0666,2026-10-01 09:03:05,Account Protection Alert,ACCOUNT SECURITY,FILE HASH,cbab8bd27cc840910ea35e68a9568f2ccc3871f1545c0b08e746d8a4258aa088,Research Report,B,43,MEDIUM,47.2,UNDER_REVIEW,2026-09-03 09:03:05,2026-09-06 17:03:05,Synthetic Region,Synthetic defensive observation representing an account-security-related risk.,Credential Access,Valid Accounts,
THR-2026-0667,2026-10-01 09:03:05,Ransomware Awareness Simulation,RANSOMWARE,IP ADDRESS,192.0.2.160,Research Report,B,33,HIGH,58.2,MONITORING,2026-04-10 09:03:05,2026-04-10 14:03:05,Not Available,Synthetic defensive observation representing a ransomware-related risk pattern.,Impact,Data Encrypted for Impact,
THR-2026-0668,2026-10-01 09:03:05,Ransomware Awareness Simulation,RANSOMWARE,URL,https://account-support-668.invalid/identity/verify,Unknown Source,D,34,LOW,28.6,MONITORING,2026-05-20 09:03:05,2026-06-14 00:03:05,Demo Region B,Synthetic defensive observation representing a ransomware-related risk pattern.,Impact,Data Encrypted for Impact,
THR-2026-0669,2026-10-01 09:03:05,Synthetic Human-Factor Threat,SOCIAL ENGINEERING,FILE HASH,bd5765aaffd3db51c1619f487d5e1e8ab516444fcfda50e03212970fd132ecdd,Community Submission,C,94,MEDIUM,67.6,CLOSED,2026-09-26 09:03:05,2026-10-26 10:03:05,Demo Region A,Synthetic defensive observation representing a social-engineering-related risk.,Initial Access,Phishing,
THR-2026-0670,2026-10-01 09:03:05,Impersonation Activity Observation,SOCIAL ENGINEERING,URL,https://secure-login-670.invalid/login,Security Vendor,A,29,MEDIUM,41.6,CLOSED,2026-05-11 09:03:05,2026-06-01 18:03:05,Synthetic Region,Synthetic defensive observation representing a social-engineering-related risk.,Initial Access,Phishing,
THR-2026-0671,2026-10-01 09:03:05,Ransomware Awareness Simulation,RANSOMWARE,URL,https://secure-login-671.invalid/login,Unknown Source,D,97,HIGH,83.8,MONITORING,2026-05-28 09:03:05,2026-06-19 02:03:05,Synthetic Region,Synthetic defensive observation representing a ransomware-related risk pattern.,Impact,Data Encrypted for Impact,
THR-2026-0672,2026-10-01 09:03:05,Synthetic Ransomware Infrastructure,RANSOMWARE,EMAIL/SENDER DOMAIN,sender-672.invalid,Research Report,B,58,INFORMATIONAL,29.2,MONITORING,2026-05-02 09:03:05,2026-05-15 04:03:05,Demo Region C,Synthetic defensive observation representing a ransomware-related risk pattern.,Impact,Data Encrypted for Impact,
THR-2026-0673,2026-10-01 09:03:05,Synthetic Login Impersonation Campaign,PHISHING,IP ADDRESS,203.0.113.166,Public Threat Feed,B,71,INFORMATIONAL,34.4,NEW,2026-05-04 09:03:05,2026-05-05 05:03:05,Synthetic Region,Synthetic defensive observation representing a possible phishing-related indicator.,Initial Access,Phishing,
THR-2026-0674,2026-10-01 09:03:05,Synthetic Vulnerability Exposure,VULNERABILITY EXPOSURE,URL,https://service-notice-674.invalid/login,Security Vendor,A,56,MEDIUM,52.4,MONITORING,2026-08-01 09:03:05,2026-08-21 18:03:05,Demo Region A,Synthetic defensive observation representing potential vulnerability exposure.,Initial Access,User Execution,
THR-2026-0675,2026-10-01 09:03:05,Endpoint Malware Indicator Cluster,MALWARE,URL,https://account-verify-675.invalid/verify,Research Report,B,29,MEDIUM,41.6,NEW,2026-04-15 09:03:05,2026-05-12 22:03:05,Demo Region C,Synthetic defensive observation representing a suspicious file or malware-related indicator.,Execution,User Execution,
THR-2026-0676,2026-10-01 09:03:05,Synthetic Social Engineering Campaign,SOCIAL ENGINEERING,EMAIL/SENDER DOMAIN,sender-676.invalid,Research Report,B,65,INFORMATIONAL,32.0,NEW,2026-05-07 09:03:05,2026-05-19 19:03:05,Synthetic Region,Synthetic defensive observation representing a social-engineering-related risk.,Initial Access,Phishing,
THR-2026-0677,2026-10-01 09:03:05,Credential Abuse Observation,CREDENTIAL THREATS,URL,https://credential-review-677.invalid/identity/verify,Security Vendor,A,68,HIGH,72.2,CLOSED,2026-04-26 09:03:05,2026-05-05 20:03:05,Demo Region B,Synthetic defensive observation representing a credential-related security risk.,Credential Access,Valid Accounts,
THR-2026-0678,2026-10-01 09:03:05,Suspicious File Hash Observation,MALWARE,EMAIL/SENDER DOMAIN,sender-678.invalid,Internal SOC,A,58,LOW,38.2,NEW,2026-07-16 09:03:05,2026-08-03 21:03:05,Not Available,Synthetic defensive observation representing a suspicious file or malware-related indicator.,Execution,User Execution,
THR-2026-0679,2026-10-01 09:03:05,Synthetic Account Security Event,ACCOUNT SECURITY,IP ADDRESS,203.0.113.172,Community Submission,C,33,MEDIUM,43.2,NEW,2026-05-18 09:03:05,2026-06-02 22:03:05,Demo Region C,Synthetic defensive observation representing an account-security-related risk.,Credential Access,Valid Accounts,
THR-2026-0680,2026-10-01 09:03:05,Suspicious Web Resource Pattern,WEB THREATS,EMAIL/SENDER DOMAIN,sender-680.invalid,Unknown Source,D,80,HIGH,77.0,MONITORING,2026-05-15 09:03:05,2026-05-25 15:03:05,Synthetic Region,Synthetic defensive observation representing a suspicious web-related indicator.,Initial Access,Phishing,
THR-2026-0681,2026-10-01 09:03:05,Synthetic Account Security Event,ACCOUNT SECURITY,EMAIL/SENDER DOMAIN,sender-681.invalid,Security Vendor,A,95,MEDIUM,68.0,CLOSED,2026-09-26 09:03:05,2026-10-17 07:03:05,Not Available,Synthetic defensive observation representing an account-security-related risk.,Credential Access,Valid Accounts,
THR-2026-0682,2026-10-01 09:03:05,Credential Exposure Indicator,CREDENTIAL THREATS,CVE ID,CVE-2025-1682,Community Submission,C,93,LOW,52.2,UNDER_REVIEW,2026-06-11 09:03:05,2026-07-11 03:03:05,Not Available,Synthetic defensive observation representing a credential-related security risk.,Credential Access,Valid Accounts,CVE-2025-1682
THR-2026-0683,2026-10-01 09:03:05,Suspicious Network Indicator Cluster,NETWORK THREATS,FILE HASH,391653706560508ef4bf1e8277e3a0ed9a8f26394d16fa924b083a125d5918d3,Research Report,B,63,LOW,40.2,MONITORING,2026-06-17 09:03:05,2026-06-27 11:03:05,Synthetic Region,Synthetic defensive observation representing a network-related security risk.,Command and Control,Application Layer Protocol,
THR-2026-0684,2026-10-01 09:03:05,Synthetic Web Threat Cluster,WEB THREATS,CVE ID,CVE-2023-1684,Research Report,B,55,LOW,37.0,UNDER_REVIEW,2026-07-31 09:03:05,2026-08-03 13:03:05,Demo Region A,Synthetic defensive observation representing a suspicious web-related indicator.,Initial Access,Phishing,CVE-2023-1684
THR-2026-0685,2026-10-01 09:03:05,Web Application Threat Observation,WEB THREATS,FILE HASH,c1889fb404a2dd48d17d8f64e52cbb82961412ce8650421813ff16c40e05c069,Unknown Source,D,79,CRITICAL,88.6,NEW,2026-09-21 09:03:05,2026-09-27 14:03:05,Demo Region B,Synthetic defensive observation representing a suspicious web-related indicator.,Initial Access,Phishing,
THR-2026-0686,2026-10-01 09:03:05,Suspicious Web Infrastructure,WEB THREATS,URL,https://system-alert-686.invalid/account/check,Unknown Source,D,30,MEDIUM,42.0,MONITORING,2026-05-29 09:03:05,2026-06-23 09:03:05,Demo Region A,Synthetic defensive observation representing a suspicious web-related indicator.,Initial Access,Phishing,
THR-2026-0687,2026-10-01 09:03:05,Suspicious Account Activity,ACCOUNT SECURITY,URL,https://security-alert-687.invalid/login,Research Report,B,36,HIGH,59.4,FALSE_POSITIVE,2026-08-26 09:03:05,2026-09-02 12:03:05,Not Available,Synthetic defensive observation representing an account-security-related risk.,Credential Access,Valid Accounts,
THR-2026-0688,2026-10-01 09:03:05,Synthetic Information Exposure,DATA EXPOSURE,URL,https://credential-review-688.invalid/verify,Public Threat Feed,B,40,LOW,31.0,CLOSED,2026-07-08 09:03:05,2026-08-04 03:03:05,Demo Region B,Synthetic defensive observation representing a possible data exposure concern.,Collection,Data from Information Repositories,
THR-2026-0689,2026-10-01 09:03:05,Credential Exposure Indicator,CREDENTIAL THREATS,DOMAIN,security-alert-689.invalid,Research Report,B,60,LOW,39.0,FALSE_POSITIVE,2026-06-18 09:03:05,2026-06-27 03:03:05,Synthetic Region,Synthetic defensive observation representing a credential-related security risk.,Credential Access,Valid Accounts,
THR-2026-0690,2026-10-01 09:03:05,Suspicious Network Indicator Cluster,NETWORK THREATS,CVE ID,CVE-2022-1690,Research Report,B,79,LOW,46.6,CLOSED,2026-04-09 09:03:05,2026-04-16 17:03:05,Demo Region C,Synthetic defensive observation representing a network-related security risk.,Command and Control,Application Layer Protocol,CVE-2022-1690
THR-2026-0691,2026-10-01 09:03:05,Suspicious Network Indicator Cluster,NETWORK THREATS,URL,https://login-check-691.invalid/review,Unknown Source,D,29,CRITICAL,68.6,FALSE_POSITIVE,2026-04-14 09:03:05,2026-05-09 10:03:05,Demo Region C,Synthetic defensive observation representing a network-related security risk.,Command and Control,Application Layer Protocol,
THR-2026-0692,2026-10-01 09:03:05,Synthetic Vulnerability Observation,VULNERABILITY EXPOSURE,URL,https://service-notice-692.invalid/review,Research Report,B,55,LOW,37.0,NEW,2026-06-23 09:03:05,2026-06-23 21:03:05,Demo Region C,Synthetic defensive observation representing potential vulnerability exposure.,Initial Access,User Execution,
THR-2026-0693,2026-10-01 09:03:05,Suspicious Authentication Pattern,CREDENTIAL THREATS,URL,https://mail-protection-693.invalid/account/check,Unknown Source,D,65,HIGH,71.0,CLOSED,2026-06-18 09:03:05,2026-07-13 10:03:05,Demo Region A,Synthetic defensive observation representing a credential-related security risk.,Credential Access,Valid Accounts,
THR-2026-0694,2026-10-01 09:03:05,Impersonation Activity Observation,SOCIAL ENGINEERING,CVE ID,CVE-2025-1694,Unknown Source,D,67,CRITICAL,83.8,MONITORING,2026-06-14 09:03:05,2026-07-12 12:03:05,Demo Region C,Synthetic defensive observation representing a social-engineering-related risk.,Initial Access,Phishing,CVE-2025-1694
THR-2026-0695,2026-10-01 09:03:05,Synthetic Malware Indicator Cluster,MALWARE,URL,https://secure-login-695.invalid/identity/verify,Unknown Source,D,95,HIGH,83.0,MONITORING,2026-07-09 09:03:05,2026-07-24 07:03:05,Demo Region A,Synthetic defensive observation representing a suspicious file or malware-related indicator.,Execution,User Execution,
THR-2026-0696,2026-10-01 09:03:05,Synthetic Ransomware Infrastructure,RANSOMWARE,CVE ID,CVE-2025-1696,Internal SOC,A,42,HIGH,61.8,FALSE_POSITIVE,2026-06-20 09:03:05,2026-06-27 05:03:05,Demo Region C,Synthetic defensive observation representing a ransomware-related risk pattern.,Impact,Data Encrypted for Impact,CVE-2025-1696
THR-2026-0697,2026-10-01 09:03:05,Endpoint Malware Indicator Cluster,MALWARE,IP ADDRESS,192.0.2.190,Community Submission,C,41,LOW,31.4,UNDER_REVIEW,2026-04-08 09:03:05,2026-04-21 19:03:05,Synthetic Region,Synthetic defensive observation representing a suspicious file or malware-related indicator.,Execution,User Execution,
THR-2026-0698,2026-10-01 09:03:05,Synthetic Web Threat Cluster,WEB THREATS,DOMAIN,account-support-698.invalid,Security Vendor,A,61,HIGH,69.4,CLOSED,2026-09-09 09:03:05,2026-09-22 20:03:05,Synthetic Region,Synthetic defensive observation representing a suspicious web-related indicator.,Initial Access,Phishing,
THR-2026-0699,2026-10-01 09:03:05,Suspicious Account Activity,ACCOUNT SECURITY,DOMAIN,login-check-699.invalid,Unknown Source,D,96,CRITICAL,95.4,NEW,2026-04-27 09:03:05,2026-05-17 16:03:05,Synthetic Region,Synthetic defensive observation representing an account-security-related risk.,Credential Access,Valid Accounts,
THR-2026-0700,2026-10-01 09:03:05,Web Application Threat Observation,WEB THREATS,CVE ID,CVE-2023-1700,Community Submission,C,79,INFORMATIONAL,37.6,FALSE_POSITIVE,2026-07-26 09:03:05,2026-07-30 11:03:05,Demo Region B,Synthetic defensive observation representing a suspicious web-related indicator.,Initial Access,Phishing,CVE-2023-1700
THR-2026-0701,2026-10-01 09:03:05,Suspicious File Hash Observation,MALWARE,IP ADDRESS,203.0.113.194,Unknown Source,D,83,MEDIUM,63.2,MONITORING,2026-05-27 09:03:05,2026-05-30 16:03:05,Demo Region B,Synthetic defensive observation representing a suspicious file or malware-related indicator.,Execution,User Execution,
THR-2026-0702,2026-10-01 09:03:05,Synthetic Web Threat Cluster,WEB THREATS,CVE ID,CVE-2025-1702,Security Vendor,A,80,MEDIUM,62.0,UNDER_REVIEW,2026-04-30 09:03:05,2026-05-06 18:03:05,Synthetic Region,Synthetic defensive observation representing a suspicious web-related indicator.,Initial Access,Phishing,CVE-2025-1702
THR-2026-0703,2026-10-01 09:03:05,Synthetic Vulnerability Observation,VULNERABILITY EXPOSURE,DOMAIN,login-check-703.invalid,Security Vendor,A,58,LOW,38.2,CLOSED,2026-04-25 09:03:05,2026-05-09 16:03:05,Not Available,Synthetic defensive observation representing potential vulnerability exposure.,Initial Access,User Execution,
THR-2026-0704,2026-10-01 09:03:05,Endpoint Malware Indicator Cluster,MALWARE,IP ADDRESS,198.51.100.197,Unknown Source,D,66,LOW,41.4,FALSE_POSITIVE,2026-06-21 09:03:05,2026-07-12 15:03:05,Synthetic Region,Synthetic defensive observation representing a suspicious file or malware-related indicator.,Execution,User Execution,
THR-2026-0705,2026-10-01 09:03:05,Suspicious Web Infrastructure,WEB THREATS,IP ADDRESS,192.0.2.198,Public Threat Feed,B,31,MEDIUM,42.4,MONITORING,2026-08-01 09:03:05,2026-08-16 20:03:05,Demo Region A,Synthetic defensive observation representing a suspicious web-related indicator.,Initial Access,Phishing,
THR-2026-0706,2026-10-01 09:03:05,Synthetic Data Exposure Observation,DATA EXPOSURE,EMAIL/SENDER DOMAIN,sender-706.invalid,Unknown Source,D,75,MEDIUM,60.0,UNDER_REVIEW,2026-06-28 09:03:05,2026-07-03 02:03:05,Not Available,Synthetic defensive observation representing a possible data exposure concern.,Collection,Data from Information Repositories,
THR-2026-0707,2026-10-01 09:03:05,Suspicious Web Resource Pattern,WEB THREATS,DOMAIN,system-alert-707.invalid,Research Report,B,68,MEDIUM,57.2,MONITORING,2026-08-28 09:03:05,2026-08-30 19:03:05,Demo Region B,Synthetic defensive observation representing a suspicious web-related indicator.,Initial Access,Phishing,
THR-2026-0708,2026-10-01 09:03:05,Synthetic Malicious File Pattern,MALWARE,URL,https://login-check-708.invalid/account/check,Unknown Source,D,60,MEDIUM,54.0,FALSE_POSITIVE,2026-06-30 09:03:05,2026-07-29 22:03:05,Demo Region C,Synthetic defensive observation representing a suspicious file or malware-related indicator.,Execution,User Execution,
THR-2026-0709,2026-10-01 09:03:05,Suspicious Web Resource Pattern,WEB THREATS,EMAIL/SENDER DOMAIN,sender-709.invalid,Public Threat Feed,B,46,LOW,33.4,UNDER_REVIEW,2026-05-28 09:03:05,2026-06-21 13:03:05,Demo Region A,Synthetic defensive observation representing a suspicious web-related indicator.,Initial Access,Phishing,
THR-2026-0710,2026-10-01 09:03:05,Ransomware Awareness Simulation,RANSOMWARE,IP ADDRESS,192.0.2.203,Public Threat Feed,B,85,LOW,49.0,CLOSED,2026-08-20 09:03:05,2026-09-11 23:03:05,Demo Region A,Synthetic defensive observation representing a ransomware-related risk pattern.,Impact,Data Encrypted for Impact,
THR-2026-0711,2026-10-01 09:03:05,Fake Account Verification Activity,PHISHING,FILE HASH,353ab497d0e5271c620e528de0c8732c0177cc103e4561ecd78030071de5d2b9,Research Report,B,87,HIGH,79.8,MONITORING,2026-05-27 09:03:05,2026-05-31 08:03:05,Demo Region A,Synthetic defensive observation representing a possible phishing-related indicator.,Initial Access,Phishing,
THR-2026-0712,2026-10-01 09:03:05,Suspicious File Hash Observation,MALWARE,DOMAIN,identity-check-712.invalid,Unknown Source,D,46,LOW,33.4,NEW,2026-05-23 09:03:05,2026-06-18 17:03:05,Not Available,Synthetic defensive observation representing a suspicious file or malware-related indicator.,Execution,User Execution,
THR-2026-0713,2026-10-01 09:03:05,Sensitive Data Protection Alert,DATA EXPOSURE,EMAIL/SENDER DOMAIN,sender-713.invalid,Security Vendor,A,34,LOW,28.6,MONITORING,2026-05-26 09:03:05,2026-06-16 12:03:05,Demo Region A,Synthetic defensive observation representing a possible data exposure concern.,Collection,Data from Information Repositories,
THR-2026-0714,2026-10-01 09:03:05,Endpoint Malware Indicator Cluster,MALWARE,FILE HASH,db73bc53d0b68b22ca478a3339f1aaf01e8e1b92b1efbf656c884c8141249761,Public Threat Feed,B,38,CRITICAL,72.2,CLOSED,2026-08-22 09:03:05,2026-08-22 11:03:05,Synthetic Region,Synthetic defensive observation representing a suspicious file or malware-related indicator.,Execution,User Execution,
THR-2026-0715,2026-10-01 09:03:05,Web Application Threat Observation,WEB THREATS,EMAIL/SENDER DOMAIN,sender-715.invalid,Internal SOC,A,67,MEDIUM,56.8,UNDER_REVIEW,2026-04-16 09:03:05,2026-05-05 23:03:05,Not Available,Synthetic defensive observation representing a suspicious web-related indicator.,Initial Access,Phishing,
THR-2026-0716,2026-10-01 09:03:05,Credential Abuse Observation,CREDENTIAL THREATS,IP ADDRESS,203.0.113.209,Unknown Source,D,32,LOW,27.8,CLOSED,2026-09-12 09:03:05,2026-09-30 04:03:05,Demo Region A,Synthetic defensive observation representing a credential-related security risk.,Credential Access,Valid Accounts,
THR-2026-0717,2026-10-01 09:03:05,Synthetic Web Threat Cluster,WEB THREATS,DOMAIN,mail-protection-717.invalid,Internal SOC,A,76,CRITICAL,87.4,UNDER_REVIEW,2026-09-25 09:03:05,2026-10-22 15:03:05,Synthetic Region,Synthetic defensive observation representing a suspicious web-related indicator.,Initial Access,Phishing,
THR-2026-0718,2026-10-01 09:03:05,Synthetic Web Threat Cluster,WEB THREATS,CVE ID,CVE-2023-1718,Research Report,B,87,LOW,49.8,NEW,2026-07-13 09:03:05,2026-08-11 06:03:05,Demo Region C,Synthetic defensive observation representing a suspicious web-related indicator.,Initial Access,Phishing,CVE-2023-1718
THR-2026-0719,2026-10-01 09:03:05,Synthetic Network Infrastructure,NETWORK THREATS,EMAIL/SENDER DOMAIN,sender-719.invalid,Research Report,B,82,LOW,47.8,CLOSED,2026-06-01 09:03:05,2026-06-10 03:03:05,Demo Region A,Synthetic defensive observation representing a network-related security risk.,Command and Control,Application Layer Protocol,
THR-2026-0720,2026-10-01 09:03:05,Synthetic Network Infrastructure,NETWORK THREATS,EMAIL/SENDER DOMAIN,sender-720.invalid,Internal SOC,A,79,LOW,46.6,UNDER_REVIEW,2026-09-20 09:03:05,2026-10-06 19:03:05,Demo Region B,Synthetic defensive observation representing a network-related security risk.,Command and Control,Application Layer Protocol,
THR-2026-0721,2026-10-01 09:03:05,Synthetic Social Engineering Campaign,SOCIAL ENGINEERING,EMAIL/SENDER DOMAIN,sender-721.invalid,Internal SOC,A,92,MEDIUM,66.8,MONITORING,2026-07-18 09:03:05,2026-08-01 22:03:05,Synthetic Region,Synthetic defensive observation representing a social-engineering-related risk.,Initial Access,Phishing,
THR-2026-0722,2026-10-01 09:03:05,Synthetic Ransomware Indicator Cluster,RANSOMWARE,DOMAIN,identity-check-722.invalid,Research Report,B,91,HIGH,81.4,MONITORING,2026-07-17 09:03:05,2026-08-04 10:03:05,Demo Region A,Synthetic defensive observation representing a ransomware-related risk pattern.,Impact,Data Encrypted for Impact,
THR-2026-0723,2026-10-01 09:03:05,Synthetic Malicious File Pattern,MALWARE,EMAIL/SENDER DOMAIN,sender-723.invalid,Research Report,B,37,MEDIUM,44.8,MONITORING,2026-04-14 09:03:05,2026-05-08 03:03:05,Demo Region C,Synthetic defensive observation representing a suspicious file or malware-related indicator.,Execution,User Execution,
THR-2026-0724,2026-10-01 09:03:05,Suspicious Account Activity,ACCOUNT SECURITY,IP ADDRESS,203.0.113.217,Security Vendor,A,84,INFORMATIONAL,39.6,CLOSED,2026-08-15 09:03:05,2026-09-10 21:03:05,Demo Region A,Synthetic defensive observation representing an account-security-related risk.,Credential Access,Valid Accounts,
THR-2026-0725,2026-10-01 09:03:05,Synthetic Web Threat Cluster,WEB THREATS,URL,https://account-support-725.invalid/review,Community Submission,C,82,MEDIUM,62.8,NEW,2026-07-25 09:03:05,2026-08-04 14:03:05,Demo Region B,Synthetic defensive observation representing a suspicious web-related indicator.,Initial Access,Phishing,
THR-2026-0726,2026-10-01 09:03:05,Account Protection Alert,ACCOUNT SECURITY,URL,https://security-alert-726.invalid/login,Research Report,B,25,MEDIUM,40.0,CLOSED,2026-09-01 09:03:05,2026-09-01 14:03:05,Synthetic Region,Synthetic defensive observation representing an account-security-related risk.,Credential Access,Valid Accounts,
THR-2026-0727,2026-10-01 09:03:05,Account Protection Alert,ACCOUNT SECURITY,CVE ID,CVE-2025-1727,Unknown Source,D,71,LOW,43.4,NEW,2026-04-11 09:03:05,2026-05-12 07:03:05,Demo Region C,Synthetic defensive observation representing an account-security-related risk.,Credential Access,Valid Accounts,CVE-2025-1727
THR-2026-0728,2026-10-01 09:03:05,File Encryption Threat Pattern,RANSOMWARE,DOMAIN,login-check-728.invalid,Unknown Source,D,27,LOW,25.8,UNDER_REVIEW,2026-08-13 09:03:05,2026-09-09 09:03:05,Synthetic Region,Synthetic defensive observation representing a ransomware-related risk pattern.,Impact,Data Encrypted for Impact,
THR-2026-0729,2026-10-01 09:03:05,Synthetic Account Credential Threat,CREDENTIAL THREATS,FILE HASH,2544e9023b57f1d35fc4df98a6059c8e0ca8d5eda6c3e35235ffae31c48a7717,Security Vendor,A,93,HIGH,82.2,UNDER_REVIEW,2026-09-08 09:03:05,2026-09-17 23:03:05,Synthetic Region,Synthetic defensive observation representing a credential-related security risk.,Credential Access,Valid Accounts,
THR-2026-0730,2026-10-01 09:03:05,Fake Account Verification Activity,PHISHING,IP ADDRESS,192.0.2.223,Research Report,B,81,HIGH,77.4,MONITORING,2026-06-02 09:03:05,2026-06-02 23:03:05,Demo Region B,Synthetic defensive observation representing a possible phishing-related indicator.,Initial Access,Phishing,
THR-2026-0731,2026-10-01 09:03:05,Authentication Risk Observation,ACCOUNT SECURITY,FILE HASH,2430b36cc69a72255a0754dffd58a8d64a7943981719c253c7950deab38cf64d,Research Report,B,80,INFORMATIONAL,38.0,CLOSED,2026-05-27 09:03:05,2026-06-20 03:03:05,Demo Region A,Synthetic defensive observation representing an account-security-related risk.,Credential Access,Valid Accounts,
THR-2026-0732,2026-10-01 09:03:05,Vulnerability Risk Assessment,VULNERABILITY EXPOSURE,FILE HASH,4c8d80f0e4b37175031b98e02744b8ea9217fa5bc3ec88cf4866e72a8cebcb27,Security Vendor,A,87,HIGH,79.8,MONITORING,2026-09-15 09:03:05,2026-10-01 09:03:05,Not Available,Synthetic defensive observation representing potential vulnerability exposure.,Initial Access,User Execution,
THR-2026-0733,2026-10-01 09:03:05,Sensitive Data Protection Alert,DATA EXPOSURE,IP ADDRESS,198.51.100.226,Research Report,B,78,HIGH,76.2,CLOSED,2026-09-01 09:03:05,2026-09-17 04:03:05,Synthetic Region,Synthetic defensive observation representing a possible data exposure concern.,Collection,Data from Information Repositories,
THR-2026-0734,2026-10-01 09:03:05,Fake Account Verification Activity,PHISHING,DOMAIN,identity-check-734.invalid,Public Threat Feed,B,85,HIGH,79.0,MONITORING,2026-06-10 09:03:05,2026-06-18 01:03:05,Not Available,Synthetic defensive observation representing a possible phishing-related indicator.,Initial Access,Phishing,
THR-2026-0735,2026-10-01 09:03:05,Authentication Risk Observation,ACCOUNT SECURITY,CVE ID,CVE-2025-1735,Unknown Source,D,62,LOW,39.8,UNDER_REVIEW,2026-06-23 09:03:05,2026-07-23 22:03:05,Synthetic Region,Synthetic defensive observation representing an account-security-related risk.,Credential Access,Valid Accounts,CVE-2025-1735
THR-2026-0736,2026-10-01 09:03:05,Synthetic Account Security Event,ACCOUNT SECURITY,DOMAIN,identity-check-736.invalid,Unknown Source,D,36,HIGH,59.4,FALSE_POSITIVE,2026-05-30 09:03:05,2026-06-03 14:03:05,Demo Region B,Synthetic defensive observation representing an account-security-related risk.,Credential Access,Valid Accounts,
THR-2026-0737,2026-10-01 09:03:05,Synthetic Social Engineering Campaign,SOCIAL ENGINEERING,IP ADDRESS,198.51.100.230,Public Threat Feed,B,88,CRITICAL,92.2,UNDER_REVIEW,2026-08-01 09:03:05,2026-08-08 02:03:05,Demo Region A,Synthetic defensive observation representing a social-engineering-related risk.,Initial Access,Phishing,
THR-2026-0738,2026-10-01 09:03:05,Suspicious Web Infrastructure,WEB THREATS,URL,https://account-verify-738.invalid/account/check,Internal SOC,A,89,HIGH,80.6,NEW,2026-09-14 09:03:05,2026-09-24 22:03:05,Not Available,Synthetic defensive observation representing a suspicious web-related indicator.,Initial Access,Phishing,
THR-2026-0739,2026-10-01 09:03:05,Synthetic Malicious File Pattern,MALWARE,EMAIL/SENDER DOMAIN,sender-739.invalid,Public Threat Feed,B,58,LOW,38.2,FALSE_POSITIVE,2026-07-02 09:03:05,2026-07-26 10:03:05,Demo Region B,Synthetic defensive observation representing a suspicious file or malware-related indicator.,Execution,User Execution,
THR-2026-0740,2026-10-01 09:03:05,Suspicious Account Activity,ACCOUNT SECURITY,CVE ID,CVE-2022-1740,Research Report,B,81,HIGH,77.4,NEW,2026-09-02 09:03:05,2026-09-06 04:03:05,Not Available,Synthetic defensive observation representing an account-security-related risk.,Credential Access,Valid Accounts,CVE-2022-1740
THR-2026-0741,2026-10-01 09:03:05,Synthetic Information Exposure,DATA EXPOSURE,IP ADDRESS,192.0.2.234,Public Threat Feed,B,51,MEDIUM,50.4,CLOSED,2026-08-21 09:03:05,2026-09-13 18:03:05,Not Available,Synthetic defensive observation representing a possible data exposure concern.,Collection,Data from Information Repositories,
THR-2026-0742,2026-10-01 09:03:05,Synthetic Malware Indicator Cluster,MALWARE,DOMAIN,service-notice-742.invalid,Internal SOC,A,42,MEDIUM,46.8,CLOSED,2026-08-10 09:03:05,2026-08-24 22:03:05,Demo Region B,Synthetic defensive observation representing a suspicious file or malware-related indicator.,Execution,User Execution,
THR-2026-0743,2026-10-01 09:03:05,Suspicious Network Indicator Cluster,NETWORK THREATS,URL,https://system-alert-743.invalid/account/check,Unknown Source,D,72,LOW,43.8,FALSE_POSITIVE,2026-06-16 09:03:05,2026-06-28 05:03:05,Demo Region B,Synthetic defensive observation representing a network-related security risk.,Command and Control,Application Layer Protocol,
THR-2026-0744,2026-10-01 09:03:05,Synthetic Vulnerability Observation,VULNERABILITY EXPOSURE,DOMAIN,account-verify-744.invalid,Research Report,B,77,HIGH,75.8,CLOSED,2026-06-05 09:03:05,2026-07-06 01:03:05,Demo Region A,Synthetic defensive observation representing potential vulnerability exposure.,Initial Access,User Execution,
THR-2026-0745,2026-10-01 09:03:05,File Encryption Threat Pattern,RANSOMWARE,IP ADDRESS,203.0.113.238,Internal SOC,A,33,HIGH,58.2,NEW,2026-07-06 09:03:05,2026-07-16 21:03:05,Synthetic Region,Synthetic defensive observation representing a ransomware-related risk pattern.,Impact,Data Encrypted for Impact,
THR-2026-0746,2026-10-01 09:03:05,Synthetic Vulnerability Observation,VULNERABILITY EXPOSURE,IP ADDRESS,203.0.113.239,Community Submission,C,44,CRITICAL,74.6,CLOSED,2026-09-16 09:03:05,2026-10-07 07:03:05,Synthetic Region,Synthetic defensive observation representing potential vulnerability exposure.,Initial Access,User Execution,
THR-2026-0747,2026-10-01 09:03:05,Synthetic Information Exposure,DATA EXPOSURE,URL,https://service-notice-747.invalid/security/notice,Community Submission,C,60,INFORMATIONAL,30.0,UNDER_REVIEW,2026-04-27 09:03:05,2026-05-26 13:03:05,Synthetic Region,Synthetic defensive observation representing a possible data exposure concern.,Collection,Data from Information Repositories,
THR-2026-0748,2026-10-01 09:03:05,Synthetic Information Exposure,DATA EXPOSURE,EMAIL/SENDER DOMAIN,sender-748.invalid,Unknown Source,D,81,HIGH,77.4,MONITORING,2026-07-04 09:03:05,2026-08-02 05:03:05,Demo Region B,Synthetic defensive observation representing a possible data exposure concern.,Collection,Data from Information Repositories,
THR-2026-0749,2026-10-01 09:03:05,Synthetic Malware Indicator Cluster,MALWARE,IP ADDRESS,203.0.113.242,Community Submission,C,41,MEDIUM,46.4,FALSE_POSITIVE,2026-05-15 09:03:05,2026-05-24 15:03:05,Not Available,Synthetic defensive observation representing a suspicious file or malware-related indicator.,Execution,User Execution,
THR-2026-0750,2026-10-01 09:03:05,Web Application Threat Observation,WEB THREATS,EMAIL/SENDER DOMAIN,sender-750.invalid,Internal SOC,A,45,MEDIUM,48.0,MONITORING,2026-09-23 09:03:05,2026-10-22 02:03:05,Demo Region B,Synthetic defensive observation representing a suspicious web-related indicator.,Initial Access,Phishing,
THR-2026-0751,2026-10-01 09:03:05,Synthetic Vulnerability Observation,VULNERABILITY EXPOSURE,EMAIL/SENDER DOMAIN,sender-751.invalid,Public Threat Feed,B,32,LOW,27.8,NEW,2026-07-26 09:03:05,2026-08-16 01:03:05,Demo Region A,Synthetic defensive observation representing potential vulnerability exposure.,Initial Access,User Execution,
THR-2026-0752,2026-10-01 09:03:05,Suspicious File Hash Observation,MALWARE,FILE HASH,8f20bdc80560336fef255845276dc143ef96f7318086980866d12ec19c9af68d,Public Threat Feed,B,83,HIGH,78.2,MONITORING,2026-08-01 09:03:05,2026-08-27 08:03:05,Demo Region C,Synthetic defensive observation representing a suspicious file or malware-related indicator.,Execution,User Execution,
THR-2026-0753,2026-10-01 09:03:05,Synthetic Web Threat Cluster,WEB THREATS,CVE ID,CVE-2026-1753,Community Submission,C,73,MEDIUM,59.2,CLOSED,2026-07-29 09:03:05,2026-08-01 19:03:05,Demo Region C,Synthetic defensive observation representing a suspicious web-related indicator.,Initial Access,Phishing,CVE-2026-1753
THR-2026-0754,2026-10-01 09:03:05,Endpoint Malware Indicator Cluster,MALWARE,DOMAIN,secure-login-754.invalid,Internal SOC,A,35,HIGH,59.0,CLOSED,2026-09-15 09:03:05,2026-09-28 13:03:05,Demo Region B,Synthetic defensive observation representing a suspicious file or malware-related indicator.,Execution,User Execution,
THR-2026-0755,2026-10-01 09:03:05,Endpoint Malware Indicator Cluster,MALWARE,URL,https://system-alert-755.invalid/login,Research Report,B,91,MEDIUM,66.4,CLOSED,2026-07-25 09:03:05,2026-08-13 00:03:05,Synthetic Region,Synthetic defensive observation representing a suspicious file or malware-related indicator.,Execution,User Execution,
THR-2026-0756,2026-10-01 09:03:05,Synthetic Vulnerability Exposure,VULNERABILITY EXPOSURE,DOMAIN,account-verify-756.invalid,Unknown Source,D,87,MEDIUM,64.8,CLOSED,2026-06-05 09:03:05,2026-06-10 07:03:05,Demo Region B,Synthetic defensive observation representing potential vulnerability exposure.,Initial Access,User Execution,
THR-2026-0757,2026-10-01 09:03:05,Synthetic Social Engineering Campaign,SOCIAL ENGINEERING,IP ADDRESS,203.0.113.250,Public Threat Feed,B,96,LOW,53.4,MONITORING,2026-08-31 09:03:05,2026-09-19 22:03:05,Demo Region A,Synthetic defensive observation representing a social-engineering-related risk.,Initial Access,Phishing,
THR-2026-0758,2026-10-01 09:03:05,Account Protection Alert,ACCOUNT SECURITY,URL,https://login-check-758.invalid/identity/verify,Public Threat Feed,B,72,LOW,43.8,UNDER_REVIEW,2026-06-27 09:03:05,2026-07-06 18:03:05,Demo Region A,Synthetic defensive observation representing an account-security-related risk.,Credential Access,Valid Accounts,
THR-2026-0759,2026-10-01 09:03:05,Ransomware Awareness Simulation,RANSOMWARE,EMAIL/SENDER DOMAIN,sender-759.invalid,Public Threat Feed,B,64,MEDIUM,55.6,NEW,2026-08-06 09:03:05,2026-08-12 08:03:05,Demo Region A,Synthetic defensive observation representing a ransomware-related risk pattern.,Impact,Data Encrypted for Impact,
THR-2026-0760,2026-10-01 09:03:05,Synthetic Information Exposure,DATA EXPOSURE,URL,https://security-alert-760.invalid/verify,Public Threat Feed,B,98,MEDIUM,69.2,FALSE_POSITIVE,2026-05-09 09:03:05,2026-05-23 19:03:05,Synthetic Region,Synthetic defensive observation representing a possible data exposure concern.,Collection,Data from Information Repositories,
THR-2026-0761,2026-10-01 09:03:05,Synthetic Ransomware Infrastructure,RANSOMWARE,DOMAIN,system-alert-761.invalid,Unknown Source,D,82,MEDIUM,62.8,FALSE_POSITIVE,2026-06-08 09:03:05,2026-06-13 08:03:05,Demo Region A,Synthetic defensive observation representing a ransomware-related risk pattern.,Impact,Data Encrypted for Impact,
THR-2026-0762,2026-10-01 09:03:05,Account Protection Alert,ACCOUNT SECURITY,FILE HASH,718b8f4c451474f3d2f4db7fa9a1642a5572c0e59a58024f26a1a8615b315703,Community Submission,C,68,HIGH,72.2,NEW,2026-09-19 09:03:05,2026-10-20 06:03:05,Demo Region C,Synthetic defensive observation representing an account-security-related risk.,Credential Access,Valid Accounts,
THR-2026-0763,2026-10-01 09:03:05,Synthetic Ransomware Indicator Cluster,RANSOMWARE,CVE ID,CVE-2022-1763,Community Submission,C,64,MEDIUM,55.6,FALSE_POSITIVE,2026-04-18 09:03:05,2026-04-22 05:03:05,Demo Region B,Synthetic defensive observation representing a ransomware-related risk pattern.,Impact,Data Encrypted for Impact,CVE-2022-1763
THR-2026-0764,2026-10-01 09:03:05,Synthetic Data Exposure Observation,DATA EXPOSURE,EMAIL/SENDER DOMAIN,sender-764.invalid,Community Submission,C,97,HIGH,83.8,MONITORING,2026-08-13 09:03:05,2026-09-07 00:03:05,Demo Region A,Synthetic defensive observation representing a possible data exposure concern.,Collection,Data from Information Repositories,
THR-2026-0765,2026-10-01 09:03:05,Sensitive Data Protection Alert,DATA EXPOSURE,DOMAIN,login-check-765.invalid,Security Vendor,A,51,LOW,35.4,FALSE_POSITIVE,2026-05-05 09:03:05,2026-05-19 11:03:05,Synthetic Region,Synthetic defensive observation representing a possible data exposure concern.,Collection,Data from Information Repositories,
THR-2026-0766,2026-10-01 09:03:05,Synthetic Login Impersonation Campaign,PHISHING,FILE HASH,18978620aab713ca6997d1dd2a0b89f3e77e35a26fdb1f7276c5d541da84acb5,Security Vendor,A,80,INFORMATIONAL,38.0,MONITORING,2026-06-16 09:03:05,2026-06-17 01:03:05,Synthetic Region,Synthetic defensive observation representing a possible phishing-related indicator.,Initial Access,Phishing,
THR-2026-0767,2026-10-01 09:03:05,Suspicious File Hash Observation,MALWARE,IP ADDRESS,192.0.2.6,Security Vendor,A,61,MEDIUM,54.4,CLOSED,2026-08-15 09:03:05,2026-08-23 11:03:05,Demo Region C,Synthetic defensive observation representing a suspicious file or malware-related indicator.,Execution,User Execution,
THR-2026-0768,2026-10-01 09:03:05,Synthetic Ransomware Indicator Cluster,RANSOMWARE,IP ADDRESS,203.0.113.7,Internal SOC,A,48,CRITICAL,76.2,UNDER_REVIEW,2026-09-16 09:03:05,2026-09-25 21:03:05,Demo Region C,Synthetic defensive observation representing a ransomware-related risk pattern.,Impact,Data Encrypted for Impact,
THR-2026-0769,2026-10-01 09:03:05,Unpatched Software Awareness Record,VULNERABILITY EXPOSURE,URL,https://identity-check-769.invalid/login,Internal SOC,A,40,CRITICAL,73.0,FALSE_POSITIVE,2026-08-10 09:03:05,2026-08-18 04:03:05,Synthetic Region,Synthetic defensive observation representing potential vulnerability exposure.,Initial Access,User Execution,
THR-2026-0770,2026-10-01 09:03:05,Synthetic Information Exposure,DATA EXPOSURE,FILE HASH,79d35676cce73a3e191f492f8918bd7e9a9cbe7098345fb60776f26ddebb81c3,Research Report,B,65,LOW,41.0,CLOSED,2026-05-12 09:03:05,2026-05-25 11:03:05,Demo Region A,Synthetic defensive observation representing a possible data exposure concern.,Collection,Data from Information Repositories,
THR-2026-0771,2026-10-01 09:03:05,Suspicious Authentication Pattern,CREDENTIAL THREATS,IP ADDRESS,198.51.100.10,Security Vendor,A,37,MEDIUM,44.8,CLOSED,2026-05-11 09:03:05,2026-05-31 13:03:05,Not Available,Synthetic defensive observation representing a credential-related security risk.,Credential Access,Valid Accounts,
THR-2026-0772,2026-10-01 09:03:05,Synthetic Human-Factor Threat,SOCIAL ENGINEERING,IP ADDRESS,203.0.113.11,Public Threat Feed,B,43,MEDIUM,47.2,CLOSED,2026-05-15 09:03:05,2026-05-20 16:03:05,Not Available,Synthetic defensive observation representing a social-engineering-related risk.,Initial Access,Phishing,
THR-2026-0773,2026-10-01 09:03:05,Suspicious Credential Collection Pattern,PHISHING,IP ADDRESS,198.51.100.12,Unknown Source,D,62,CRITICAL,81.8,MONITORING,2026-08-19 09:03:05,2026-08-19 10:03:05,Demo Region C,Synthetic defensive observation representing a possible phishing-related indicator.,Initial Access,Phishing,
THR-2026-0774,2026-10-01 09:03:05,Synthetic Web Threat Cluster,WEB THREATS,CVE ID,CVE-2025-1774,Community Submission,C,52,CRITICAL,77.8,FALSE_POSITIVE,2026-05-23 09:03:05,2026-06-01 10:03:05,Not Available,Synthetic defensive observation representing a suspicious web-related indicator.,Initial Access,Phishing,CVE-2025-1774
THR-2026-0775,2026-10-01 09:03:05,Suspicious File Hash Observation,MALWARE,URL,https://security-alert-775.invalid/login,Unknown Source,D,42,HIGH,61.8,FALSE_POSITIVE,2026-05-11 09:03:05,2026-05-19 22:03:05,Not Available,Synthetic defensive observation representing a suspicious file or malware-related indicator.,Execution,User Execution,
THR-2026-0776,2026-10-01 09:03:05,Network Communication Anomaly,NETWORK THREATS,CVE ID,CVE-2024-1776,Public Threat Feed,B,82,MEDIUM,62.8,CLOSED,2026-07-30 09:03:05,2026-08-20 19:03:05,Demo Region B,Synthetic defensive observation representing a network-related security risk.,Command and Control,Application Layer Protocol,CVE-2024-1776
THR-2026-0777,2026-10-01 09:03:05,Synthetic Account Security Event,ACCOUNT SECURITY,URL,https://login-check-777.invalid/review,Community Submission,C,25,LOW,25.0,FALSE_POSITIVE,2026-06-01 09:03:05,2026-06-01 09:03:05,Synthetic Region,Synthetic defensive observation representing an account-security-related risk.,Credential Access,Valid Accounts,
THR-2026-0778,2026-10-01 09:03:05,Synthetic Human-Factor Threat,SOCIAL ENGINEERING,FILE HASH,afdc6fc29368893a33fdd4e6abe514da4a28d003fca0b7234defefc85c7ef94f,Community Submission,C,34,HIGH,58.6,MONITORING,2026-09-23 09:03:05,2026-10-22 06:03:05,Demo Region A,Synthetic defensive observation representing a social-engineering-related risk.,Initial Access,Phishing,
THR-2026-0779,2026-10-01 09:03:05,Synthetic Vulnerability Observation,VULNERABILITY EXPOSURE,EMAIL/SENDER DOMAIN,sender-779.invalid,Unknown Source,D,47,MEDIUM,48.8,CLOSED,2026-09-28 09:03:05,2026-10-01 23:03:05,Demo Region B,Synthetic defensive observation representing potential vulnerability exposure.,Initial Access,User Execution,
THR-2026-0780,2026-10-01 09:03:05,Synthetic Login Impersonation Campaign,PHISHING,DOMAIN,login-check-780.invalid,Security Vendor,A,70,HIGH,73.0,UNDER_REVIEW,2026-09-07 09:03:05,2026-10-04 04:03:05,Demo Region B,Synthetic defensive observation representing a possible phishing-related indicator.,Initial Access,Phishing,
THR-2026-0781,2026-10-01 09:03:05,Synthetic Human-Factor Threat,SOCIAL ENGINEERING,URL,https://login-check-781.invalid/security/notice,Internal SOC,A,51,MEDIUM,50.4,MONITORING,2026-08-11 09:03:05,2026-09-07 05:03:05,Demo Region A,Synthetic defensive observation representing a social-engineering-related risk.,Initial Access,Phishing,
THR-2026-0782,2026-10-01 09:03:05,Synthetic Account Security Event,ACCOUNT SECURITY,EMAIL/SENDER DOMAIN,sender-782.invalid,Security Vendor,A,95,MEDIUM,68.0,FALSE_POSITIVE,2026-04-15 09:03:05,2026-05-09 03:03:05,Demo Region A,Synthetic defensive observation representing an account-security-related risk.,Credential Access,Valid Accounts,
THR-2026-0783,2026-10-01 09:03:05,File Encryption Threat Pattern,RANSOMWARE,CVE ID,CVE-2022-1783,Security Vendor,A,97,LOW,53.8,FALSE_POSITIVE,2026-05-20 09:03:05,2026-06-12 17:03:05,Demo Region A,Synthetic defensive observation representing a ransomware-related risk pattern.,Impact,Data Encrypted for Impact,CVE-2022-1783
THR-2026-0784,2026-10-01 09:03:05,Suspicious Account Activity,ACCOUNT SECURITY,URL,https://system-alert-784.invalid/login,Unknown Source,D,79,INFORMATIONAL,37.6,CLOSED,2026-04-11 09:03:05,2026-05-12 05:03:05,Demo Region C,Synthetic defensive observation representing an account-security-related risk.,Credential Access,Valid Accounts,
THR-2026-0785,2026-10-01 09:03:05,Unpatched Software Awareness Record,VULNERABILITY EXPOSURE,URL,https://security-alert-785.invalid/review,Public Threat Feed,B,88,MEDIUM,65.2,MONITORING,2026-05-21 09:03:05,2026-06-14 10:03:05,Demo Region A,Synthetic defensive observation representing potential vulnerability exposure.,Initial Access,User Execution,
THR-2026-0786,2026-10-01 09:03:05,Synthetic Vulnerability Exposure,VULNERABILITY EXPOSURE,EMAIL/SENDER DOMAIN,sender-786.invalid,Research Report,B,25,MEDIUM,40.0,CLOSED,2026-08-12 09:03:05,2026-08-22 11:03:05,Demo Region B,Synthetic defensive observation representing potential vulnerability exposure.,Initial Access,User Execution,
THR-2026-0787,2026-10-01 09:03:05,Synthetic Malware Indicator Cluster,MALWARE,DOMAIN,mail-protection-787.invalid,Internal SOC,A,64,LOW,40.6,CLOSED,2026-04-23 09:03:05,2026-05-13 12:03:05,Synthetic Region,Synthetic defensive observation representing a suspicious file or malware-related indicator.,Execution,User Execution,
THR-2026-0788,2026-10-01 09:03:05,Fake Account Verification Activity,PHISHING,EMAIL/SENDER DOMAIN,sender-788.invalid,Public Threat Feed,B,67,HIGH,71.8,NEW,2026-07-29 09:03:05,2026-08-02 00:03:05,Demo Region C,Synthetic defensive observation representing a possible phishing-related indicator.,Initial Access,Phishing,
THR-2026-0789,2026-10-01 09:03:05,Synthetic Network Infrastructure,NETWORK THREATS,EMAIL/SENDER DOMAIN,sender-789.invalid,Community Submission,C,34,HIGH,58.6,NEW,2026-04-25 09:03:05,2026-05-09 12:03:05,Not Available,Synthetic defensive observation representing a network-related security risk.,Command and Control,Application Layer Protocol,
THR-2026-0790,2026-10-01 09:03:05,Synthetic Malware Indicator Cluster,MALWARE,IP ADDRESS,192.0.2.29,Security Vendor,A,33,MEDIUM,43.2,FALSE_POSITIVE,2026-09-15 09:03:05,2026-10-14 23:03:05,Demo Region C,Synthetic defensive observation representing a suspicious file or malware-related indicator.,Execution,User Execution,
THR-2026-0791,2026-10-01 09:03:05,Vulnerability Risk Assessment,VULNERABILITY EXPOSURE,IP ADDRESS,192.0.2.30,Internal SOC,A,96,MEDIUM,68.4,FALSE_POSITIVE,2026-07-17 09:03:05,2026-08-13 21:03:05,Demo Region A,Synthetic defensive observation representing potential vulnerability exposure.,Initial Access,User Execution,
THR-2026-0792,2026-10-01 09:03:05,Synthetic Vulnerability Exposure,VULNERABILITY EXPOSURE,DOMAIN,account-support-792.invalid,Research Report,B,26,HIGH,55.4,NEW,2026-06-24 09:03:05,2026-07-08 22:03:05,Demo Region C,Synthetic defensive observation representing potential vulnerability exposure.,Initial Access,User Execution,
THR-2026-0793,2026-10-01 09:03:05,Synthetic Social Engineering Campaign,SOCIAL ENGINEERING,EMAIL/SENDER DOMAIN,sender-793.invalid,Internal SOC,A,49,LOW,34.6,UNDER_REVIEW,2026-09-04 09:03:05,2026-09-05 04:03:05,Not Available,Synthetic defensive observation representing a social-engineering-related risk.,Initial Access,Phishing,
THR-2026-0794,2026-10-01 09:03:05,Synthetic Account Security Event,ACCOUNT SECURITY,DOMAIN,system-alert-794.invalid,Research Report,B,78,LOW,46.2,NEW,2026-04-25 09:03:05,2026-05-09 14:03:05,Demo Region B,Synthetic defensive observation representing an account-security-related risk.,Credential Access,Valid Accounts,
THR-2026-0795,2026-10-01 09:03:05,Fake Account Verification Activity,PHISHING,DOMAIN,identity-check-795.invalid,Unknown Source,D,90,MEDIUM,66.0,CLOSED,2026-07-01 09:03:05,2026-07-11 03:03:05,Demo Region B,Synthetic defensive observation representing a possible phishing-related indicator.,Initial Access,Phishing,
THR-2026-0796,2026-10-01 09:03:05,Synthetic Web Threat Cluster,WEB THREATS,EMAIL/SENDER DOMAIN,sender-796.invalid,Internal SOC,A,72,MEDIUM,58.8,UNDER_REVIEW,2026-05-21 09:03:05,2026-06-09 06:03:05,Demo Region A,Synthetic defensive observation representing a suspicious web-related indicator.,Initial Access,Phishing,
THR-2026-0797,2026-10-01 09:03:05,Potential Data Exposure Pattern,DATA EXPOSURE,EMAIL/SENDER DOMAIN,sender-797.invalid,Public Threat Feed,B,79,HIGH,76.6,MONITORING,2026-08-11 09:03:05,2026-08-18 05:03:05,Demo Region A,Synthetic defensive observation representing a possible data exposure concern.,Collection,Data from Information Repositories,
THR-2026-0798,2026-10-01 09:03:05,Suspicious Authentication Pattern,CREDENTIAL THREATS,CVE ID,CVE-2025-1798,Community Submission,C,84,HIGH,78.6,MONITORING,2026-04-06 09:03:05,2026-04-17 03:03:05,Not Available,Synthetic defensive observation representing a credential-related security risk.,Credential Access,Valid Accounts,CVE-2025-1798
THR-2026-0799,2026-10-01 09:03:05,Unpatched Software Awareness Record,VULNERABILITY EXPOSURE,URL,https://account-verify-799.invalid/verify,Research Report,B,30,MEDIUM,42.0,CLOSED,2026-08-05 09:03:05,2026-09-03 09:03:05,Demo Region B,Synthetic defensive observation representing potential vulnerability exposure.,Initial Access,User Execution,
THR-2026-0800,2026-10-01 09:03:05,Synthetic Account Security Event,ACCOUNT SECURITY,DOMAIN,mail-protection-800.invalid,Unknown Source,D,67,MEDIUM,56.8,MONITORING,2026-06-26 09:03:05,2026-07-02 21:03:05,Demo Region A,Synthetic defensive observation representing an account-security-related risk.,Credential Access,Valid Accounts,
THR-2026-0801,2026-10-01 09:03:05,Synthetic Login Impersonation Campaign,PHISHING,IP ADDRESS,198.51.100.40,Security Vendor,A,39,INFORMATIONAL,21.6,NEW,2026-07-18 09:03:05,2026-08-01 15:03:05,Demo Region A,Synthetic defensive observation representing a possible phishing-related indicator.,Initial Access,Phishing,
THR-2026-0802,2026-10-01 09:03:05,Synthetic Account Credential Threat,CREDENTIAL THREATS,DOMAIN,identity-check-802.invalid,Unknown Source,D,58,LOW,38.2,UNDER_REVIEW,2026-08-17 09:03:05,2026-08-28 02:03:05,Demo Region B,Synthetic defensive observation representing a credential-related security risk.,Credential Access,Valid Accounts,
THR-2026-0803,2026-10-01 09:03:05,Synthetic Credential Phishing Campaign,PHISHING,DOMAIN,identity-check-803.invalid,Unknown Source,D,27,HIGH,55.8,UNDER_REVIEW,2026-08-26 09:03:05,2026-09-08 05:03:05,Demo Region C,Synthetic defensive observation representing a possible phishing-related indicator.,Initial Access,Phishing,
THR-2026-0804,2026-10-01 09:03:05,Suspicious Web Infrastructure,WEB THREATS,FILE HASH,8c4a8bc018e84da58809a4f0702f10c844c00bbdbcd1210d5525b1050795bc6d,Community Submission,C,46,HIGH,63.4,UNDER_REVIEW,2026-04-24 09:03:05,2026-05-22 22:03:05,Demo Region A,Synthetic defensive observation representing a suspicious web-related indicator.,Initial Access,Phishing,
THR-2026-0805,2026-10-01 09:03:05,File Encryption Threat Pattern,RANSOMWARE,DOMAIN,mail-protection-805.invalid,Public Threat Feed,B,72,MEDIUM,58.8,FALSE_POSITIVE,2026-04-30 09:03:05,2026-05-14 05:03:05,Demo Region A,Synthetic defensive observation representing a ransomware-related risk pattern.,Impact,Data Encrypted for Impact,
THR-2026-0806,2026-10-01 09:03:05,Authentication Risk Observation,ACCOUNT SECURITY,DOMAIN,system-alert-806.invalid,Public Threat Feed,B,44,LOW,32.6,FALSE_POSITIVE,2026-07-29 09:03:05,2026-07-31 05:03:05,Demo Region B,Synthetic defensive observation representing an account-security-related risk.,Credential Access,Valid Accounts,
THR-2026-0807,2026-10-01 09:03:05,Account Protection Alert,ACCOUNT SECURITY,FILE HASH,376464b7c05202deceb38fc297385c04f7c8ba7037731ce015620b3f78007cba,Unknown Source,D,85,LOW,49.0,MONITORING,2026-04-26 09:03:05,2026-04-28 14:03:05,Not Available,Synthetic defensive observation representing an account-security-related risk.,Credential Access,Valid Accounts,
THR-2026-0808,2026-10-01 09:03:05,Synthetic Human-Factor Threat,SOCIAL ENGINEERING,EMAIL/SENDER DOMAIN,sender-808.invalid,Unknown Source,D,66,MEDIUM,56.4,CLOSED,2026-06-27 09:03:05,2026-07-14 07:03:05,Synthetic Region,Synthetic defensive observation representing a social-engineering-related risk.,Initial Access,Phishing,
THR-2026-0809,2026-10-01 09:03:05,Suspicious Web Resource Pattern,WEB THREATS,EMAIL/SENDER DOMAIN,sender-809.invalid,Security Vendor,A,29,MEDIUM,41.6,CLOSED,2026-08-05 09:03:05,2026-09-02 15:03:05,Demo Region B,Synthetic defensive observation representing a suspicious web-related indicator.,Initial Access,Phishing,
THR-2026-0810,2026-10-01 09:03:05,Credential Exposure Indicator,CREDENTIAL THREATS,URL,https://secure-login-810.invalid/login,Public Threat Feed,B,72,MEDIUM,58.8,CLOSED,2026-05-13 09:03:05,2026-05-15 13:03:05,Demo Region C,Synthetic defensive observation representing a credential-related security risk.,Credential Access,Valid Accounts,
THR-2026-0811,2026-10-01 09:03:05,Synthetic Information Exposure,DATA EXPOSURE,URL,https://mail-protection-811.invalid/identity/verify,Community Submission,C,90,INFORMATIONAL,42.0,CLOSED,2026-07-06 09:03:05,2026-07-19 23:03:05,Synthetic Region,Synthetic defensive observation representing a possible data exposure concern.,Collection,Data from Information Repositories,
THR-2026-0812,2026-10-01 09:03:05,Synthetic Network Threat Observation,NETWORK THREATS,FILE HASH,f47350e225e7e82c1ed1a7373f606033cb84e3cc0315061ca734c82a3a156925,Research Report,B,47,MEDIUM,48.8,NEW,2026-08-02 09:03:05,2026-08-11 05:03:05,Demo Region C,Synthetic defensive observation representing a network-related security risk.,Command and Control,Application Layer Protocol,
THR-2026-0813,2026-10-01 09:03:05,Suspicious Web Infrastructure,WEB THREATS,EMAIL/SENDER DOMAIN,sender-813.invalid,Public Threat Feed,B,35,MEDIUM,44.0,NEW,2026-08-03 09:03:05,2026-08-06 12:03:05,Demo Region C,Synthetic defensive observation representing a suspicious web-related indicator.,Initial Access,Phishing,
THR-2026-0814,2026-10-01 09:03:05,Sensitive Data Protection Alert,DATA EXPOSURE,DOMAIN,service-notice-814.invalid,Public Threat Feed,B,67,LOW,41.8,FALSE_POSITIVE,2026-07-15 09:03:05,2026-08-08 06:03:05,Demo Region B,Synthetic defensive observation representing a possible data exposure concern.,Collection,Data from Information Repositories,
THR-2026-0815,2026-10-01 09:03:05,Ransomware Awareness Simulation,RANSOMWARE,CVE ID,CVE-2026-1815,Public Threat Feed,B,26,HIGH,55.4,FALSE_POSITIVE,2026-07-20 09:03:05,2026-08-15 20:03:05,Synthetic Region,Synthetic defensive observation representing a ransomware-related risk pattern.,Impact,Data Encrypted for Impact,CVE-2026-1815
THR-2026-0816,2026-10-01 09:03:05,Fake Account Verification Activity,PHISHING,FILE HASH,e7b134e84603f80a62d04d3a247e6cfae9cb906832fedbd75f0dbc3ac7bd5ac2,Research Report,B,44,CRITICAL,74.6,UNDER_REVIEW,2026-08-03 09:03:05,2026-08-11 08:03:05,Synthetic Region,Synthetic defensive observation representing a possible phishing-related indicator.,Initial Access,Phishing,
THR-2026-0817,2026-10-01 09:03:05,Sensitive Data Protection Alert,DATA EXPOSURE,EMAIL/SENDER DOMAIN,sender-817.invalid,Unknown Source,D,84,HIGH,78.6,CLOSED,2026-06-04 09:03:05,2026-06-14 11:03:05,Demo Region B,Synthetic defensive observation representing a possible data exposure concern.,Collection,Data from Information Repositories,
THR-2026-0818,2026-10-01 09:03:05,Unpatched Software Awareness Record,VULNERABILITY EXPOSURE,DOMAIN,credential-review-818.invalid,Internal SOC,A,96,MEDIUM,68.4,NEW,2026-06-27 09:03:05,2026-07-02 03:03:05,Demo Region C,Synthetic defensive observation representing potential vulnerability exposure.,Initial Access,User Execution,
THR-2026-0819,2026-10-01 09:03:05,Social Engineering Risk Pattern,SOCIAL ENGINEERING,CVE ID,CVE-2024-1819,Research Report,B,78,MEDIUM,61.2,FALSE_POSITIVE,2026-04-08 09:03:05,2026-05-02 21:03:05,Demo Region C,Synthetic defensive observation representing a social-engineering-related risk.,Initial Access,Phishing,CVE-2024-1819
THR-2026-0820,2026-10-01 09:03:05,Suspicious Credential Collection Pattern,PHISHING,EMAIL/SENDER DOMAIN,sender-820.invalid,Security Vendor,A,42,HIGH,61.8,UNDER_REVIEW,2026-07-08 09:03:05,2026-07-27 05:03:05,Synthetic Region,Synthetic defensive observation representing a possible phishing-related indicator.,Initial Access,Phishing,
THR-2026-0821,2026-10-01 09:03:05,Synthetic Vulnerability Observation,VULNERABILITY EXPOSURE,IP ADDRESS,203.0.113.60,Internal SOC,A,85,MEDIUM,64.0,UNDER_REVIEW,2026-07-08 09:03:05,2026-07-26 23:03:05,Demo Region A,Synthetic defensive observation representing potential vulnerability exposure.,Initial Access,User Execution,
THR-2026-0822,2026-10-01 09:03:05,Endpoint Malware Indicator Cluster,MALWARE,CVE ID,CVE-2026-1822,Internal SOC,A,87,LOW,49.8,UNDER_REVIEW,2026-08-14 09:03:05,2026-08-20 11:03:05,Demo Region C,Synthetic defensive observation representing a suspicious file or malware-related indicator.,Execution,User Execution,CVE-2026-1822
THR-2026-0823,2026-10-01 09:03:05,Credential Abuse Observation,CREDENTIAL THREATS,URL,https://system-alert-823.invalid/verify,Community Submission,C,72,MEDIUM,58.8,UNDER_REVIEW,2026-09-28 09:03:05,2026-10-03 19:03:05,Synthetic Region,Synthetic defensive observation representing a credential-related security risk.,Credential Access,Valid Accounts,
THR-2026-0824,2026-10-01 09:03:05,Synthetic Malicious File Pattern,MALWARE,DOMAIN,system-alert-824.invalid,Research Report,B,33,MEDIUM,43.2,CLOSED,2026-08-09 09:03:05,2026-08-13 15:03:05,Synthetic Region,Synthetic defensive observation representing a suspicious file or malware-related indicator.,Execution,User Execution,
THR-2026-0825,2026-10-01 09:03:05,Ransomware Awareness Simulation,RANSOMWARE,EMAIL/SENDER DOMAIN,sender-825.invalid,Community Submission,C,64,MEDIUM,55.6,UNDER_REVIEW,2026-08-10 09:03:05,2026-08-27 07:03:05,Demo Region C,Synthetic defensive observation representing a ransomware-related risk pattern.,Impact,Data Encrypted for Impact,
THR-2026-0826,2026-10-01 09:03:05,Suspicious Credential Collection Pattern,PHISHING,DOMAIN,credential-review-826.invalid,Community Submission,C,76,INFORMATIONAL,36.4,CLOSED,2026-07-29 09:03:05,2026-08-14 19:03:05,Synthetic Region,Synthetic defensive observation representing a possible phishing-related indicator.,Initial Access,Phishing,
THR-2026-0827,2026-10-01 09:03:05,Authentication Risk Observation,ACCOUNT SECURITY,IP ADDRESS,203.0.113.66,Public Threat Feed,B,83,LOW,48.2,FALSE_POSITIVE,2026-04-04 09:03:05,2026-05-01 07:03:05,Synthetic Region,Synthetic defensive observation representing an account-security-related risk.,Credential Access,Valid Accounts,
THR-2026-0828,2026-10-01 09:03:05,File Encryption Threat Pattern,RANSOMWARE,FILE HASH,c6c5ccd39d16ac6cdb2b410a025deb3b30fb7e536488970311f190f7dec41eea,Research Report,B,80,HIGH,77.0,NEW,2026-06-24 09:03:05,2026-07-24 06:03:05,Not Available,Synthetic defensive observation representing a ransomware-related risk pattern.,Impact,Data Encrypted for Impact,
THR-2026-0829,2026-10-01 09:03:05,Synthetic Vulnerability Exposure,VULNERABILITY EXPOSURE,CVE ID,CVE-2022-1829,Public Threat Feed,B,45,LOW,33.0,CLOSED,2026-04-23 09:03:05,2026-05-10 18:03:05,Demo Region B,Synthetic defensive observation representing potential vulnerability exposure.,Initial Access,User Execution,CVE-2022-1829
THR-2026-0830,2026-10-01 09:03:05,Vulnerability Risk Assessment,VULNERABILITY EXPOSURE,EMAIL/SENDER DOMAIN,sender-830.invalid,Internal SOC,A,72,LOW,43.8,UNDER_REVIEW,2026-09-04 09:03:05,2026-09-20 19:03:05,Synthetic Region,Synthetic defensive observation representing potential vulnerability exposure.,Initial Access,User Execution,
THR-2026-0831,2026-10-01 09:03:05,Suspicious Web Resource Pattern,WEB THREATS,DOMAIN,system-alert-831.invalid,Internal SOC,A,28,INFORMATIONAL,17.2,MONITORING,2026-04-20 09:03:05,2026-05-13 06:03:05,Synthetic Region,Synthetic defensive observation representing a suspicious web-related indicator.,Initial Access,Phishing,
THR-2026-0832,2026-10-01 09:03:05,Vulnerability Risk Assessment,VULNERABILITY EXPOSURE,DOMAIN,secure-login-832.invalid,Internal SOC,A,57,INFORMATIONAL,28.8,CLOSED,2026-08-27 09:03:05,2026-09-07 06:03:05,Synthetic Region,Synthetic defensive observation representing potential vulnerability exposure.,Initial Access,User Execution,
THR-2026-0833,2026-10-01 09:03:05,Suspicious File Hash Observation,MALWARE,IP ADDRESS,203.0.113.72,Security Vendor,A,81,MEDIUM,62.4,NEW,2026-06-02 09:03:05,2026-06-28 17:03:05,Demo Region B,Synthetic defensive observation representing a suspicious file or malware-related indicator.,Execution,User Execution,
THR-2026-0834,2026-10-01 09:03:05,Suspicious Account Activity,ACCOUNT SECURITY,IP ADDRESS,192.0.2.73,Unknown Source,D,93,LOW,52.2,UNDER_REVIEW,2026-06-22 09:03:05,2026-06-27 11:03:05,Demo Region C,Synthetic defensive observation representing an account-security-related risk.,Credential Access,Valid Accounts,
THR-2026-0835,2026-10-01 09:03:05,Synthetic Social Engineering Campaign,SOCIAL ENGINEERING,URL,https://account-verify-835.invalid/account/check,Security Vendor,A,93,HIGH,82.2,MONITORING,2026-06-09 09:03:05,2026-07-01 10:03:05,Synthetic Region,Synthetic defensive observation representing a social-engineering-related risk.,Initial Access,Phishing,
THR-2026-0836,2026-10-01 09:03:05,Synthetic Web Threat Cluster,WEB THREATS,FILE HASH,e2d2460a1ce9c38d554538305daf3e6d239d6958f37d0513e2550c1d85e35409,Security Vendor,A,73,INFORMATIONAL,35.2,NEW,2026-07-29 09:03:05,2026-08-09 16:03:05,Demo Region A,Synthetic defensive observation representing a suspicious web-related indicator.,Initial Access,Phishing,
THR-2026-0837,2026-10-01 09:03:05,Synthetic Vulnerability Exposure,VULNERABILITY EXPOSURE,IP ADDRESS,192.0.2.76,Unknown Source,D,49,MEDIUM,49.6,UNDER_REVIEW,2026-04-12 09:03:05,2026-04-14 16:03:05,Demo Region B,Synthetic defensive observation representing potential vulnerability exposure.,Initial Access,User Execution,
THR-2026-0838,2026-10-01 09:03:05,Fake Account Verification Activity,PHISHING,FILE HASH,4da09255d20155f6481345461d5285040858dd94f51f8c48e7bf1a48c16b7bd9,Community Submission,C,66,HIGH,71.4,CLOSED,2026-04-23 09:03:05,2026-04-30 04:03:05,Not Available,Synthetic defensive observation representing a possible phishing-related indicator.,Initial Access,Phishing,
THR-2026-0839,2026-10-01 09:03:05,Synthetic Vulnerability Observation,VULNERABILITY EXPOSURE,IP ADDRESS,192.0.2.78,Public Threat Feed,B,70,LOW,43.0,CLOSED,2026-08-17 09:03:05,2026-08-17 21:03:05,Demo Region A,Synthetic defensive observation representing potential vulnerability exposure.,Initial Access,User Execution,
THR-2026-0840,2026-10-01 09:03:05,Credential Exposure Indicator,CREDENTIAL THREATS,FILE HASH,4454b589196116d6e4188e05069505c1367c0d594adf199b3a97c84677f2cec3,Unknown Source,D,60,MEDIUM,54.0,CLOSED,2026-04-24 09:03:05,2026-05-05 10:03:05,Demo Region B,Synthetic defensive observation representing a credential-related security risk.,Credential Access,Valid Accounts,
THR-2026-0841,2026-10-01 09:03:05,Synthetic Web Threat Cluster,WEB THREATS,EMAIL/SENDER DOMAIN,sender-841.invalid,Unknown Source,D,38,MEDIUM,45.2,NEW,2026-05-16 09:03:05,2026-06-11 03:03:05,Demo Region C,Synthetic defensive observation representing a suspicious web-related indicator.,Initial Access,Phishing,
THR-2026-0842,2026-10-01 09:03:05,Authentication Risk Observation,ACCOUNT SECURITY,URL,https://secure-login-842.invalid/review,Public Threat Feed,B,42,CRITICAL,73.8,NEW,2026-08-17 09:03:05,2026-09-07 07:03:05,Synthetic Region,Synthetic defensive observation representing an account-security-related risk.,Credential Access,Valid Accounts,
THR-2026-0843,2026-10-01 09:03:05,Suspicious Network Indicator Cluster,NETWORK THREATS,IP ADDRESS,203.0.113.82,Research Report,B,82,HIGH,77.8,FALSE_POSITIVE,2026-05-23 09:03:05,2026-06-13 08:03:05,Not Available,Synthetic defensive observation representing a network-related security risk.,Command and Control,Application Layer Protocol,
THR-2026-0844,2026-10-01 09:03:05,Fake Account Verification Activity,PHISHING,DOMAIN,login-check-844.invalid,Public Threat Feed,B,40,MEDIUM,46.0,NEW,2026-08-01 09:03:05,2026-08-24 22:03:05,Not Available,Synthetic defensive observation representing a possible phishing-related indicator.,Initial Access,Phishing,
THR-2026-0845,2026-10-01 09:03:05,Synthetic Credential Phishing Campaign,PHISHING,DOMAIN,service-notice-845.invalid,Security Vendor,A,50,MEDIUM,50.0,FALSE_POSITIVE,2026-06-26 09:03:05,2026-07-03 05:03:05,Demo Region B,Synthetic defensive observation representing a possible phishing-related indicator.,Initial Access,Phishing,
THR-2026-0846,2026-10-01 09:03:05,Social Engineering Risk Pattern,SOCIAL ENGINEERING,CVE ID,CVE-2024-1846,Unknown Source,D,65,LOW,41.0,UNDER_REVIEW,2026-09-20 09:03:05,2026-10-06 22:03:05,Demo Region A,Synthetic defensive observation representing a social-engineering-related risk.,Initial Access,Phishing,CVE-2024-1846
THR-2026-0847,2026-10-01 09:03:05,Synthetic Network Infrastructure,NETWORK THREATS,URL,https://mail-protection-847.invalid/account/check,Unknown Source,D,56,MEDIUM,52.4,MONITORING,2026-04-05 09:03:05,2026-04-28 16:03:05,Not Available,Synthetic defensive observation representing a network-related security risk.,Command and Control,Application Layer Protocol,
THR-2026-0848,2026-10-01 09:03:05,File Encryption Threat Pattern,RANSOMWARE,FILE HASH,4d99cd02a87c2ef9a976003e1a81009276922b03365b6286a6b4c00bb49c3ae2,Internal SOC,A,87,INFORMATIONAL,40.8,UNDER_REVIEW,2026-08-12 09:03:05,2026-08-14 05:03:05,Demo Region B,Synthetic defensive observation representing a ransomware-related risk pattern.,Impact,Data Encrypted for Impact,
THR-2026-0849,2026-10-01 09:03:05,Endpoint Malware Indicator Cluster,MALWARE,DOMAIN,account-support-849.invalid,Security Vendor,A,51,MEDIUM,50.4,UNDER_REVIEW,2026-05-24 09:03:05,2026-05-26 22:03:05,Demo Region C,Synthetic defensive observation representing a suspicious file or malware-related indicator.,Execution,User Execution,
THR-2026-0850,2026-10-01 09:03:05,Synthetic Account Credential Threat,CREDENTIAL THREATS,DOMAIN,secure-login-850.invalid,Public Threat Feed,B,56,LOW,37.4,CLOSED,2026-07-19 09:03:05,2026-08-06 23:03:05,Demo Region C,Synthetic defensive observation representing a credential-related security risk.,Credential Access,Valid Accounts,
THR-2026-0851,2026-10-01 09:03:05,Endpoint Malware Indicator Cluster,MALWARE,URL,https://secure-login-851.invalid/login,Research Report,B,81,LOW,47.4,CLOSED,2026-05-24 09:03:05,2026-06-13 08:03:05,Demo Region B,Synthetic defensive observation representing a suspicious file or malware-related indicator.,Execution,User Execution,
THR-2026-0852,2026-10-01 09:03:05,Fake Account Verification Activity,PHISHING,FILE HASH,d29fb962000777994d61f8833005603e5bb684f56eea6228029a195f2b997399,Community Submission,C,63,LOW,40.2,CLOSED,2026-05-16 09:03:05,2026-05-21 02:03:05,Demo Region C,Synthetic defensive observation representing a possible phishing-related indicator.,Initial Access,Phishing,
THR-2026-0853,2026-10-01 09:03:05,Synthetic Human-Factor Threat,SOCIAL ENGINEERING,URL,https://credential-review-853.invalid/security/notice,Internal SOC,A,86,MEDIUM,64.4,UNDER_REVIEW,2026-07-07 09:03:05,2026-07-12 07:03:05,Demo Region B,Synthetic defensive observation representing a social-engineering-related risk.,Initial Access,Phishing,
THR-2026-0854,2026-10-01 09:03:05,Credential Abuse Observation,CREDENTIAL THREATS,IP ADDRESS,192.0.2.93,Research Report,B,72,HIGH,73.8,CLOSED,2026-06-19 09:03:05,2026-07-18 22:03:05,Demo Region C,Synthetic defensive observation representing a credential-related security risk.,Credential Access,Valid Accounts,
THR-2026-0855,2026-10-01 09:03:05,Impersonation Activity Observation,SOCIAL ENGINEERING,URL,https://account-support-855.invalid/verify,Internal SOC,A,29,MEDIUM,41.6,CLOSED,2026-06-24 09:03:05,2026-07-24 03:03:05,Demo Region B,Synthetic defensive observation representing a social-engineering-related risk.,Initial Access,Phishing,
THR-2026-0856,2026-10-01 09:03:05,Suspicious Web Infrastructure,WEB THREATS,CVE ID,CVE-2024-1856,Unknown Source,D,87,MEDIUM,64.8,CLOSED,2026-04-07 09:03:05,2026-04-19 07:03:05,Synthetic Region,Synthetic defensive observation representing a suspicious web-related indicator.,Initial Access,Phishing,CVE-2024-1856
THR-2026-0857,2026-10-01 09:03:05,Synthetic Account Credential Threat,CREDENTIAL THREATS,DOMAIN,credential-review-857.invalid,Unknown Source,D,71,INFORMATIONAL,34.4,FALSE_POSITIVE,2026-04-10 09:03:05,2026-04-11 07:03:05,Demo Region C,Synthetic defensive observation representing a credential-related security risk.,Credential Access,Valid Accounts,
THR-2026-0858,2026-10-01 09:03:05,Synthetic Human-Factor Threat,SOCIAL ENGINEERING,CVE ID,CVE-2023-1858,Internal SOC,A,45,LOW,33.0,FALSE_POSITIVE,2026-09-01 09:03:05,2026-09-25 11:03:05,Synthetic Region,Synthetic defensive observation representing a social-engineering-related risk.,Initial Access,Phishing,CVE-2023-1858
THR-2026-0859,2026-10-01 09:03:05,Synthetic Malicious File Pattern,MALWARE,EMAIL/SENDER DOMAIN,sender-859.invalid,Security Vendor,A,79,HIGH,76.6,FALSE_POSITIVE,2026-06-13 09:03:05,2026-06-22 07:03:05,Not Available,Synthetic defensive observation representing a suspicious file or malware-related indicator.,Execution,User Execution,
THR-2026-0860,2026-10-01 09:03:05,Synthetic Vulnerability Observation,VULNERABILITY EXPOSURE,EMAIL/SENDER DOMAIN,sender-860.invalid,Unknown Source,D,77,LOW,45.8,MONITORING,2026-09-08 09:03:05,2026-09-12 05:03:05,Demo Region B,Synthetic defensive observation representing potential vulnerability exposure.,Initial Access,User Execution,
THR-2026-0861,2026-10-01 09:03:05,Credential Exposure Indicator,CREDENTIAL THREATS,CVE ID,CVE-2025-1861,Security Vendor,A,25,HIGH,55.0,FALSE_POSITIVE,2026-05-28 09:03:05,2026-05-28 12:03:05,Synthetic Region,Synthetic defensive observation representing a credential-related security risk.,Credential Access,Valid Accounts,CVE-2025-1861
THR-2026-0862,2026-10-01 09:03:05,Unpatched Software Awareness Record,VULNERABILITY EXPOSURE,CVE ID,CVE-2024-1862,Security Vendor,A,46,HIGH,63.4,CLOSED,2026-06-27 09:03:05,2026-07-03 07:03:05,Demo Region B,Synthetic defensive observation representing potential vulnerability exposure.,Initial Access,User Execution,CVE-2024-1862
THR-2026-0863,2026-10-01 09:03:05,Synthetic Ransomware Indicator Cluster,RANSOMWARE,EMAIL/SENDER DOMAIN,sender-863.invalid,Community Submission,C,82,CRITICAL,89.8,NEW,2026-08-07 09:03:05,2026-08-12 15:03:05,Demo Region B,Synthetic defensive observation representing a ransomware-related risk pattern.,Impact,Data Encrypted for Impact,
THR-2026-0864,2026-10-01 09:03:05,Suspicious Web Infrastructure,WEB THREATS,FILE HASH,035110e5ac37227d0fe31fd203c4b5c364d41fa6f58f4a272a8b2cd6c9394a29,Unknown Source,D,38,HIGH,60.2,NEW,2026-08-19 09:03:05,2026-08-21 18:03:05,Synthetic Region,Synthetic defensive observation representing a suspicious web-related indicator.,Initial Access,Phishing,
THR-2026-0865,2026-10-01 09:03:05,Suspicious Web Infrastructure,WEB THREATS,IP ADDRESS,198.51.100.104,Research Report,B,55,INFORMATIONAL,28.0,MONITORING,2026-05-29 09:03:05,2026-06-19 12:03:05,Demo Region A,Synthetic defensive observation representing a suspicious web-related indicator.,Initial Access,Phishing,
THR-2026-0866,2026-10-01 09:03:05,Suspicious Credential Collection Pattern,PHISHING,CVE ID,CVE-2026-1866,Internal SOC,A,30,HIGH,57.0,FALSE_POSITIVE,2026-08-07 09:03:05,2026-08-23 09:03:05,Not Available,Synthetic defensive observation representing a possible phishing-related indicator.,Initial Access,Phishing,CVE-2026-1866
THR-2026-0867,2026-10-01 09:03:05,Web Application Threat Observation,WEB THREATS,FILE HASH,b8a8eb8fd401c561a96e06661493d3b373224a87ea53c78c73577813c57f44dd,Public Threat Feed,B,79,MEDIUM,61.6,MONITORING,2026-06-28 09:03:05,2026-07-19 19:03:05,Demo Region B,Synthetic defensive observation representing a suspicious web-related indicator.,Initial Access,Phishing,
THR-2026-0868,2026-10-01 09:03:05,Vulnerability Risk Assessment,VULNERABILITY EXPOSURE,FILE HASH,8346a73436c3604ddfbdf09507d042332a9fdea501425e6a496835b352151995,Internal SOC,A,67,CRITICAL,83.8,NEW,2026-09-30 09:03:05,2026-10-15 07:03:05,Demo Region B,Synthetic defensive observation representing potential vulnerability exposure.,Initial Access,User Execution,
THR-2026-0869,2026-10-01 09:03:05,Account Protection Alert,ACCOUNT SECURITY,IP ADDRESS,203.0.113.108,Public Threat Feed,B,56,LOW,37.4,CLOSED,2026-06-07 09:03:05,2026-06-27 06:03:05,Not Available,Synthetic defensive observation representing an account-security-related risk.,Credential Access,Valid Accounts,
THR-2026-0870,2026-10-01 09:03:05,Suspicious Authentication Pattern,CREDENTIAL THREATS,IP ADDRESS,203.0.113.109,Internal SOC,A,66,CRITICAL,83.4,NEW,2026-04-21 09:03:05,2026-05-02 10:03:05,Synthetic Region,Synthetic defensive observation representing a credential-related security risk.,Credential Access,Valid Accounts,
THR-2026-0871,2026-10-01 09:03:05,Suspicious Account Activity,ACCOUNT SECURITY,FILE HASH,43e131421070e55e3f0f50fc16af6ae0d51dc9e747b464c562d416b9e2b9f516,Public Threat Feed,B,35,MEDIUM,44.0,MONITORING,2026-06-13 09:03:05,2026-07-14 00:03:05,Synthetic Region,Synthetic defensive observation representing an account-security-related risk.,Credential Access,Valid Accounts,
THR-2026-0872,2026-10-01 09:03:05,Account Protection Alert,ACCOUNT SECURITY,DOMAIN,account-verify-872.invalid,Unknown Source,D,98,HIGH,84.2,UNDER_REVIEW,2026-05-24 09:03:05,2026-05-25 13:03:05,Demo Region A,Synthetic defensive observation representing an account-security-related risk.,Credential Access,Valid Accounts,
THR-2026-0873,2026-10-01 09:03:05,Potential Data Exposure Pattern,DATA EXPOSURE,FILE HASH,49a871a0c2949938949787a0971922f18d12f095de1515a942ca3c035c271439,Research Report,B,39,MEDIUM,45.6,UNDER_REVIEW,2026-04-14 09:03:05,2026-05-01 16:03:05,Demo Region B,Synthetic defensive observation representing a possible data exposure concern.,Collection,Data from Information Repositories,
THR-2026-0874,2026-10-01 09:03:05,Synthetic Malicious File Pattern,MALWARE,IP ADDRESS,198.51.100.113,Security Vendor,A,28,CRITICAL,68.2,MONITORING,2026-07-09 09:03:05,2026-08-06 21:03:05,Demo Region B,Synthetic defensive observation representing a suspicious file or malware-related indicator.,Execution,User Execution,
THR-2026-0875,2026-10-01 09:03:05,Social Engineering Risk Pattern,SOCIAL ENGINEERING,CVE ID,CVE-2022-1875,Unknown Source,D,93,MEDIUM,67.2,FALSE_POSITIVE,2026-05-28 09:03:05,2026-05-31 07:03:05,Demo Region B,Synthetic defensive observation representing a social-engineering-related risk.,Initial Access,Phishing,CVE-2022-1875
THR-2026-0876,2026-10-01 09:03:05,Account Protection Alert,ACCOUNT SECURITY,IP ADDRESS,203.0.113.115,Unknown Source,D,73,MEDIUM,59.2,UNDER_REVIEW,2026-04-19 09:03:05,2026-05-15 02:03:05,Demo Region B,Synthetic defensive observation representing an account-security-related risk.,Credential Access,Valid Accounts,
THR-2026-0877,2026-10-01 09:03:05,Suspicious Web Infrastructure,WEB THREATS,IP ADDRESS,198.51.100.116,Public Threat Feed,B,36,LOW,29.4,MONITORING,2026-05-02 09:03:05,2026-05-31 15:03:05,Not Available,Synthetic defensive observation representing a suspicious web-related indicator.,Initial Access,Phishing,
THR-2026-0878,2026-10-01 09:03:05,Ransomware Awareness Simulation,RANSOMWARE,URL,https://secure-login-878.invalid/identity/verify,Internal SOC,A,64,HIGH,70.6,MONITORING,2026-05-02 09:03:05,2026-05-19 15:03:05,Synthetic Region,Synthetic defensive observation representing a ransomware-related risk pattern.,Impact,Data Encrypted for Impact,
THR-2026-0879,2026-10-01 09:03:05,Synthetic Network Infrastructure,NETWORK THREATS,CVE ID,CVE-2023-1879,Internal SOC,A,53,MEDIUM,51.2,UNDER_REVIEW,2026-06-21 09:03:05,2026-06-22 02:03:05,Demo Region C,Synthetic defensive observation representing a network-related security risk.,Command and Control,Application Layer Protocol,CVE-2023-1879
THR-2026-0880,2026-10-01 09:03:05,Suspicious Web Infrastructure,WEB THREATS,DOMAIN,credential-review-880.invalid,Community Submission,C,43,MEDIUM,47.2,MONITORING,2026-07-20 09:03:05,2026-07-25 08:03:05,Not Available,Synthetic defensive observation representing a suspicious web-related indicator.,Initial Access,Phishing,
THR-2026-0881,2026-10-01 09:03:05,Synthetic Web Threat Cluster,WEB THREATS,EMAIL/SENDER DOMAIN,sender-881.invalid,Public Threat Feed,B,40,CRITICAL,73.0,MONITORING,2026-05-07 09:03:05,2026-05-23 05:03:05,Synthetic Region,Synthetic defensive observation representing a suspicious web-related indicator.,Initial Access,Phishing,
THR-2026-0882,2026-10-01 09:03:05,Synthetic Vulnerability Exposure,VULNERABILITY EXPOSURE,IP ADDRESS,198.51.100.121,Unknown Source,D,51,LOW,35.4,CLOSED,2026-08-04 09:03:05,2026-08-27 08:03:05,Demo Region B,Synthetic defensive observation representing potential vulnerability exposure.,Initial Access,User Execution,
THR-2026-0883,2026-10-01 09:03:05,Vulnerability Risk Assessment,VULNERABILITY EXPOSURE,URL,https://account-verify-883.invalid/verify,Research Report,B,68,MEDIUM,57.2,NEW,2026-04-10 09:03:05,2026-04-25 20:03:05,Synthetic Region,Synthetic defensive observation representing potential vulnerability exposure.,Initial Access,User Execution,
THR-2026-0884,2026-10-01 09:03:05,Potential Data Exposure Pattern,DATA EXPOSURE,CVE ID,CVE-2024-1884,Unknown Source,D,49,LOW,34.6,FALSE_POSITIVE,2026-05-13 09:03:05,2026-05-25 12:03:05,Demo Region C,Synthetic defensive observation representing a possible data exposure concern.,Collection,Data from Information Repositories,CVE-2024-1884
THR-2026-0885,2026-10-01 09:03:05,Suspicious Credential Collection Pattern,PHISHING,CVE ID,CVE-2024-1885,Community Submission,C,45,MEDIUM,48.0,UNDER_REVIEW,2026-08-26 09:03:05,2026-09-10 07:03:05,Demo Region C,Synthetic defensive observation representing a possible phishing-related indicator.,Initial Access,Phishing,CVE-2024-1885
THR-2026-0886,2026-10-01 09:03:05,Synthetic Account Credential Threat,CREDENTIAL THREATS,DOMAIN,mail-protection-886.invalid,Public Threat Feed,B,26,HIGH,55.4,CLOSED,2026-05-06 09:03:05,2026-05-10 06:03:05,Synthetic Region,Synthetic defensive observation representing a credential-related security risk.,Credential Access,Valid Accounts,
THR-2026-0887,2026-10-01 09:03:05,Synthetic Ransomware Infrastructure,RANSOMWARE,IP ADDRESS,192.0.2.126,Security Vendor,A,85,MEDIUM,64.0,CLOSED,2026-09-17 09:03:05,2026-09-21 01:03:05,Not Available,Synthetic defensive observation representing a ransomware-related risk pattern.,Impact,Data Encrypted for Impact,
THR-2026-0888,2026-10-01 09:03:05,File Encryption Threat Pattern,RANSOMWARE,CVE ID,CVE-2025-1888,Security Vendor,A,40,LOW,31.0,NEW,2026-06-21 09:03:05,2026-07-06 18:03:05,Synthetic Region,Synthetic defensive observation representing a ransomware-related risk pattern.,Impact,Data Encrypted for Impact,CVE-2025-1888
THR-2026-0889,2026-10-01 09:03:05,Synthetic Social Engineering Campaign,SOCIAL ENGINEERING,CVE ID,CVE-2025-1889,Public Threat Feed,B,81,LOW,47.4,CLOSED,2026-09-28 09:03:05,2026-10-01 12:03:05,Demo Region A,Synthetic defensive observation representing a social-engineering-related risk.,Initial Access,Phishing,CVE-2025-1889
THR-2026-0890,2026-10-01 09:03:05,Synthetic Data Exposure Observation,DATA EXPOSURE,DOMAIN,login-check-890.invalid,Research Report,B,98,MEDIUM,69.2,UNDER_REVIEW,2026-07-22 09:03:05,2026-08-14 08:03:05,Not Available,Synthetic defensive observation representing a possible data exposure concern.,Collection,Data from Information Repositories,
THR-2026-0891,2026-10-01 09:03:05,Synthetic Vulnerability Exposure,VULNERABILITY EXPOSURE,FILE HASH,4bbd488238e4af8bd9c6a18e6e93498bd93d4dbf65ce4a06b4c4fd221dc3a1f1,Community Submission,C,63,HIGH,70.2,UNDER_REVIEW,2026-08-29 09:03:05,2026-09-01 19:03:05,Not Available,Synthetic defensive observation representing potential vulnerability exposure.,Initial Access,User Execution,
THR-2026-0892,2026-10-01 09:03:05,Synthetic Vulnerability Exposure,VULNERABILITY EXPOSURE,CVE ID,CVE-2022-1892,Community Submission,C,93,MEDIUM,67.2,NEW,2026-05-28 09:03:05,2026-05-31 01:03:05,Demo Region B,Synthetic defensive observation representing potential vulnerability exposure.,Initial Access,User Execution,CVE-2022-1892
THR-2026-0893,2026-10-01 09:03:05,Synthetic Ransomware Indicator Cluster,RANSOMWARE,EMAIL/SENDER DOMAIN,sender-893.invalid,Community Submission,C,25,HIGH,55.0,UNDER_REVIEW,2026-06-08 09:03:05,2026-07-03 19:03:05,Demo Region A,Synthetic defensive observation representing a ransomware-related risk pattern.,Impact,Data Encrypted for Impact,
THR-2026-0894,2026-10-01 09:03:05,Authentication Risk Observation,ACCOUNT SECURITY,DOMAIN,account-verify-894.invalid,Internal SOC,A,57,LOW,37.8,FALSE_POSITIVE,2026-09-09 09:03:05,2026-09-13 01:03:05,Demo Region C,Synthetic defensive observation representing an account-security-related risk.,Credential Access,Valid Accounts,
THR-2026-0895,2026-10-01 09:03:05,Synthetic Ransomware Infrastructure,RANSOMWARE,FILE HASH,1d268b670b618372ca95c66483f50da8cd18013bbcfba999719cda1ea818d76a,Public Threat Feed,B,56,MEDIUM,52.4,CLOSED,2026-09-19 09:03:05,2026-10-20 01:03:05,Not Available,Synthetic defensive observation representing a ransomware-related risk pattern.,Impact,Data Encrypted for Impact,
THR-2026-0896,2026-10-01 09:03:05,File Encryption Threat Pattern,RANSOMWARE,EMAIL/SENDER DOMAIN,sender-896.invalid,Community Submission,C,65,MEDIUM,56.0,NEW,2026-07-02 09:03:05,2026-07-22 02:03:05,Demo Region A,Synthetic defensive observation representing a ransomware-related risk pattern.,Impact,Data Encrypted for Impact,
THR-2026-0897,2026-10-01 09:03:05,Suspicious Authentication Pattern,CREDENTIAL THREATS,IP ADDRESS,192.0.2.136,Security Vendor,A,52,LOW,35.8,UNDER_REVIEW,2026-04-29 09:03:05,2026-05-16 15:03:05,Demo Region C,Synthetic defensive observation representing a credential-related security risk.,Credential Access,Valid Accounts,
THR-2026-0898,2026-10-01 09:03:05,Suspicious Account Activity,ACCOUNT SECURITY,FILE HASH,344871dc8f68b8528cc7eb69487935ef26ae923e408f80eae8778b0b4ffe44e8,Unknown Source,D,73,LOW,44.2,CLOSED,2026-08-20 09:03:05,2026-09-01 23:03:05,Demo Region C,Synthetic defensive observation representing an account-security-related risk.,Credential Access,Valid Accounts,
THR-2026-0899,2026-10-01 09:03:05,Synthetic Ransomware Infrastructure,RANSOMWARE,EMAIL/SENDER DOMAIN,sender-899.invalid,Unknown Source,D,59,LOW,38.6,FALSE_POSITIVE,2026-04-05 09:03:05,2026-04-25 15:03:05,Not Available,Synthetic defensive observation representing a ransomware-related risk pattern.,Impact,Data Encrypted for Impact,
THR-2026-0900,2026-10-01 09:03:05,Synthetic Account Security Event,ACCOUNT SECURITY,DOMAIN,secure-login-900.invalid,Research Report,B,65,HIGH,71.0,MONITORING,2026-06-25 09:03:05,2026-06-26 04:03:05,Demo Region A,Synthetic defensive observation representing an account-security-related risk.,Credential Access,Valid Accounts,
THR-2026-0901,2026-10-01 09:03:05,Synthetic Malware Indicator Cluster,MALWARE,EMAIL/SENDER DOMAIN,sender-901.invalid,Research Report,B,95,LOW,53.0,MONITORING,2026-09-14 09:03:05,2026-09-25 05:03:05,Demo Region C,Synthetic defensive observation representing a suspicious file or malware-related indicator.,Execution,User Execution,
THR-2026-0902,2026-10-01 09:03:05,Suspicious Web Infrastructure,WEB THREATS,DOMAIN,mail-protection-902.invalid,Research Report,B,37,LOW,29.8,FALSE_POSITIVE,2026-08-05 09:03:05,2026-08-17 12:03:05,Demo Region B,Synthetic defensive observation representing a suspicious web-related indicator.,Initial Access,Phishing,
THR-2026-0903,2026-10-01 09:03:05,Web Application Threat Observation,WEB THREATS,EMAIL/SENDER DOMAIN,sender-903.invalid,Internal SOC,A,87,HIGH,79.8,MONITORING,2026-05-18 09:03:05,2026-05-30 07:03:05,Not Available,Synthetic defensive observation representing a suspicious web-related indicator.,Initial Access,Phishing,
THR-2026-0904,2026-10-01 09:03:05,Account Protection Alert,ACCOUNT SECURITY,IP ADDRESS,192.0.2.143,Security Vendor,A,74,LOW,44.6,FALSE_POSITIVE,2026-07-04 09:03:05,2026-07-30 08:03:05,Synthetic Region,Synthetic defensive observation representing an account-security-related risk.,Credential Access,Valid Accounts,
THR-2026-0905,2026-10-01 09:03:05,Synthetic Ransomware Infrastructure,RANSOMWARE,URL,https://login-check-905.invalid/review,Unknown Source,D,44,MEDIUM,47.6,MONITORING,2026-08-29 09:03:05,2026-09-02 21:03:05,Demo Region A,Synthetic defensive observation representing a ransomware-related risk pattern.,Impact,Data Encrypted for Impact,
THR-2026-0906,2026-10-01 09:03:05,Suspicious Authentication Pattern,CREDENTIAL THREATS,CVE ID,CVE-2026-1906,Security Vendor,A,83,MEDIUM,63.2,CLOSED,2026-06-10 09:03:05,2026-06-21 23:03:05,Demo Region C,Synthetic defensive observation representing a credential-related security risk.,Credential Access,Valid Accounts,CVE-2026-1906
THR-2026-0907,2026-10-01 09:03:05,Synthetic Data Exposure Observation,DATA EXPOSURE,CVE ID,CVE-2023-1907,Public Threat Feed,B,36,LOW,29.4,NEW,2026-06-18 09:03:05,2026-07-12 19:03:05,Demo Region A,Synthetic defensive observation representing a possible data exposure concern.,Collection,Data from Information Repositories,CVE-2023-1907
THR-2026-0908,2026-10-01 09:03:05,Credential Exposure Indicator,CREDENTIAL THREATS,IP ADDRESS,192.0.2.147,Unknown Source,D,35,MEDIUM,44.0,FALSE_POSITIVE,2026-07-19 09:03:05,2026-08-06 00:03:05,Synthetic Region,Synthetic defensive observation representing a credential-related security risk.,Credential Access,Valid Accounts,
THR-2026-0909,2026-10-01 09:03:05,File Encryption Threat Pattern,RANSOMWARE,FILE HASH,4bc638a68194f4742838b6c46a694a7a4a56f8fc47ffa6f05e05b363db84af8c,Unknown Source,D,93,HIGH,82.2,MONITORING,2026-08-30 09:03:05,2026-09-11 09:03:05,Demo Region A,Synthetic defensive observation representing a ransomware-related risk pattern.,Impact,Data Encrypted for Impact,
THR-2026-0910,2026-10-01 09:03:05,Synthetic Vulnerability Exposure,VULNERABILITY EXPOSURE,CVE ID,CVE-2026-1910,Unknown Source,D,56,HIGH,67.4,CLOSED,2026-04-14 09:03:05,2026-05-15 01:03:05,Not Available,Synthetic defensive observation representing potential vulnerability exposure.,Initial Access,User Execution,CVE-2026-1910
THR-2026-0911,2026-10-01 09:03:05,Synthetic Ransomware Infrastructure,RANSOMWARE,CVE ID,CVE-2026-1911,Internal SOC,A,47,HIGH,63.8,CLOSED,2026-06-29 09:03:05,2026-07-25 13:03:05,Demo Region A,Synthetic defensive observation representing a ransomware-related risk pattern.,Impact,Data Encrypted for Impact,CVE-2026-1911
THR-2026-0912,2026-10-01 09:03:05,Synthetic Social Engineering Campaign,SOCIAL ENGINEERING,FILE HASH,31719dd408bd5313ad063f618be6cfaad048cf5bf1a3cca37004c8f9baec56a0,Unknown Source,D,68,CRITICAL,84.2,UNDER_REVIEW,2026-07-29 09:03:05,2026-08-25 02:03:05,Demo Region C,Synthetic defensive observation representing a social-engineering-related risk.,Initial Access,Phishing,
THR-2026-0913,2026-10-01 09:03:05,Synthetic Social Engineering Campaign,SOCIAL ENGINEERING,URL,https://identity-check-913.invalid/account/check,Research Report,B,97,INFORMATIONAL,44.8,FALSE_POSITIVE,2026-08-06 09:03:05,2026-09-04 18:03:05,Synthetic Region,Synthetic defensive observation representing a social-engineering-related risk.,Initial Access,Phishing,
THR-2026-0914,2026-10-01 09:03:05,Synthetic Social Engineering Campaign,SOCIAL ENGINEERING,IP ADDRESS,198.51.100.153,Public Threat Feed,B,83,INFORMATIONAL,39.2,UNDER_REVIEW,2026-07-16 09:03:05,2026-07-27 12:03:05,Demo Region C,Synthetic defensive observation representing a social-engineering-related risk.,Initial Access,Phishing,
THR-2026-0915,2026-10-01 09:03:05,Vulnerability Risk Assessment,VULNERABILITY EXPOSURE,URL,https://login-check-915.invalid/verify,Internal SOC,A,50,MEDIUM,50.0,CLOSED,2026-05-18 09:03:05,2026-06-03 13:03:05,Demo Region A,Synthetic defensive observation representing potential vulnerability exposure.,Initial Access,User Execution,
THR-2026-0916,2026-10-01 09:03:05,Fake Account Verification Activity,PHISHING,DOMAIN,identity-check-916.invalid,Public Threat Feed,B,75,LOW,45.0,MONITORING,2026-07-16 09:03:05,2026-07-27 22:03:05,Not Available,Synthetic defensive observation representing a possible phishing-related indicator.,Initial Access,Phishing,
THR-2026-0917,2026-10-01 09:03:05,Suspicious File Hash Observation,MALWARE,FILE HASH,06707cf39f99a8a1a79b8793f43154693046b5594c4c06419fb4d578bf947f41,Public Threat Feed,B,42,MEDIUM,46.8,UNDER_REVIEW,2026-06-11 09:03:05,2026-06-11 20:03:05,Demo Region A,Synthetic defensive observation representing a suspicious file or malware-related indicator.,Execution,User Execution,
THR-2026-0918,2026-10-01 09:03:05,Suspicious Web Resource Pattern,WEB THREATS,IP ADDRESS,192.0.2.157,Internal SOC,A,67,MEDIUM,56.8,NEW,2026-08-20 09:03:05,2026-09-10 15:03:05,Demo Region C,Synthetic defensive observation representing a suspicious web-related indicator.,Initial Access,Phishing,
THR-2026-0919,2026-10-01 09:03:05,Vulnerability Risk Assessment,VULNERABILITY EXPOSURE,FILE HASH,d549da02225d635689497bb644b125dbf0efe60b8600e5c0a51726b4ef715a86,Public Threat Feed,B,41,HIGH,61.4,NEW,2026-06-20 09:03:05,2026-07-07 08:03:05,Demo Region B,Synthetic defensive observation representing potential vulnerability exposure.,Initial Access,User Execution,
THR-2026-0920,2026-10-01 09:03:05,Synthetic Malicious File Pattern,MALWARE,IP ADDRESS,192.0.2.159,Internal SOC,A,89,LOW,50.6,FALSE_POSITIVE,2026-04-08 09:03:05,2026-04-15 10:03:05,Synthetic Region,Synthetic defensive observation representing a suspicious file or malware-related indicator.,Execution,User Execution,
THR-2026-0921,2026-10-01 09:03:05,Fake Account Verification Activity,PHISHING,FILE HASH,71d8e8c9cde6c993508c38a8f08d741af5ba29e3f46ca42bf810e2caa136cb04,Research Report,B,35,LOW,29.0,MONITORING,2026-07-29 09:03:05,2026-08-17 13:03:05,Demo Region B,Synthetic defensive observation representing a possible phishing-related indicator.,Initial Access,Phishing,
THR-2026-0922,2026-10-01 09:03:05,Suspicious File Hash Observation,MALWARE,URL,https://mail-protection-922.invalid/review,Research Report,B,50,HIGH,65.0,FALSE_POSITIVE,2026-09-04 09:03:05,2026-09-27 08:03:05,Demo Region B,Synthetic defensive observation representing a suspicious file or malware-related indicator.,Execution,User Execution,
THR-2026-0923,2026-10-01 09:03:05,Ransomware Awareness Simulation,RANSOMWARE,DOMAIN,security-alert-923.invalid,Public Threat Feed,B,29,LOW,26.6,FALSE_POSITIVE,2026-08-12 09:03:05,2026-09-10 13:03:05,Demo Region A,Synthetic defensive observation representing a ransomware-related risk pattern.,Impact,Data Encrypted for Impact,
THR-2026-0924,2026-10-01 09:03:05,Synthetic Account Credential Threat,CREDENTIAL THREATS,IP ADDRESS,192.0.2.163,Public Threat Feed,B,92,MEDIUM,66.8,CLOSED,2026-04-04 09:03:05,2026-04-24 16:03:05,Demo Region C,Synthetic defensive observation representing a credential-related security risk.,Credential Access,Valid Accounts,
THR-2026-0925,2026-10-01 09:03:05,Social Engineering Risk Pattern,SOCIAL ENGINEERING,IP ADDRESS,203.0.113.164,Public Threat Feed,B,31,MEDIUM,42.4,CLOSED,2026-09-02 09:03:05,2026-09-10 20:03:05,Demo Region C,Synthetic defensive observation representing a social-engineering-related risk.,Initial Access,Phishing,
THR-2026-0926,2026-10-01 09:03:05,Credential Abuse Observation,CREDENTIAL THREATS,URL,https://login-check-926.invalid/account/check,Unknown Source,D,31,INFORMATIONAL,18.4,FALSE_POSITIVE,2026-07-10 09:03:05,2026-07-16 18:03:05,Demo Region C,Synthetic defensive observation representing a credential-related security risk.,Credential Access,Valid Accounts,
THR-2026-0927,2026-10-01 09:03:05,Synthetic Malware Indicator Cluster,MALWARE,FILE HASH,102aa93b754b63ba6da531044bc09776442c3f66838889013e2aaeb4456aca9a,Public Threat Feed,B,71,CRITICAL,85.4,NEW,2026-07-15 09:03:05,2026-07-18 12:03:05,Not Available,Synthetic defensive observation representing a suspicious file or malware-related indicator.,Execution,User Execution,
THR-2026-0928,2026-10-01 09:03:05,Network Communication Anomaly,NETWORK THREATS,URL,https://service-notice-928.invalid/review,Community Submission,C,92,HIGH,81.8,MONITORING,2026-06-27 09:03:05,2026-07-05 05:03:05,Demo Region B,Synthetic defensive observation representing a network-related security risk.,Command and Control,Application Layer Protocol,
THR-2026-0929,2026-10-01 09:03:05,Unpatched Software Awareness Record,VULNERABILITY EXPOSURE,IP ADDRESS,192.0.2.168,Internal SOC,A,40,LOW,31.0,CLOSED,2026-05-03 09:03:05,2026-06-03 05:03:05,Demo Region B,Synthetic defensive observation representing potential vulnerability exposure.,Initial Access,User Execution,
THR-2026-0930,2026-10-01 09:03:05,Suspicious File Hash Observation,MALWARE,IP ADDRESS,203.0.113.169,Unknown Source,D,63,MEDIUM,55.2,UNDER_REVIEW,2026-06-01 09:03:05,2026-06-25 15:03:05,Demo Region A,Synthetic defensive observation representing a suspicious file or malware-related indicator.,Execution,User Execution,
THR-2026-0931,2026-10-01 09:03:05,Credential Exposure Indicator,CREDENTIAL THREATS,FILE HASH,283c39a6f0be40d6495f122f28618ee99f1c015bf39dc9bcea4105cf08cb96da,Public Threat Feed,B,96,LOW,53.4,NEW,2026-06-29 09:03:05,2026-07-14 05:03:05,Synthetic Region,Synthetic defensive observation representing a credential-related security risk.,Credential Access,Valid Accounts,
THR-2026-0932,2026-10-01 09:03:05,Impersonation Activity Observation,SOCIAL ENGINEERING,FILE HASH,d1399142cd18a4c717e8341ad1414d975defaa367690ef4e820f911bcb6a68af,Security Vendor,A,27,CRITICAL,67.8,NEW,2026-04-30 09:03:05,2026-05-09 07:03:05,Demo Region C,Synthetic defensive observation representing a social-engineering-related risk.,Initial Access,Phishing,
THR-2026-0933,2026-10-01 09:03:05,Suspicious Account Activity,ACCOUNT SECURITY,IP ADDRESS,203.0.113.172,Research Report,B,75,LOW,45.0,CLOSED,2026-04-08 09:03:05,2026-04-26 01:03:05,Demo Region B,Synthetic defensive observation representing an account-security-related risk.,Credential Access,Valid Accounts,
THR-2026-0934,2026-10-01 09:03:05,Potential Data Exposure Pattern,DATA EXPOSURE,FILE HASH,813261ae3ee5b82ffb6a67edd3aac1437edfc29da8c25f4e2cdb3b95404f42cb,Security Vendor,A,59,MEDIUM,53.6,NEW,2026-08-14 09:03:05,2026-08-14 14:03:05,Not Available,Synthetic defensive observation representing a possible data exposure concern.,Collection,Data from Information Repositories,
THR-2026-0935,2026-10-01 09:03:05,Sensitive Data Protection Alert,DATA EXPOSURE,FILE HASH,4b5d7aaf1c7ab79c89f64d3dff2c3698af0ff157c2f9f470e601044456a590aa,Public Threat Feed,B,58,HIGH,68.2,NEW,2026-08-05 09:03:05,2026-08-15 07:03:05,Not Available,Synthetic defensive observation representing a possible data exposure concern.,Collection,Data from Information Repositories,
THR-2026-0936,2026-10-01 09:03:05,File Encryption Threat Pattern,RANSOMWARE,DOMAIN,login-check-936.invalid,Internal SOC,A,62,MEDIUM,54.8,NEW,2026-04-20 09:03:05,2026-04-24 17:03:05,Demo Region C,Synthetic defensive observation representing a ransomware-related risk pattern.,Impact,Data Encrypted for Impact,
THR-2026-0937,2026-10-01 09:03:05,Credential Exposure Indicator,CREDENTIAL THREATS,DOMAIN,system-alert-937.invalid,Unknown Source,D,69,LOW,42.6,MONITORING,2026-04-29 09:03:05,2026-05-10 19:03:05,Not Available,Synthetic defensive observation representing a credential-related security risk.,Credential Access,Valid Accounts,
THR-2026-0938,2026-10-01 09:03:05,File Encryption Threat Pattern,RANSOMWARE,FILE HASH,9c00183f82b714f75bbd799d67d2ce1d68e7febf2f57ce32703f322a79ee0dea,Unknown Source,D,32,LOW,27.8,UNDER_REVIEW,2026-09-28 09:03:05,2026-10-24 20:03:05,Demo Region C,Synthetic defensive observation representing a ransomware-related risk pattern.,Impact,Data Encrypted for Impact,
THR-2026-0939,2026-10-01 09:03:05,Web Application Threat Observation,WEB THREATS,IP ADDRESS,203.0.113.178,Unknown Source,D,38,MEDIUM,45.2,FALSE_POSITIVE,2026-04-07 09:03:05,2026-04-20 05:03:05,Not Available,Synthetic defensive observation representing a suspicious web-related indicator.,Initial Access,Phishing,
THR-2026-0940,2026-10-01 09:03:05,Credential Abuse Observation,CREDENTIAL THREATS,FILE HASH,5ae09e6b359134c81a34307ccaed4b2588458637036573fe0a8a980fc7c901ed,Security Vendor,A,75,LOW,45.0,UNDER_REVIEW,2026-06-08 09:03:05,2026-06-16 08:03:05,Demo Region C,Synthetic defensive observation representing a credential-related security risk.,Credential Access,Valid Accounts,
THR-2026-0941,2026-10-01 09:03:05,Impersonation Activity Observation,SOCIAL ENGINEERING,IP ADDRESS,198.51.100.180,Security Vendor,A,48,LOW,34.2,NEW,2026-08-13 09:03:05,2026-09-01 00:03:05,Demo Region C,Synthetic defensive observation representing a social-engineering-related risk.,Initial Access,Phishing,
THR-2026-0942,2026-10-01 09:03:05,Synthetic Web Threat Cluster,WEB THREATS,DOMAIN,account-verify-942.invalid,Internal SOC,A,49,HIGH,64.6,CLOSED,2026-08-25 09:03:05,2026-08-27 22:03:05,Synthetic Region,Synthetic defensive observation representing a suspicious web-related indicator.,Initial Access,Phishing,
THR-2026-0943,2026-10-01 09:03:05,Synthetic Malware Indicator Cluster,MALWARE,CVE ID,CVE-2026-1943,Community Submission,C,26,LOW,25.4,NEW,2026-09-05 09:03:05,2026-09-17 21:03:05,Demo Region A,Synthetic defensive observation representing a suspicious file or malware-related indicator.,Execution,User Execution,CVE-2026-1943
THR-2026-0944,2026-10-01 09:03:05,Synthetic Credential Phishing Campaign,PHISHING,DOMAIN,mail-protection-944.invalid,Security Vendor,A,59,HIGH,68.6,FALSE_POSITIVE,2026-04-23 09:03:05,2026-05-12 09:03:05,Demo Region A,Synthetic defensive observation representing a possible phishing-related indicator.,Initial Access,Phishing,
THR-2026-0945,2026-10-01 09:03:05,Network Communication Anomaly,NETWORK THREATS,CVE ID,CVE-2022-1945,Community Submission,C,86,LOW,49.4,CLOSED,2026-06-09 09:03:05,2026-07-05 14:03:05,Demo Region C,Synthetic defensive observation representing a network-related security risk.,Command and Control,Application Layer Protocol,CVE-2022-1945
THR-2026-0946,2026-10-01 09:03:05,Synthetic Ransomware Indicator Cluster,RANSOMWARE,DOMAIN,login-check-946.invalid,Unknown Source,D,59,MEDIUM,53.6,FALSE_POSITIVE,2026-05-14 09:03:05,2026-05-17 09:03:05,Demo Region A,Synthetic defensive observation representing a ransomware-related risk pattern.,Impact,Data Encrypted for Impact,
THR-2026-0947,2026-10-01 09:03:05,Suspicious Web Infrastructure,WEB THREATS,IP ADDRESS,203.0.113.186,Security Vendor,A,78,HIGH,76.2,CLOSED,2026-09-30 09:03:05,2026-10-29 16:03:05,Demo Region B,Synthetic defensive observation representing a suspicious web-related indicator.,Initial Access,Phishing,
THR-2026-0948,2026-10-01 09:03:05,Synthetic Vulnerability Exposure,VULNERABILITY EXPOSURE,DOMAIN,service-notice-948.invalid,Unknown Source,D,53,MEDIUM,51.2,UNDER_REVIEW,2026-06-24 09:03:05,2026-07-16 07:03:05,Synthetic Region,Synthetic defensive observation representing potential vulnerability exposure.,Initial Access,User Execution,
THR-2026-0949,2026-10-01 09:03:05,Synthetic Malware Indicator Cluster,MALWARE,DOMAIN,security-alert-949.invalid,Public Threat Feed,B,61,CRITICAL,81.4,NEW,2026-09-11 09:03:05,2026-09-30 19:03:05,Demo Region C,Synthetic defensive observation representing a suspicious file or malware-related indicator.,Execution,User Execution,
THR-2026-0950,2026-10-01 09:03:05,Suspicious Credential Collection Pattern,PHISHING,EMAIL/SENDER DOMAIN,sender-950.invalid,Community Submission,C,79,LOW,46.6,MONITORING,2026-07-07 09:03:05,2026-07-26 14:03:05,Demo Region B,Synthetic defensive observation representing a possible phishing-related indicator.,Initial Access,Phishing,
THR-2026-0951,2026-10-01 09:03:05,Suspicious Account Activity,ACCOUNT SECURITY,URL,https://service-notice-951.invalid/verify,Unknown Source,D,88,LOW,50.2,UNDER_REVIEW,2026-06-28 09:03:05,2026-07-27 17:03:05,Demo Region A,Synthetic defensive observation representing an account-security-related risk.,Credential Access,Valid Accounts,
THR-2026-0952,2026-10-01 09:03:05,Synthetic Ransomware Infrastructure,RANSOMWARE,URL,https://account-verify-952.invalid/login,Internal SOC,A,86,MEDIUM,64.4,NEW,2026-09-02 09:03:05,2026-09-20 22:03:05,Demo Region B,Synthetic defensive observation representing a ransomware-related risk pattern.,Impact,Data Encrypted for Impact,
THR-2026-0953,2026-10-01 09:03:05,Synthetic Network Infrastructure,NETWORK THREATS,DOMAIN,account-verify-953.invalid,Public Threat Feed,B,70,HIGH,73.0,MONITORING,2026-05-27 09:03:05,2026-06-10 00:03:05,Not Available,Synthetic defensive observation representing a network-related security risk.,Command and Control,Application Layer Protocol,
THR-2026-0954,2026-10-01 09:03:05,File Encryption Threat Pattern,RANSOMWARE,CVE ID,CVE-2023-1954,Research Report,B,95,MEDIUM,68.0,NEW,2026-05-16 09:03:05,2026-06-03 00:03:05,Synthetic Region,Synthetic defensive observation representing a ransomware-related risk pattern.,Impact,Data Encrypted for Impact,CVE-2023-1954
THR-2026-0955,2026-10-01 09:03:05,Suspicious Account Activity,ACCOUNT SECURITY,CVE ID,CVE-2025-1955,Unknown Source,D,53,MEDIUM,51.2,NEW,2026-09-08 09:03:05,2026-09-15 20:03:05,Demo Region B,Synthetic defensive observation representing an account-security-related risk.,Credential Access,Valid Accounts,CVE-2025-1955
THR-2026-0956,2026-10-01 09:03:05,Network Communication Anomaly,NETWORK THREATS,EMAIL/SENDER DOMAIN,sender-956.invalid,Internal SOC,A,42,MEDIUM,46.8,MONITORING,2026-09-15 09:03:05,2026-10-14 20:03:05,Demo Region B,Synthetic defensive observation representing a network-related security risk.,Command and Control,Application Layer Protocol,
THR-2026-0957,2026-10-01 09:03:05,Synthetic Social Engineering Campaign,SOCIAL ENGINEERING,DOMAIN,system-alert-957.invalid,Security Vendor,A,78,CRITICAL,88.2,NEW,2026-08-08 09:03:05,2026-09-03 16:03:05,Demo Region B,Synthetic defensive observation representing a social-engineering-related risk.,Initial Access,Phishing,
THR-2026-0958,2026-10-01 09:03:05,Synthetic Ransomware Indicator Cluster,RANSOMWARE,FILE HASH,b2131c741daa5b3d7921d274559aff294b6e6b621e48c5e71f09ddec370a9832,Public Threat Feed,B,79,HIGH,76.6,FALSE_POSITIVE,2026-09-17 09:03:05,2026-10-09 12:03:05,Synthetic Region,Synthetic defensive observation representing a ransomware-related risk pattern.,Impact,Data Encrypted for Impact,
THR-2026-0959,2026-10-01 09:03:05,Ransomware Awareness Simulation,RANSOMWARE,IP ADDRESS,192.0.2.198,Security Vendor,A,35,MEDIUM,44.0,UNDER_REVIEW,2026-09-11 09:03:05,2026-09-12 03:03:05,Demo Region B,Synthetic defensive observation representing a ransomware-related risk pattern.,Impact,Data Encrypted for Impact,
THR-2026-0960,2026-10-01 09:03:05,Synthetic Human-Factor Threat,SOCIAL ENGINEERING,CVE ID,CVE-2023-1960,Research Report,B,63,HIGH,70.2,MONITORING,2026-06-17 09:03:05,2026-07-10 19:03:05,Demo Region A,Synthetic defensive observation representing a social-engineering-related risk.,Initial Access,Phishing,CVE-2023-1960
THR-2026-0961,2026-10-01 09:03:05,Synthetic Malware Indicator Cluster,MALWARE,DOMAIN,login-check-961.invalid,Community Submission,C,29,HIGH,56.6,CLOSED,2026-08-17 09:03:05,2026-09-02 14:03:05,Synthetic Region,Synthetic defensive observation representing a suspicious file or malware-related indicator.,Execution,User Execution,
THR-2026-0962,2026-10-01 09:03:05,Impersonation Activity Observation,SOCIAL ENGINEERING,EMAIL/SENDER DOMAIN,sender-962.invalid,Community Submission,C,58,HIGH,68.2,UNDER_REVIEW,2026-05-25 09:03:05,2026-06-04 07:03:05,Synthetic Region,Synthetic defensive observation representing a social-engineering-related risk.,Initial Access,Phishing,
THR-2026-0963,2026-10-01 09:03:05,Suspicious Web Infrastructure,WEB THREATS,IP ADDRESS,203.0.113.202,Unknown Source,D,41,MEDIUM,46.4,CLOSED,2026-08-07 09:03:05,2026-08-20 04:03:05,Demo Region B,Synthetic defensive observation representing a suspicious web-related indicator.,Initial Access,Phishing,
THR-2026-0964,2026-10-01 09:03:05,Ransomware Awareness Simulation,RANSOMWARE,CVE ID,CVE-2026-1964,Unknown Source,D,34,MEDIUM,43.6,UNDER_REVIEW,2026-06-03 09:03:05,2026-06-18 19:03:05,Synthetic Region,Synthetic defensive observation representing a ransomware-related risk pattern.,Impact,Data Encrypted for Impact,CVE-2026-1964
THR-2026-0965,2026-10-01 09:03:05,Synthetic Credential Phishing Campaign,PHISHING,URL,https://secure-login-965.invalid/account/check,Internal SOC,A,38,LOW,30.2,MONITORING,2026-06-30 09:03:05,2026-07-19 19:03:05,Demo Region B,Synthetic defensive observation representing a possible phishing-related indicator.,Initial Access,Phishing,
THR-2026-0966,2026-10-01 09:03:05,File Encryption Threat Pattern,RANSOMWARE,EMAIL/SENDER DOMAIN,sender-966.invalid,Community Submission,C,52,LOW,35.8,UNDER_REVIEW,2026-09-28 09:03:05,2026-10-22 18:03:05,Not Available,Synthetic defensive observation representing a ransomware-related risk pattern.,Impact,Data Encrypted for Impact,
THR-2026-0967,2026-10-01 09:03:05,Synthetic Credential Phishing Campaign,PHISHING,DOMAIN,identity-check-967.invalid,Community Submission,C,97,LOW,53.8,MONITORING,2026-09-19 09:03:05,2026-10-08 00:03:05,Demo Region A,Synthetic defensive observation representing a possible phishing-related indicator.,Initial Access,Phishing,
THR-2026-0968,2026-10-01 09:03:05,Synthetic Malicious File Pattern,MALWARE,URL,https://login-check-968.invalid/security/notice,Community Submission,C,75,HIGH,75.0,NEW,2026-08-12 09:03:05,2026-08-22 21:03:05,Demo Region B,Synthetic defensive observation representing a suspicious file or malware-related indicator.,Execution,User Execution,
THR-2026-0969,2026-10-01 09:03:05,Synthetic Network Infrastructure,NETWORK THREATS,FILE HASH,11fa04b96913c5fe7d54379687fc9010693a9e83e0b8c614ebeb1a224f712b39,Security Vendor,A,89,MEDIUM,65.6,NEW,2026-09-24 09:03:05,2026-10-12 21:03:05,Not Available,Synthetic defensive observation representing a network-related security risk.,Command and Control,Application Layer Protocol,
THR-2026-0970,2026-10-01 09:03:05,Synthetic Web Threat Cluster,WEB THREATS,DOMAIN,account-verify-970.invalid,Unknown Source,D,35,HIGH,59.0,UNDER_REVIEW,2026-09-07 09:03:05,2026-10-08 07:03:05,Demo Region B,Synthetic defensive observation representing a suspicious web-related indicator.,Initial Access,Phishing,
THR-2026-0971,2026-10-01 09:03:05,Synthetic Ransomware Infrastructure,RANSOMWARE,EMAIL/SENDER DOMAIN,sender-971.invalid,Public Threat Feed,B,91,MEDIUM,66.4,MONITORING,2026-06-08 09:03:05,2026-07-03 13:03:05,Demo Region C,Synthetic defensive observation representing a ransomware-related risk pattern.,Impact,Data Encrypted for Impact,
THR-2026-0972,2026-10-01 09:03:05,Suspicious Account Activity,ACCOUNT SECURITY,FILE HASH,07727b04b76354e4f10ebc97e96df8bbc067cc37b01ad46bb1809c266b0fc608,Security Vendor,A,74,HIGH,74.6,FALSE_POSITIVE,2026-08-08 09:03:05,2026-08-28 04:03:05,Demo Region B,Synthetic defensive observation representing an account-security-related risk.,Credential Access,Valid Accounts,
THR-2026-0973,2026-10-01 09:03:05,Synthetic Human-Factor Threat,SOCIAL ENGINEERING,IP ADDRESS,192.0.2.212,Community Submission,C,64,LOW,40.6,UNDER_REVIEW,2026-09-08 09:03:05,2026-09-23 12:03:05,Demo Region C,Synthetic defensive observation representing a social-engineering-related risk.,Initial Access,Phishing,
THR-2026-0974,2026-10-01 09:03:05,Suspicious Web Resource Pattern,WEB THREATS,DOMAIN,security-alert-974.invalid,Public Threat Feed,B,71,LOW,43.4,CLOSED,2026-09-08 09:03:05,2026-09-10 14:03:05,Demo Region C,Synthetic defensive observation representing a suspicious web-related indicator.,Initial Access,Phishing,
THR-2026-0975,2026-10-01 09:03:05,Web Application Threat Observation,WEB THREATS,FILE HASH,5dd95b215ea6f0d54fd1ef765fca96c033e784f83faf9b058fe00c87fab85ed5,Community Submission,C,40,LOW,31.0,CLOSED,2026-05-29 09:03:05,2026-05-30 20:03:05,Synthetic Region,Synthetic defensive observation representing a suspicious web-related indicator.,Initial Access,Phishing,
THR-2026-0976,2026-10-01 09:03:05,Account Protection Alert,ACCOUNT SECURITY,CVE ID,CVE-2023-1976,Community Submission,C,90,MEDIUM,66.0,CLOSED,2026-07-12 09:03:05,2026-07-23 11:03:05,Not Available,Synthetic defensive observation representing an account-security-related risk.,Credential Access,Valid Accounts,CVE-2023-1976
THR-2026-0977,2026-10-01 09:03:05,Suspicious Web Infrastructure,WEB THREATS,CVE ID,CVE-2022-1977,Unknown Source,D,32,MEDIUM,42.8,NEW,2026-07-30 09:03:05,2026-08-22 02:03:05,Demo Region B,Synthetic defensive observation representing a suspicious web-related indicator.,Initial Access,Phishing,CVE-2022-1977
THR-2026-0978,2026-10-01 09:03:05,Suspicious Web Infrastructure,WEB THREATS,FILE HASH,d8fc0f8ec6abe61a0f886edad294202d3fdfcfc7f8ca0af559dbae2d819375bc,Security Vendor,A,34,MEDIUM,43.6,CLOSED,2026-06-23 09:03:05,2026-07-20 23:03:05,Demo Region C,Synthetic defensive observation representing a suspicious web-related indicator.,Initial Access,Phishing,
THR-2026-0979,2026-10-01 09:03:05,Synthetic Social Engineering Campaign,SOCIAL ENGINEERING,CVE ID,CVE-2026-1979,Internal SOC,A,84,HIGH,78.6,CLOSED,2026-09-09 09:03:05,2026-09-15 08:03:05,Synthetic Region,Synthetic defensive observation representing a social-engineering-related risk.,Initial Access,Phishing,CVE-2026-1979
THR-2026-0980,2026-10-01 09:03:05,Credential Exposure Indicator,CREDENTIAL THREATS,FILE HASH,a9a152f4929d84fb4b01e6bd7d02f8d4036ea3f380434df41d43f3e8cc414be7,Security Vendor,A,87,LOW,49.8,CLOSED,2026-04-04 09:03:05,2026-04-28 00:03:05,Demo Region C,Synthetic defensive observation representing a credential-related security risk.,Credential Access,Valid Accounts,
THR-2026-0981,2026-10-01 09:03:05,Synthetic Credential Phishing Campaign,PHISHING,EMAIL/SENDER DOMAIN,sender-981.invalid,Security Vendor,A,85,LOW,49.0,CLOSED,2026-04-20 09:03:05,2026-04-26 19:03:05,Not Available,Synthetic defensive observation representing a possible phishing-related indicator.,Initial Access,Phishing,
THR-2026-0982,2026-10-01 09:03:05,Synthetic Login Impersonation Campaign,PHISHING,URL,https://secure-login-982.invalid/login,Internal SOC,A,52,LOW,35.8,NEW,2026-04-08 09:03:05,2026-04-21 17:03:05,Demo Region B,Synthetic defensive observation representing a possible phishing-related indicator.,Initial Access,Phishing,
THR-2026-0983,2026-10-01 09:03:05,File Encryption Threat Pattern,RANSOMWARE,IP ADDRESS,198.51.100.222,Unknown Source,D,63,MEDIUM,55.2,UNDER_REVIEW,2026-06-07 09:03:05,2026-07-04 22:03:05,Demo Region C,Synthetic defensive observation representing a ransomware-related risk pattern.,Impact,Data Encrypted for Impact,
THR-2026-0984,2026-10-01 09:03:05,Suspicious Credential Collection Pattern,PHISHING,IP ADDRESS,198.51.100.223,Security Vendor,A,63,MEDIUM,55.2,FALSE_POSITIVE,2026-08-11 09:03:05,2026-08-22 22:03:05,Synthetic Region,Synthetic defensive observation representing a possible phishing-related indicator.,Initial Access,Phishing,
THR-2026-0985,2026-10-01 09:03:05,File Encryption Threat Pattern,RANSOMWARE,CVE ID,CVE-2025-1985,Research Report,B,98,MEDIUM,69.2,FALSE_POSITIVE,2026-09-28 09:03:05,2026-10-16 04:03:05,Demo Region A,Synthetic defensive observation representing a ransomware-related risk pattern.,Impact,Data Encrypted for Impact,CVE-2025-1985
THR-2026-0986,2026-10-01 09:03:05,Synthetic Account Security Event,ACCOUNT SECURITY,DOMAIN,service-notice-986.invalid,Internal SOC,A,65,MEDIUM,56.0,MONITORING,2026-08-23 09:03:05,2026-09-20 23:03:05,Synthetic Region,Synthetic defensive observation representing an account-security-related risk.,Credential Access,Valid Accounts,
THR-2026-0987,2026-10-01 09:03:05,Synthetic Malware Indicator Cluster,MALWARE,CVE ID,CVE-2025-1987,Research Report,B,25,LOW,25.0,UNDER_REVIEW,2026-08-29 09:03:05,2026-09-18 23:03:05,Demo Region A,Synthetic defensive observation representing a suspicious file or malware-related indicator.,Execution,User Execution,CVE-2025-1987
THR-2026-0988,2026-10-01 09:03:05,Credential Exposure Indicator,CREDENTIAL THREATS,FILE HASH,a069c93649f775bad196998030eebc7b4736e31b1775caaaff85fbb65dd52112,Security Vendor,A,73,HIGH,74.2,MONITORING,2026-07-03 09:03:05,2026-07-09 15:03:05,Demo Region C,Synthetic defensive observation representing a credential-related security risk.,Credential Access,Valid Accounts,
THR-2026-0989,2026-10-01 09:03:05,Suspicious Credential Collection Pattern,PHISHING,URL,https://identity-check-989.invalid/identity/verify,Unknown Source,D,40,HIGH,61.0,MONITORING,2026-05-26 09:03:05,2026-06-15 23:03:05,Synthetic Region,Synthetic defensive observation representing a possible phishing-related indicator.,Initial Access,Phishing,
THR-2026-0990,2026-10-01 09:03:05,Network Communication Anomaly,NETWORK THREATS,EMAIL/SENDER DOMAIN,sender-990.invalid,Internal SOC,A,67,MEDIUM,56.8,FALSE_POSITIVE,2026-08-16 09:03:05,2026-08-30 22:03:05,Demo Region B,Synthetic defensive observation representing a network-related security risk.,Command and Control,Application Layer Protocol,
THR-2026-0991,2026-10-01 09:03:05,Authentication Risk Observation,ACCOUNT SECURITY,DOMAIN,system-alert-991.invalid,Unknown Source,D,61,MEDIUM,54.4,NEW,2026-04-07 09:03:05,2026-04-28 22:03:05,Not Available,Synthetic defensive observation representing an account-security-related risk.,Credential Access,Valid Accounts,
THR-2026-0992,2026-10-01 09:03:05,Synthetic Malware Indicator Cluster,MALWARE,IP ADDRESS,192.0.2.231,Internal SOC,A,77,MEDIUM,60.8,FALSE_POSITIVE,2026-05-26 09:03:05,2026-06-19 04:03:05,Synthetic Region,Synthetic defensive observation representing a suspicious file or malware-related indicator.,Execution,User Execution,
THR-2026-0993,2026-10-01 09:03:05,Account Protection Alert,ACCOUNT SECURITY,IP ADDRESS,203.0.113.232,Security Vendor,A,78,LOW,46.2,UNDER_REVIEW,2026-08-04 09:03:05,2026-08-28 23:03:05,Demo Region A,Synthetic defensive observation representing an account-security-related risk.,Credential Access,Valid Accounts,
THR-2026-0994,2026-10-01 09:03:05,Synthetic Human-Factor Threat,SOCIAL ENGINEERING,IP ADDRESS,198.51.100.233,Research Report,B,84,CRITICAL,90.6,UNDER_REVIEW,2026-04-18 09:03:05,2026-05-11 08:03:05,Demo Region A,Synthetic defensive observation representing a social-engineering-related risk.,Initial Access,Phishing,
THR-2026-0995,2026-10-01 09:03:05,Credential Exposure Indicator,CREDENTIAL THREATS,EMAIL/SENDER DOMAIN,sender-995.invalid,Public Threat Feed,B,58,LOW,38.2,NEW,2026-06-16 09:03:05,2026-07-07 16:03:05,Synthetic Region,Synthetic defensive observation representing a credential-related security risk.,Credential Access,Valid Accounts,
THR-2026-0996,2026-10-01 09:03:05,Fake Account Verification Activity,PHISHING,IP ADDRESS,192.0.2.235,Unknown Source,D,91,HIGH,81.4,UNDER_REVIEW,2026-04-30 09:03:05,2026-05-10 19:03:05,Not Available,Synthetic defensive observation representing a possible phishing-related indicator.,Initial Access,Phishing,
THR-2026-0997,2026-10-01 09:03:05,Credential Abuse Observation,CREDENTIAL THREATS,EMAIL/SENDER DOMAIN,sender-997.invalid,Community Submission,C,49,CRITICAL,76.6,CLOSED,2026-04-19 09:03:05,2026-05-01 10:03:05,Demo Region B,Synthetic defensive observation representing a credential-related security risk.,Credential Access,Valid Accounts,
THR-2026-0998,2026-10-01 09:03:05,Synthetic Ransomware Indicator Cluster,RANSOMWARE,FILE HASH,d192949b96161725fcb12e3eaebacbb613769d89ba416fc9d44be1a0664473ef,Security Vendor,A,80,MEDIUM,62.0,CLOSED,2026-09-05 09:03:05,2026-09-27 13:03:05,Not Available,Synthetic defensive observation representing a ransomware-related risk pattern.,Impact,Data Encrypted for Impact,
THR-2026-0999,2026-10-01 09:03:05,Suspicious Web Resource Pattern,WEB THREATS,EMAIL/SENDER DOMAIN,sender-999.invalid,Security Vendor,A,66,LOW,41.4,FALSE_POSITIVE,2026-09-07 09:03:05,2026-09-09 09:03:05,Demo Region A,Synthetic defensive observation representing a suspicious web-related indicator.,Initial Access,Phishing,
THR-2026-1000,2026-10-01 09:03:05,File Encryption Threat Pattern,RANSOMWARE,IP ADDRESS,203.0.113.239,Community Submission,C,35,HIGH,59.0,MONITORING,2026-06-25 09:03:05,2026-06-26 08:03:05,Synthetic Region,Synthetic defensive observation representing a ransomware-related risk pattern.,Impact,Data Encrypted for Impact,
THR-2026-1001,2026-10-01 09:03:05,Synthetic Ransomware Indicator Cluster,RANSOMWARE,DOMAIN,mail-protection-1001.invalid,Security Vendor,A,93,LOW,52.2,NEW,2026-06-26 09:03:05,2026-07-20 17:03:05,Demo Region C,Synthetic defensive observation representing a ransomware-related risk pattern.,Impact,Data Encrypted for Impact,
THR-2026-1002,2026-10-01 09:03:05,Synthetic Ransomware Indicator Cluster,RANSOMWARE,CVE ID,CVE-2022-2002,Internal SOC,A,38,MEDIUM,45.2,UNDER_REVIEW,2026-06-05 09:03:05,2026-07-05 04:03:05,Demo Region A,Synthetic defensive observation representing a ransomware-related risk pattern.,Impact,Data Encrypted for Impact,CVE-2022-2002
THR-2026-1003,2026-10-01 09:03:05,Suspicious Web Infrastructure,WEB THREATS,URL,https://account-verify-1003.invalid/verify,Security Vendor,A,71,INFORMATIONAL,34.4,NEW,2026-06-22 09:03:05,2026-06-26 00:03:05,Synthetic Region,Synthetic defensive observation representing a suspicious web-related indicator.,Initial Access,Phishing,
THR-2026-1004,2026-10-01 09:03:05,Impersonation Activity Observation,SOCIAL ENGINEERING,CVE ID,CVE-2022-2004,Research Report,B,78,LOW,46.2,MONITORING,2026-07-12 09:03:05,2026-08-01 23:03:05,Demo Region B,Synthetic defensive observation representing a social-engineering-related risk.,Initial Access,Phishing,CVE-2022-2004
THR-2026-1005,2026-10-01 09:03:05,Synthetic Credential Phishing Campaign,PHISHING,DOMAIN,account-support-1005.invalid,Internal SOC,A,29,MEDIUM,41.6,FALSE_POSITIVE,2026-07-05 09:03:05,2026-07-17 00:03:05,Demo Region B,Synthetic defensive observation representing a possible phishing-related indicator.,Initial Access,Phishing,
THR-2026-1006,2026-10-01 09:03:05,Synthetic Web Threat Cluster,WEB THREATS,IP ADDRESS,192.0.2.245,Internal SOC,A,93,MEDIUM,67.2,NEW,2026-05-21 09:03:05,2026-06-06 13:03:05,Demo Region C,Synthetic defensive observation representing a suspicious web-related indicator.,Initial Access,Phishing,
THR-2026-1007,2026-10-01 09:03:05,Suspicious Authentication Pattern,CREDENTIAL THREATS,IP ADDRESS,198.51.100.246,Unknown Source,D,35,LOW,29.0,CLOSED,2026-04-06 09:03:05,2026-05-06 13:03:05,Demo Region C,Synthetic defensive observation representing a credential-related security risk.,Credential Access,Valid Accounts,
THR-2026-1008,2026-10-01 09:03:05,Credential Abuse Observation,CREDENTIAL THREATS,IP ADDRESS,198.51.100.247,Research Report,B,62,HIGH,69.8,MONITORING,2026-05-27 09:03:05,2026-06-10 01:03:05,Demo Region B,Synthetic defensive observation representing a credential-related security risk.,Credential Access,Valid Accounts,
THR-2026-1009,2026-10-01 09:03:05,File Encryption Threat Pattern,RANSOMWARE,DOMAIN,identity-check-1009.invalid,Community Submission,C,38,CRITICAL,72.2,CLOSED,2026-05-03 09:03:05,2026-05-12 14:03:05,Synthetic Region,Synthetic defensive observation representing a ransomware-related risk pattern.,Impact,Data Encrypted for Impact,
THR-2026-1010,2026-10-01 09:03:05,Synthetic Human-Factor Threat,SOCIAL ENGINEERING,FILE HASH,54e34d366d5045c0ece91d92684ae417efaa4f07f00a64b59f1fb5bf09eea506,Community Submission,C,65,LOW,41.0,FALSE_POSITIVE,2026-09-03 09:03:05,2026-09-22 21:03:05,Demo Region B,Synthetic defensive observation representing a social-engineering-related risk.,Initial Access,Phishing,
THR-2026-1011,2026-10-01 09:03:05,Network Communication Anomaly,NETWORK THREATS,URL,https://security-alert-1011.invalid/login,Community Submission,C,29,LOW,26.6,FALSE_POSITIVE,2026-07-28 09:03:05,2026-08-15 22:03:05,Not Available,Synthetic defensive observation representing a network-related security risk.,Command and Control,Application Layer Protocol,
THR-2026-1012,2026-10-01 09:03:05,Synthetic Network Threat Observation,NETWORK THREATS,FILE HASH,5cf860f0ec9e3e66272d2fcfeefeb36bbc1d7efcd68458c15ecf35feb54d933a,Research Report,B,66,LOW,41.4,MONITORING,2026-08-14 09:03:05,2026-08-25 16:03:05,Demo Region B,Synthetic defensive observation representing a network-related security risk.,Command and Control,Application Layer Protocol,
THR-2026-1013,2026-10-01 09:03:05,Suspicious Network Indicator Cluster,NETWORK THREATS,DOMAIN,service-notice-1013.invalid,Unknown Source,D,65,LOW,41.0,FALSE_POSITIVE,2026-09-28 09:03:05,2026-10-20 19:03:05,Synthetic Region,Synthetic defensive observation representing a network-related security risk.,Command and Control,Application Layer Protocol,
THR-2026-1014,2026-10-01 09:03:05,Synthetic Network Threat Observation,NETWORK THREATS,DOMAIN,system-alert-1014.invalid,Community Submission,C,61,INFORMATIONAL,30.4,MONITORING,2026-08-07 09:03:05,2026-08-23 15:03:05,Not Available,Synthetic defensive observation representing a network-related security risk.,Command and Control,Application Layer Protocol,
THR-2026-1015,2026-10-01 09:03:05,Synthetic Account Security Event,ACCOUNT SECURITY,CVE ID,CVE-2022-2015,Unknown Source,D,78,MEDIUM,61.2,NEW,2026-06-11 09:03:05,2026-06-21 19:03:05,Demo Region B,Synthetic defensive observation representing an account-security-related risk.,Credential Access,Valid Accounts,CVE-2022-2015
THR-2026-1016,2026-10-01 09:03:05,Social Engineering Risk Pattern,SOCIAL ENGINEERING,FILE HASH,31f2b24574dadb8b65056e7245e1d967d4ecb6ae05449a59300a0cc5cd5e6ed9,Internal SOC,A,40,LOW,31.0,CLOSED,2026-06-07 09:03:05,2026-06-13 04:03:05,Not Available,Synthetic defensive observation representing a social-engineering-related risk.,Initial Access,Phishing,
THR-2026-1017,2026-10-01 09:03:05,Suspicious Authentication Pattern,CREDENTIAL THREATS,EMAIL/SENDER DOMAIN,sender-1017.invalid,Unknown Source,D,27,INFORMATIONAL,16.8,CLOSED,2026-05-06 09:03:05,2026-05-06 23:03:05,Demo Region B,Synthetic defensive observation representing a credential-related security risk.,Credential Access,Valid Accounts,
THR-2026-1018,2026-10-01 09:03:05,Suspicious Credential Collection Pattern,PHISHING,EMAIL/SENDER DOMAIN,sender-1018.invalid,Public Threat Feed,B,30,HIGH,57.0,CLOSED,2026-04-18 09:03:05,2026-04-18 11:03:05,Demo Region A,Synthetic defensive observation representing a possible phishing-related indicator.,Initial Access,Phishing,
THR-2026-1019,2026-10-01 09:03:05,Suspicious Web Resource Pattern,WEB THREATS,URL,https://service-notice-1019.invalid/security/notice,Public Threat Feed,B,96,MEDIUM,68.4,CLOSED,2026-05-27 09:03:05,2026-06-15 10:03:05,Demo Region C,Synthetic defensive observation representing a suspicious web-related indicator.,Initial Access,Phishing,
THR-2026-1020,2026-10-01 09:03:05,Impersonation Activity Observation,SOCIAL ENGINEERING,CVE ID,CVE-2022-2020,Internal SOC,A,38,HIGH,60.2,MONITORING,2026-08-04 09:03:05,2026-08-05 09:03:05,Demo Region A,Synthetic defensive observation representing a social-engineering-related risk.,Initial Access,Phishing,CVE-2022-2020
THR-2026-1021,2026-10-01 09:03:05,Synthetic Vulnerability Exposure,VULNERABILITY EXPOSURE,DOMAIN,account-verify-1021.invalid,Community Submission,C,72,LOW,43.8,NEW,2026-09-29 09:03:05,2026-10-29 07:03:05,Demo Region C,Synthetic defensive observation representing potential vulnerability exposure.,Initial Access,User Execution,
THR-2026-1022,2026-10-01 09:03:05,Synthetic Malicious File Pattern,MALWARE,IP ADDRESS,198.51.100.7,Unknown Source,D,67,INFORMATIONAL,32.8,UNDER_REVIEW,2026-04-27 09:03:05,2026-05-22 21:03:05,Demo Region B,Synthetic defensive observation representing a suspicious file or malware-related indicator.,Execution,User Execution,
THR-2026-1023,2026-10-01 09:03:05,Suspicious Account Activity,ACCOUNT SECURITY,FILE HASH,c6462eaa1b15aeb16f5d76b8fe67e1b2f353d838367d59b78d821a57796a296e,Community Submission,C,43,LOW,32.2,FALSE_POSITIVE,2026-06-17 09:03:05,2026-07-07 23:03:05,Not Available,Synthetic defensive observation representing an account-security-related risk.,Credential Access,Valid Accounts,
THR-2026-1024,2026-10-01 09:03:05,Credential Abuse Observation,CREDENTIAL THREATS,EMAIL/SENDER DOMAIN,sender-1024.invalid,Public Threat Feed,B,87,MEDIUM,64.8,NEW,2026-07-10 09:03:05,2026-08-04 08:03:05,Demo Region B,Synthetic defensive observation representing a credential-related security risk.,Credential Access,Valid Accounts,
THR-2026-1025,2026-10-01 09:03:05,Suspicious Web Infrastructure,WEB THREATS,URL,https://security-alert-1025.invalid/security/notice,Unknown Source,D,56,MEDIUM,52.4,CLOSED,2026-04-18 09:03:05,2026-05-11 15:03:05,Demo Region A,Synthetic defensive observation representing a suspicious web-related indicator.,Initial Access,Phishing,
THR-2026-1026,2026-10-01 09:03:05,Synthetic Login Impersonation Campaign,PHISHING,DOMAIN,login-check-1026.invalid,Research Report,B,84,MEDIUM,63.6,FALSE_POSITIVE,2026-08-13 09:03:05,2026-08-28 12:03:05,Demo Region B,Synthetic defensive observation representing a possible phishing-related indicator.,Initial Access,Phishing,
THR-2026-1027,2026-10-01 09:03:05,Synthetic Data Exposure Observation,DATA EXPOSURE,EMAIL/SENDER DOMAIN,sender-1027.invalid,Unknown Source,D,64,HIGH,70.6,UNDER_REVIEW,2026-06-06 09:03:05,2026-06-26 13:03:05,Demo Region B,Synthetic defensive observation representing a possible data exposure concern.,Collection,Data from Information Repositories,
THR-2026-1028,2026-10-01 09:03:05,Network Communication Anomaly,NETWORK THREATS,FILE HASH,1bc00ab622fb45da69f676e12b25eeeaee3eea13de6c5fced789b6533a8c8e47,Security Vendor,A,90,HIGH,81.0,NEW,2026-06-20 09:03:05,2026-06-26 11:03:05,Synthetic Region,Synthetic defensive observation representing a network-related security risk.,Command and Control,Application Layer Protocol,
THR-2026-1029,2026-10-01 09:03:05,Synthetic Web Threat Cluster,WEB THREATS,EMAIL/SENDER DOMAIN,sender-1029.invalid,Research Report,B,43,MEDIUM,47.2,CLOSED,2026-09-03 09:03:05,2026-09-26 12:03:05,Demo Region A,Synthetic defensive observation representing a suspicious web-related indicator.,Initial Access,Phishing,
THR-2026-1030,2026-10-01 09:03:05,Synthetic Ransomware Indicator Cluster,RANSOMWARE,URL,https://login-check-1030.invalid/login,Public Threat Feed,B,82,MEDIUM,62.8,CLOSED,2026-07-25 09:03:05,2026-07-29 02:03:05,Demo Region C,Synthetic defensive observation representing a ransomware-related risk pattern.,Impact,Data Encrypted for Impact,
THR-2026-1031,2026-10-01 09:03:05,Suspicious Authentication Pattern,CREDENTIAL THREATS,DOMAIN,secure-login-1031.invalid,Public Threat Feed,B,90,MEDIUM,66.0,NEW,2026-09-17 09:03:05,2026-10-01 17:03:05,Demo Region A,Synthetic defensive observation representing a credential-related security risk.,Credential Access,Valid Accounts,
THR-2026-1032,2026-10-01 09:03:05,Vulnerability Risk Assessment,VULNERABILITY EXPOSURE,CVE ID,CVE-2025-2032,Research Report,B,49,LOW,34.6,CLOSED,2026-08-16 09:03:05,2026-09-04 17:03:05,Not Available,Synthetic defensive observation representing potential vulnerability exposure.,Initial Access,User Execution,CVE-2025-2032
THR-2026-1033,2026-10-01 09:03:05,Synthetic Malicious File Pattern,MALWARE,CVE ID,CVE-2022-2033,Security Vendor,A,39,MEDIUM,45.6,NEW,2026-09-01 09:03:05,2026-09-02 10:03:05,Demo Region B,Synthetic defensive observation representing a suspicious file or malware-related indicator.,Execution,User Execution,CVE-2022-2033
THR-2026-1034,2026-10-01 09:03:05,Sensitive Data Protection Alert,DATA EXPOSURE,IP ADDRESS,198.51.100.19,Research Report,B,76,LOW,45.4,UNDER_REVIEW,2026-06-22 09:03:05,2026-06-25 16:03:05,Synthetic Region,Synthetic defensive observation representing a possible data exposure concern.,Collection,Data from Information Repositories,
THR-2026-1035,2026-10-01 09:03:05,Ransomware Awareness Simulation,RANSOMWARE,DOMAIN,service-notice-1035.invalid,Unknown Source,D,61,MEDIUM,54.4,UNDER_REVIEW,2026-09-30 09:03:05,2026-10-03 14:03:05,Demo Region C,Synthetic defensive observation representing a ransomware-related risk pattern.,Impact,Data Encrypted for Impact,
THR-2026-1036,2026-10-01 09:03:05,Ransomware Awareness Simulation,RANSOMWARE,URL,https://security-alert-1036.invalid/account/check,Security Vendor,A,83,LOW,48.2,NEW,2026-09-27 09:03:05,2026-10-19 00:03:05,Demo Region C,Synthetic defensive observation representing a ransomware-related risk pattern.,Impact,Data Encrypted for Impact,
THR-2026-1037,2026-10-01 09:03:05,Synthetic Ransomware Indicator Cluster,RANSOMWARE,URL,https://security-alert-1037.invalid/account/check,Community Submission,C,26,MEDIUM,40.4,UNDER_REVIEW,2026-07-02 09:03:05,2026-07-18 03:03:05,Synthetic Region,Synthetic defensive observation representing a ransomware-related risk pattern.,Impact,Data Encrypted for Impact,
THR-2026-1038,2026-10-01 09:03:05,Impersonation Activity Observation,SOCIAL ENGINEERING,IP ADDRESS,192.0.2.23,Unknown Source,D,97,HIGH,83.8,NEW,2026-07-18 09:03:05,2026-08-13 16:03:05,Demo Region B,Synthetic defensive observation representing a social-engineering-related risk.,Initial Access,Phishing,
THR-2026-1039,2026-10-01 09:03:05,Synthetic Malicious File Pattern,MALWARE,URL,https://service-notice-1039.invalid/login,Community Submission,C,69,MEDIUM,57.6,CLOSED,2026-07-27 09:03:05,2026-08-18 00:03:05,Demo Region C,Synthetic defensive observation representing a suspicious file or malware-related indicator.,Execution,User Execution,
THR-2026-1040,2026-10-01 09:03:05,Synthetic Login Impersonation Campaign,PHISHING,URL,https://identity-check-1040.invalid/review,Unknown Source,D,91,MEDIUM,66.4,NEW,2026-05-01 09:03:05,2026-05-16 12:03:05,Not Available,Synthetic defensive observation representing a possible phishing-related indicator.,Initial Access,Phishing,
THR-2026-1041,2026-10-01 09:03:05,Ransomware Awareness Simulation,RANSOMWARE,FILE HASH,551cbee3cffbd0251b9f491229073b6bc174fdd3eecbcdebed9b0f9df5d485c3,Public Threat Feed,B,43,MEDIUM,47.2,UNDER_REVIEW,2026-05-26 09:03:05,2026-05-26 16:03:05,Demo Region C,Synthetic defensive observation representing a ransomware-related risk pattern.,Impact,Data Encrypted for Impact,
THR-2026-1042,2026-10-01 09:03:05,Suspicious File Hash Observation,MALWARE,DOMAIN,secure-login-1042.invalid,Unknown Source,D,60,MEDIUM,54.0,MONITORING,2026-04-10 09:03:05,2026-04-27 23:03:05,Demo Region C,Synthetic defensive observation representing a suspicious file or malware-related indicator.,Execution,User Execution,
THR-2026-1043,2026-10-01 09:03:05,Network Communication Anomaly,NETWORK THREATS,FILE HASH,bbc7d357b8c1e1823c4f718434e41f58879ccb4939d51f7df94561998ff201c6,Public Threat Feed,B,60,CRITICAL,81.0,NEW,2026-08-13 09:03:05,2026-08-15 03:03:05,Not Available,Synthetic defensive observation representing a network-related security risk.,Command and Control,Application Layer Protocol,
THR-2026-1044,2026-10-01 09:03:05,Unpatched Software Awareness Record,VULNERABILITY EXPOSURE,FILE HASH,a693a0ede3e8e882dda65548b239ea57570cfc8fb3bf9a17a24f62930ef975b5,Public Threat Feed,B,69,HIGH,72.6,UNDER_REVIEW,2026-09-02 09:03:05,2026-09-03 00:03:05,Synthetic Region,Synthetic defensive observation representing potential vulnerability exposure.,Initial Access,User Execution,
THR-2026-1045,2026-10-01 09:03:05,Synthetic Data Exposure Observation,DATA EXPOSURE,URL,https://account-support-1045.invalid/identity/verify,Research Report,B,63,MEDIUM,55.2,NEW,2026-07-19 09:03:05,2026-07-21 18:03:05,Synthetic Region,Synthetic defensive observation representing a possible data exposure concern.,Collection,Data from Information Repositories,
THR-2026-1046,2026-10-01 09:03:05,Credential Exposure Indicator,CREDENTIAL THREATS,URL,https://account-support-1046.invalid/verify,Internal SOC,A,64,INFORMATIONAL,31.6,MONITORING,2026-06-12 09:03:05,2026-06-24 06:03:05,Demo Region A,Synthetic defensive observation representing a credential-related security risk.,Credential Access,Valid Accounts,
THR-2026-1047,2026-10-01 09:03:05,File Encryption Threat Pattern,RANSOMWARE,URL,https://identity-check-1047.invalid/identity/verify,Security Vendor,A,96,MEDIUM,68.4,CLOSED,2026-09-08 09:03:05,2026-09-30 17:03:05,Demo Region B,Synthetic defensive observation representing a ransomware-related risk pattern.,Impact,Data Encrypted for Impact,
THR-2026-1048,2026-10-01 09:03:05,Account Protection Alert,ACCOUNT SECURITY,IP ADDRESS,198.51.100.33,Public Threat Feed,B,85,LOW,49.0,CLOSED,2026-07-29 09:03:05,2026-08-24 06:03:05,Synthetic Region,Synthetic defensive observation representing an account-security-related risk.,Credential Access,Valid Accounts,
THR-2026-1049,2026-10-01 09:03:05,Suspicious File Hash Observation,MALWARE,URL,https://identity-check-1049.invalid/identity/verify,Research Report,B,97,LOW,53.8,MONITORING,2026-04-10 09:03:05,2026-05-08 19:03:05,Demo Region B,Synthetic defensive observation representing a suspicious file or malware-related indicator.,Execution,User Execution,
THR-2026-1050,2026-10-01 09:03:05,Ransomware Awareness Simulation,RANSOMWARE,FILE HASH,f21e14311dbfd2c240e2fd879989c391b023dc1447d092f1f140ba1dbde5c65d,Public Threat Feed,B,35,LOW,29.0,UNDER_REVIEW,2026-05-08 09:03:05,2026-06-07 05:03:05,Not Available,Synthetic defensive observation representing a ransomware-related risk pattern.,Impact,Data Encrypted for Impact,
THR-2026-1051,2026-10-01 09:03:05,Vulnerability Risk Assessment,VULNERABILITY EXPOSURE,FILE HASH,5facdea97f5e000208e4c1d388984594257231f68768a21f2adc3ca505a2f067,Community Submission,C,65,MEDIUM,56.0,CLOSED,2026-04-08 09:03:05,2026-04-30 20:03:05,Demo Region C,Synthetic defensive observation representing potential vulnerability exposure.,Initial Access,User Execution,
THR-2026-1052,2026-10-01 09:03:05,Social Engineering Risk Pattern,SOCIAL ENGINEERING,FILE HASH,2c535c097abfb9b02038b6884cfee187902c51be4effe39218bf78aa0d6d23f3,Internal SOC,A,96,MEDIUM,68.4,FALSE_POSITIVE,2026-06-15 09:03:05,2026-06-17 13:03:05,Demo Region B,Synthetic defensive observation representing a social-engineering-related risk.,Initial Access,Phishing,
THR-2026-1053,2026-10-01 09:03:05,Potential Data Exposure Pattern,DATA EXPOSURE,URL,https://account-verify-1053.invalid/identity/verify,Public Threat Feed,B,97,MEDIUM,68.8,NEW,2026-09-17 09:03:05,2026-10-11 21:03:05,Synthetic Region,Synthetic defensive observation representing a possible data exposure concern.,Collection,Data from Information Repositories,
THR-2026-1054,2026-10-01 09:03:05,Synthetic Social Engineering Campaign,SOCIAL ENGINEERING,EMAIL/SENDER DOMAIN,sender-1054.invalid,Internal SOC,A,31,MEDIUM,42.4,FALSE_POSITIVE,2026-09-16 09:03:05,2026-09-25 05:03:05,Demo Region C,Synthetic defensive observation representing a social-engineering-related risk.,Initial Access,Phishing,
THR-2026-1055,2026-10-01 09:03:05,Synthetic Malware Indicator Cluster,MALWARE,URL,https://account-support-1055.invalid/login,Internal SOC,A,32,HIGH,57.8,FALSE_POSITIVE,2026-05-04 09:03:05,2026-05-26 01:03:05,Demo Region B,Synthetic defensive observation representing a suspicious file or malware-related indicator.,Execution,User Execution,
THR-2026-1056,2026-10-01 09:03:05,File Encryption Threat Pattern,RANSOMWARE,EMAIL/SENDER DOMAIN,sender-1056.invalid,Security Vendor,A,88,HIGH,80.2,MONITORING,2026-08-04 09:03:05,2026-09-02 06:03:05,Demo Region C,Synthetic defensive observation representing a ransomware-related risk pattern.,Impact,Data Encrypted for Impact,
THR-2026-1057,2026-10-01 09:03:05,Suspicious Web Infrastructure,WEB THREATS,CVE ID,CVE-2022-2057,Internal SOC,A,50,HIGH,65.0,NEW,2026-09-13 09:03:05,2026-09-13 13:03:05,Not Available,Synthetic defensive observation representing a suspicious web-related indicator.,Initial Access,Phishing,CVE-2022-2057
THR-2026-1058,2026-10-01 09:03:05,Suspicious Authentication Pattern,CREDENTIAL THREATS,DOMAIN,security-alert-1058.invalid,Research Report,B,89,MEDIUM,65.6,CLOSED,2026-06-22 09:03:05,2026-06-23 12:03:05,Synthetic Region,Synthetic defensive observation representing a credential-related security risk.,Credential Access,Valid Accounts,
THR-2026-1059,2026-10-01 09:03:05,File Encryption Threat Pattern,RANSOMWARE,DOMAIN,system-alert-1059.invalid,Unknown Source,D,81,LOW,47.4,UNDER_REVIEW,2026-04-26 09:03:05,2026-04-29 22:03:05,Demo Region A,Synthetic defensive observation representing a ransomware-related risk pattern.,Impact,Data Encrypted for Impact,
THR-2026-1060,2026-10-01 09:03:05,Synthetic Ransomware Infrastructure,RANSOMWARE,CVE ID,CVE-2023-2060,Security Vendor,A,94,LOW,52.6,FALSE_POSITIVE,2026-06-01 09:03:05,2026-06-16 18:03:05,Demo Region A,Synthetic defensive observation representing a ransomware-related risk pattern.,Impact,Data Encrypted for Impact,CVE-2023-2060
THR-2026-1061,2026-10-01 09:03:05,Impersonation Activity Observation,SOCIAL ENGINEERING,URL,https://identity-check-1061.invalid/login,Research Report,B,38,MEDIUM,45.2,MONITORING,2026-06-16 09:03:05,2026-07-12 22:03:05,Demo Region A,Synthetic defensive observation representing a social-engineering-related risk.,Initial Access,Phishing,
THR-2026-1062,2026-10-01 09:03:05,Synthetic Human-Factor Threat,SOCIAL ENGINEERING,IP ADDRESS,203.0.113.47,Internal SOC,A,63,MEDIUM,55.2,MONITORING,2026-04-18 09:03:05,2026-05-09 06:03:05,Demo Region A,Synthetic defensive observation representing a social-engineering-related risk.,Initial Access,Phishing,
THR-2026-1063,2026-10-01 09:03:05,File Encryption Threat Pattern,RANSOMWARE,FILE HASH,18126c91d828e7e13acb7065d08807eaedae745664baf350e7d13ec4cd26cd25,Security Vendor,A,26,MEDIUM,40.4,FALSE_POSITIVE,2026-07-01 09:03:05,2026-07-18 01:03:05,Demo Region C,Synthetic defensive observation representing a ransomware-related risk pattern.,Impact,Data Encrypted for Impact,
THR-2026-1064,2026-10-01 09:03:05,Synthetic Vulnerability Observation,VULNERABILITY EXPOSURE,EMAIL/SENDER DOMAIN,sender-1064.invalid,Public Threat Feed,B,44,INFORMATIONAL,23.6,UNDER_REVIEW,2026-04-16 09:03:05,2026-05-10 03:03:05,Synthetic Region,Synthetic defensive observation representing potential vulnerability exposure.,Initial Access,User Execution,
THR-2026-1065,2026-10-01 09:03:05,Synthetic Web Threat Cluster,WEB THREATS,CVE ID,CVE-2024-2065,Unknown Source,D,33,CRITICAL,70.2,FALSE_POSITIVE,2026-05-30 09:03:05,2026-06-12 00:03:05,Not Available,Synthetic defensive observation representing a suspicious web-related indicator.,Initial Access,Phishing,CVE-2024-2065
THR-2026-1066,2026-10-01 09:03:05,Synthetic Data Exposure Observation,DATA EXPOSURE,URL,https://account-verify-1066.invalid/review,Community Submission,C,69,LOW,42.6,NEW,2026-04-25 09:03:05,2026-05-21 21:03:05,Demo Region A,Synthetic defensive observation representing a possible data exposure concern.,Collection,Data from Information Repositories,
THR-2026-1067,2026-10-01 09:03:05,File Encryption Threat Pattern,RANSOMWARE,DOMAIN,security-alert-1067.invalid,Unknown Source,D,88,MEDIUM,65.2,UNDER_REVIEW,2026-06-01 09:03:05,2026-06-11 16:03:05,Demo Region A,Synthetic defensive observation representing a ransomware-related risk pattern.,Impact,Data Encrypted for Impact,
THR-2026-1068,2026-10-01 09:03:05,Synthetic Vulnerability Exposure,VULNERABILITY EXPOSURE,FILE HASH,878d48d47c9aca7c893140a28796cfeceb020aea734c8367e1943de9bb6ad4a7,Internal SOC,A,57,INFORMATIONAL,28.8,MONITORING,2026-09-21 09:03:05,2026-10-19 08:03:05,Synthetic Region,Synthetic defensive observation representing potential vulnerability exposure.,Initial Access,User Execution,
THR-2026-1069,2026-10-01 09:03:05,Synthetic Account Security Event,ACCOUNT SECURITY,CVE ID,CVE-2022-2069,Internal SOC,A,66,CRITICAL,83.4,MONITORING,2026-04-05 09:03:05,2026-04-19 21:03:05,Not Available,Synthetic defensive observation representing an account-security-related risk.,Credential Access,Valid Accounts,CVE-2022-2069
THR-2026-1070,2026-10-01 09:03:05,Credential Abuse Observation,CREDENTIAL THREATS,DOMAIN,identity-check-1070.invalid,Security Vendor,A,61,MEDIUM,54.4,UNDER_REVIEW,2026-08-10 09:03:05,2026-09-02 14:03:05,Not Available,Synthetic defensive observation representing a credential-related security risk.,Credential Access,Valid Accounts,
THR-2026-1071,2026-10-01 09:03:05,Synthetic Malware Indicator Cluster,MALWARE,EMAIL/SENDER DOMAIN,sender-1071.invalid,Security Vendor,A,37,INFORMATIONAL,20.8,CLOSED,2026-09-22 09:03:05,2026-10-17 13:03:05,Demo Region C,Synthetic defensive observation representing a suspicious file or malware-related indicator.,Execution,User Execution,
THR-2026-1072,2026-10-01 09:03:05,Account Protection Alert,ACCOUNT SECURITY,EMAIL/SENDER DOMAIN,sender-1072.invalid,Security Vendor,A,68,HIGH,72.2,UNDER_REVIEW,2026-04-09 09:03:05,2026-05-03 08:03:05,Demo Region B,Synthetic defensive observation representing an account-security-related risk.,Credential Access,Valid Accounts,
THR-2026-1073,2026-10-01 09:03:05,Account Protection Alert,ACCOUNT SECURITY,FILE HASH,9ad9832761a61d481da77f124c5a6502098d7963b429afdd44328798f0590042,Security Vendor,A,96,MEDIUM,68.4,FALSE_POSITIVE,2026-09-13 09:03:05,2026-09-27 22:03:05,Demo Region A,Synthetic defensive observation representing an account-security-related risk.,Credential Access,Valid Accounts,
THR-2026-1074,2026-10-01 09:03:05,Synthetic Malicious File Pattern,MALWARE,DOMAIN,system-alert-1074.invalid,Research Report,B,40,LOW,31.0,UNDER_REVIEW,2026-08-02 09:03:05,2026-08-04 04:03:05,Demo Region A,Synthetic defensive observation representing a suspicious file or malware-related indicator.,Execution,User Execution,
THR-2026-1075,2026-10-01 09:03:05,Synthetic Web Threat Cluster,WEB THREATS,URL,https://secure-login-1075.invalid/review,Public Threat Feed,B,45,MEDIUM,48.0,FALSE_POSITIVE,2026-09-11 09:03:05,2026-09-29 03:03:05,Not Available,Synthetic defensive observation representing a suspicious web-related indicator.,Initial Access,Phishing,
THR-2026-1076,2026-10-01 09:03:05,Synthetic Data Exposure Observation,DATA EXPOSURE,URL,https://secure-login-1076.invalid/identity/verify,Community Submission,C,39,INFORMATIONAL,21.6,MONITORING,2026-06-02 09:03:05,2026-07-01 17:03:05,Demo Region A,Synthetic defensive observation representing a possible data exposure concern.,Collection,Data from Information Repositories,
THR-2026-1077,2026-10-01 09:03:05,Synthetic Vulnerability Observation,VULNERABILITY EXPOSURE,URL,https://mail-protection-1077.invalid/security/notice,Security Vendor,A,32,HIGH,57.8,UNDER_REVIEW,2026-08-09 09:03:05,2026-08-27 08:03:05,Demo Region A,Synthetic defensive observation representing potential vulnerability exposure.,Initial Access,User Execution,
THR-2026-1078,2026-10-01 09:03:05,Synthetic Social Engineering Campaign,SOCIAL ENGINEERING,IP ADDRESS,203.0.113.63,Public Threat Feed,B,29,HIGH,56.6,CLOSED,2026-09-12 09:03:05,2026-10-12 22:03:05,Not Available,Synthetic defensive observation representing a social-engineering-related risk.,Initial Access,Phishing,
THR-2026-1079,2026-10-01 09:03:05,Ransomware Awareness Simulation,RANSOMWARE,URL,https://login-check-1079.invalid/verify,Security Vendor,A,89,INFORMATIONAL,41.6,UNDER_REVIEW,2026-04-17 09:03:05,2026-04-28 22:03:05,Demo Region C,Synthetic defensive observation representing a ransomware-related risk pattern.,Impact,Data Encrypted for Impact,
THR-2026-1080,2026-10-01 09:03:05,Synthetic Credential Phishing Campaign,PHISHING,IP ADDRESS,192.0.2.65,Community Submission,C,50,HIGH,65.0,CLOSED,2026-04-28 09:03:05,2026-05-25 21:03:05,Not Available,Synthetic defensive observation representing a possible phishing-related indicator.,Initial Access,Phishing,
THR-2026-1081,2026-10-01 09:03:05,Synthetic Credential Phishing Campaign,PHISHING,FILE HASH,1e98cf4343aebfbf06be7d6d45407885ae47b65a71bec007c847d4f73dde05ef,Unknown Source,D,80,HIGH,77.0,NEW,2026-06-13 09:03:05,2026-06-30 13:03:05,Synthetic Region,Synthetic defensive observation representing a possible phishing-related indicator.,Initial Access,Phishing,
THR-2026-1082,2026-10-01 09:03:05,Suspicious Account Activity,ACCOUNT SECURITY,URL,https://service-notice-1082.invalid/account/check,Security Vendor,A,32,MEDIUM,42.8,CLOSED,2026-08-02 09:03:05,2026-08-05 03:03:05,Demo Region B,Synthetic defensive observation representing an account-security-related risk.,Credential Access,Valid Accounts,
THR-2026-1083,2026-10-01 09:03:05,Synthetic Data Exposure Observation,DATA EXPOSURE,EMAIL/SENDER DOMAIN,sender-1083.invalid,Unknown Source,D,26,INFORMATIONAL,16.4,UNDER_REVIEW,2026-07-29 09:03:05,2026-08-24 10:03:05,Demo Region A,Synthetic defensive observation representing a possible data exposure concern.,Collection,Data from Information Repositories,
THR-2026-1084,2026-10-01 09:03:05,Social Engineering Risk Pattern,SOCIAL ENGINEERING,DOMAIN,identity-check-1084.invalid,Community Submission,C,69,INFORMATIONAL,33.6,FALSE_POSITIVE,2026-04-16 09:03:05,2026-05-14 16:03:05,Demo Region B,Synthetic defensive observation representing a social-engineering-related risk.,Initial Access,Phishing,
THR-2026-1085,2026-10-01 09:03:05,Synthetic Vulnerability Observation,VULNERABILITY EXPOSURE,FILE HASH,15050202c10447856b9c774c1f6cd00b631f0b11fed1ebf137f7ab62c9833821,Public Threat Feed,B,34,MEDIUM,43.6,CLOSED,2026-05-14 09:03:05,2026-05-21 00:03:05,Demo Region B,Synthetic defensive observation representing potential vulnerability exposure.,Initial Access,User Execution,
THR-2026-1086,2026-10-01 09:03:05,Suspicious Web Infrastructure,WEB THREATS,URL,https://system-alert-1086.invalid/security/notice,Community Submission,C,56,HIGH,67.4,MONITORING,2026-07-24 09:03:05,2026-08-04 07:03:05,Demo Region A,Synthetic defensive observation representing a suspicious web-related indicator.,Initial Access,Phishing,
THR-2026-1087,2026-10-01 09:03:05,Unpatched Software Awareness Record,VULNERABILITY EXPOSURE,CVE ID,CVE-2026-2087,Security Vendor,A,35,MEDIUM,44.0,FALSE_POSITIVE,2026-08-26 09:03:05,2026-09-22 01:03:05,Demo Region C,Synthetic defensive observation representing potential vulnerability exposure.,Initial Access,User Execution,CVE-2026-2087
THR-2026-1088,2026-10-01 09:03:05,Credential Abuse Observation,CREDENTIAL THREATS,IP ADDRESS,198.51.100.73,Internal SOC,A,43,HIGH,62.2,NEW,2026-08-01 09:03:05,2026-08-23 23:03:05,Demo Region A,Synthetic defensive observation representing a credential-related security risk.,Credential Access,Valid Accounts,
THR-2026-1089,2026-10-01 09:03:05,Synthetic Human-Factor Threat,SOCIAL ENGINEERING,IP ADDRESS,198.51.100.74,Public Threat Feed,B,74,LOW,44.6,NEW,2026-09-09 09:03:05,2026-09-10 17:03:05,Synthetic Region,Synthetic defensive observation representing a social-engineering-related risk.,Initial Access,Phishing,
THR-2026-1090,2026-10-01 09:03:05,Synthetic Vulnerability Exposure,VULNERABILITY EXPOSURE,FILE HASH,eb512cacff20542b1976c0a15bed980a3716127f95aec373c62720a85ca9503d,Security Vendor,A,73,LOW,44.2,NEW,2026-04-15 09:03:05,2026-04-29 02:03:05,Demo Region C,Synthetic defensive observation representing potential vulnerability exposure.,Initial Access,User Execution,
THR-2026-1091,2026-10-01 09:03:05,Sensitive Data Protection Alert,DATA EXPOSURE,URL,https://login-check-1091.invalid/identity/verify,Public Threat Feed,B,68,HIGH,72.2,CLOSED,2026-05-02 09:03:05,2026-05-08 09:03:05,Not Available,Synthetic defensive observation representing a possible data exposure concern.,Collection,Data from Information Repositories,
THR-2026-1092,2026-10-01 09:03:05,Vulnerability Risk Assessment,VULNERABILITY EXPOSURE,CVE ID,CVE-2022-2092,Research Report,B,95,HIGH,83.0,MONITORING,2026-04-10 09:03:05,2026-04-20 02:03:05,Synthetic Region,Synthetic defensive observation representing potential vulnerability exposure.,Initial Access,User Execution,CVE-2022-2092
THR-2026-1093,2026-10-01 09:03:05,Authentication Risk Observation,ACCOUNT SECURITY,EMAIL/SENDER DOMAIN,sender-1093.invalid,Research Report,B,73,LOW,44.2,NEW,2026-08-01 09:03:05,2026-08-05 09:03:05,Demo Region C,Synthetic defensive observation representing an account-security-related risk.,Credential Access,Valid Accounts,
THR-2026-1094,2026-10-01 09:03:05,Suspicious Authentication Pattern,CREDENTIAL THREATS,EMAIL/SENDER DOMAIN,sender-1094.invalid,Research Report,B,98,LOW,54.2,MONITORING,2026-09-21 09:03:05,2026-10-10 17:03:05,Demo Region C,Synthetic defensive observation representing a credential-related security risk.,Credential Access,Valid Accounts,
THR-2026-1095,2026-10-01 09:03:05,Suspicious Account Activity,ACCOUNT SECURITY,IP ADDRESS,192.0.2.80,Public Threat Feed,B,66,LOW,41.4,NEW,2026-08-16 09:03:05,2026-08-30 23:03:05,Synthetic Region,Synthetic defensive observation representing an account-security-related risk.,Credential Access,Valid Accounts,
THR-2026-1096,2026-10-01 09:03:05,Synthetic Social Engineering Campaign,SOCIAL ENGINEERING,IP ADDRESS,198.51.100.81,Security Vendor,A,96,MEDIUM,68.4,FALSE_POSITIVE,2026-06-18 09:03:05,2026-06-20 03:03:05,Demo Region C,Synthetic defensive observation representing a social-engineering-related risk.,Initial Access,Phishing,
THR-2026-1097,2026-10-01 09:03:05,Potential Data Exposure Pattern,DATA EXPOSURE,URL,https://security-alert-1097.invalid/login,Public Threat Feed,B,60,LOW,39.0,FALSE_POSITIVE,2026-05-27 09:03:05,2026-05-31 16:03:05,Demo Region B,Synthetic defensive observation representing a possible data exposure concern.,Collection,Data from Information Repositories,
THR-2026-1098,2026-10-01 09:03:05,Synthetic Login Impersonation Campaign,PHISHING,DOMAIN,security-alert-1098.invalid,Unknown Source,D,48,MEDIUM,49.2,FALSE_POSITIVE,2026-05-24 09:03:05,2026-06-20 23:03:05,Demo Region A,Synthetic defensive observation representing a possible phishing-related indicator.,Initial Access,Phishing,
THR-2026-1099,2026-10-01 09:03:05,Credential Exposure Indicator,CREDENTIAL THREATS,IP ADDRESS,203.0.113.84,Internal SOC,A,57,CRITICAL,79.8,UNDER_REVIEW,2026-04-10 09:03:05,2026-05-07 20:03:05,Not Available,Synthetic defensive observation representing a credential-related security risk.,Credential Access,Valid Accounts,
THR-2026-1100,2026-10-01 09:03:05,Network Communication Anomaly,NETWORK THREATS,IP ADDRESS,192.0.2.85,Community Submission,C,39,MEDIUM,45.6,MONITORING,2026-09-11 09:03:05,2026-09-18 15:03:05,Not Available,Synthetic defensive observation representing a network-related security risk.,Command and Control,Application Layer Protocol,
THR-2026-1101,2026-10-01 09:03:05,Synthetic Vulnerability Observation,VULNERABILITY EXPOSURE,IP ADDRESS,203.0.113.86,Security Vendor,A,61,MEDIUM,54.4,CLOSED,2026-09-24 09:03:05,2026-10-05 04:03:05,Demo Region C,Synthetic defensive observation representing potential vulnerability exposure.,Initial Access,User Execution,
THR-2026-1102,2026-10-01 09:03:05,Suspicious Network Indicator Cluster,NETWORK THREATS,FILE HASH,f0accf008f144ccd988aa4ee1e212b54cf28cfea913d06a0fc7a988f570e1fac,Security Vendor,A,28,LOW,26.2,NEW,2026-06-28 09:03:05,2026-06-29 18:03:05,Not Available,Synthetic defensive observation representing a network-related security risk.,Command and Control,Application Layer Protocol,
THR-2026-1103,2026-10-01 09:03:05,Synthetic Malicious File Pattern,MALWARE,EMAIL/SENDER DOMAIN,sender-1103.invalid,Community Submission,C,65,LOW,41.0,CLOSED,2026-05-23 09:03:05,2026-06-18 03:03:05,Demo Region B,Synthetic defensive observation representing a suspicious file or malware-related indicator.,Execution,User Execution,
THR-2026-1104,2026-10-01 09:03:05,Synthetic Account Security Event,ACCOUNT SECURITY,IP ADDRESS,203.0.113.89,Unknown Source,D,73,HIGH,74.2,FALSE_POSITIVE,2026-09-10 09:03:05,2026-10-10 11:03:05,Not Available,Synthetic defensive observation representing an account-security-related risk.,Credential Access,Valid Accounts,
THR-2026-1105,2026-10-01 09:03:05,Suspicious Account Activity,ACCOUNT SECURITY,CVE ID,CVE-2026-2105,Unknown Source,D,93,HIGH,82.2,UNDER_REVIEW,2026-08-30 09:03:05,2026-09-27 01:03:05,Not Available,Synthetic defensive observation representing an account-security-related risk.,Credential Access,Valid Accounts,CVE-2026-2105
THR-2026-1106,2026-10-01 09:03:05,Sensitive Data Protection Alert,DATA EXPOSURE,EMAIL/SENDER DOMAIN,sender-1106.invalid,Security Vendor,A,59,MEDIUM,53.6,MONITORING,2026-05-06 09:03:05,2026-05-15 16:03:05,Demo Region B,Synthetic defensive observation representing a possible data exposure concern.,Collection,Data from Information Repositories,
THR-2026-1107,2026-10-01 09:03:05,Suspicious Authentication Pattern,CREDENTIAL THREATS,FILE HASH,6044dbcb42d520e33e7a04333facb50777b35c96dd8191ac9ccd66de8d2829f3,Research Report,B,55,CRITICAL,79.0,FALSE_POSITIVE,2026-06-18 09:03:05,2026-06-29 11:03:05,Not Available,Synthetic defensive observation representing a credential-related security risk.,Credential Access,Valid Accounts,
THR-2026-1108,2026-10-01 09:03:05,Suspicious File Hash Observation,MALWARE,URL,https://credential-review-1108.invalid/identity/verify,Security Vendor,A,78,LOW,46.2,FALSE_POSITIVE,2026-05-08 09:03:05,2026-06-03 13:03:05,Synthetic Region,Synthetic defensive observation representing a suspicious file or malware-related indicator.,Execution,User Execution,
THR-2026-1109,2026-10-01 09:03:05,Ransomware Awareness Simulation,RANSOMWARE,EMAIL/SENDER DOMAIN,sender-1109.invalid,Public Threat Feed,B,61,LOW,39.4,FALSE_POSITIVE,2026-07-12 09:03:05,2026-07-15 11:03:05,Synthetic Region,Synthetic defensive observation representing a ransomware-related risk pattern.,Impact,Data Encrypted for Impact,
THR-2026-1110,2026-10-01 09:03:05,Synthetic Ransomware Indicator Cluster,RANSOMWARE,EMAIL/SENDER DOMAIN,sender-1110.invalid,Security Vendor,A,50,MEDIUM,50.0,MONITORING,2026-06-06 09:03:05,2026-06-06 14:03:05,Synthetic Region,Synthetic defensive observation representing a ransomware-related risk pattern.,Impact,Data Encrypted for Impact,
THR-2026-1111,2026-10-01 09:03:05,Potential Data Exposure Pattern,DATA EXPOSURE,CVE ID,CVE-2025-2111,Internal SOC,A,41,HIGH,61.4,UNDER_REVIEW,2026-06-12 09:03:05,2026-06-13 07:03:05,Demo Region A,Synthetic defensive observation representing a possible data exposure concern.,Collection,Data from Information Repositories,CVE-2025-2111
THR-2026-1112,2026-10-01 09:03:05,Potential Data Exposure Pattern,DATA EXPOSURE,EMAIL/SENDER DOMAIN,sender-1112.invalid,Public Threat Feed,B,79,HIGH,76.6,NEW,2026-08-29 09:03:05,2026-09-11 07:03:05,Demo Region C,Synthetic defensive observation representing a possible data exposure concern.,Collection,Data from Information Repositories,
THR-2026-1113,2026-10-01 09:03:05,Synthetic Network Infrastructure,NETWORK THREATS,URL,https://account-support-1113.invalid/identity/verify,Internal SOC,A,30,MEDIUM,42.0,CLOSED,2026-07-02 09:03:05,2026-08-01 23:03:05,Synthetic Region,Synthetic defensive observation representing a network-related security risk.,Command and Control,Application Layer Protocol,
THR-2026-1114,2026-10-01 09:03:05,Web Application Threat Observation,WEB THREATS,FILE HASH,6e1f71acd91045e0c0a8b5e51389c9b2a3175c05ebe76e592c5997bd883ff143,Internal SOC,A,90,HIGH,81.0,UNDER_REVIEW,2026-08-23 09:03:05,2026-09-20 09:03:05,Synthetic Region,Synthetic defensive observation representing a suspicious web-related indicator.,Initial Access,Phishing,
THR-2026-1115,2026-10-01 09:03:05,Network Communication Anomaly,NETWORK THREATS,FILE HASH,6b60b07b23471e66dd70cec32f75669ec7bec810d28c0fa37b518e0705f5abf8,Internal SOC,A,60,HIGH,69.0,FALSE_POSITIVE,2026-08-02 09:03:05,2026-08-12 00:03:05,Demo Region A,Synthetic defensive observation representing a network-related security risk.,Command and Control,Application Layer Protocol,
THR-2026-1116,2026-10-01 09:03:05,Potential Data Exposure Pattern,DATA EXPOSURE,EMAIL/SENDER DOMAIN,sender-1116.invalid,Public Threat Feed,B,79,MEDIUM,61.6,NEW,2026-07-10 09:03:05,2026-07-22 19:03:05,Demo Region B,Synthetic defensive observation representing a possible data exposure concern.,Collection,Data from Information Repositories,
THR-2026-1117,2026-10-01 09:03:05,Credential Exposure Indicator,CREDENTIAL THREATS,FILE HASH,7b67d2ce16c7feefa25b6281cf6650c7cccc8d71e03fa4372326e8aba16740f4,Internal SOC,A,65,MEDIUM,56.0,MONITORING,2026-07-04 09:03:05,2026-07-13 14:03:05,Demo Region C,Synthetic defensive observation representing a credential-related security risk.,Credential Access,Valid Accounts,
THR-2026-1118,2026-10-01 09:03:05,Social Engineering Risk Pattern,SOCIAL ENGINEERING,FILE HASH,8dc99227fbe8569fddd5db6b3bfe09ecfa366e1aff6d996b162cf240e965377e,Community Submission,C,58,LOW,38.2,NEW,2026-09-03 09:03:05,2026-10-02 16:03:05,Demo Region B,Synthetic defensive observation representing a social-engineering-related risk.,Initial Access,Phishing,
THR-2026-1119,2026-10-01 09:03:05,Synthetic Account Credential Threat,CREDENTIAL THREATS,EMAIL/SENDER DOMAIN,sender-1119.invalid,Internal SOC,A,46,HIGH,63.4,CLOSED,2026-04-30 09:03:05,2026-05-28 10:03:05,Demo Region A,Synthetic defensive observation representing a credential-related security risk.,Credential Access,Valid Accounts,
THR-2026-1120,2026-10-01 09:03:05,Suspicious Credential Collection Pattern,PHISHING,URL,https://mail-protection-1120.invalid/security/notice,Research Report,B,98,CRITICAL,96.2,NEW,2026-06-09 09:03:05,2026-06-25 13:03:05,Demo Region C,Synthetic defensive observation representing a possible phishing-related indicator.,Initial Access,Phishing,
THR-2026-1121,2026-10-01 09:03:05,Synthetic Malware Indicator Cluster,MALWARE,FILE HASH,91fa42c8f81adb616ef9c384349f14d6ae3f23ad85cc64e5a07a7fa57df64690,Security Vendor,A,36,MEDIUM,44.4,NEW,2026-07-21 09:03:05,2026-08-14 06:03:05,Demo Region C,Synthetic defensive observation representing a suspicious file or malware-related indicator.,Execution,User Execution,
THR-2026-1122,2026-10-01 09:03:05,Credential Exposure Indicator,CREDENTIAL THREATS,CVE ID,CVE-2022-2122,Public Threat Feed,B,89,LOW,50.6,NEW,2026-07-22 09:03:05,2026-08-06 05:03:05,Demo Region C,Synthetic defensive observation representing a credential-related security risk.,Credential Access,Valid Accounts,CVE-2022-2122
THR-2026-1123,2026-10-01 09:03:05,Synthetic Vulnerability Exposure,VULNERABILITY EXPOSURE,IP ADDRESS,203.0.113.108,Security Vendor,A,65,HIGH,71.0,UNDER_REVIEW,2026-05-11 09:03:05,2026-06-02 05:03:05,Demo Region A,Synthetic defensive observation representing potential vulnerability exposure.,Initial Access,User Execution,
THR-2026-1124,2026-10-01 09:03:05,File Encryption Threat Pattern,RANSOMWARE,EMAIL/SENDER DOMAIN,sender-1124.invalid,Unknown Source,D,53,MEDIUM,51.2,UNDER_REVIEW,2026-08-11 09:03:05,2026-08-20 00:03:05,Synthetic Region,Synthetic defensive observation representing a ransomware-related risk pattern.,Impact,Data Encrypted for Impact,
THR-2026-1125,2026-10-01 09:03:05,Synthetic Social Engineering Campaign,SOCIAL ENGINEERING,URL,https://account-verify-1125.invalid/account/check,Community Submission,C,36,MEDIUM,44.4,FALSE_POSITIVE,2026-08-07 09:03:05,2026-08-07 22:03:05,Synthetic Region,Synthetic defensive observation representing a social-engineering-related risk.,Initial Access,Phishing,
THR-2026-1126,2026-10-01 09:03:05,Synthetic Account Security Event,ACCOUNT SECURITY,DOMAIN,account-verify-1126.invalid,Community Submission,C,58,INFORMATIONAL,29.2,CLOSED,2026-06-25 09:03:05,2026-07-16 03:03:05,Demo Region C,Synthetic defensive observation representing an account-security-related risk.,Credential Access,Valid Accounts,
THR-2026-1127,2026-10-01 09:03:05,Synthetic Information Exposure,DATA EXPOSURE,CVE ID,CVE-2023-2127,Public Threat Feed,B,54,HIGH,66.6,MONITORING,2026-04-12 09:03:05,2026-04-28 00:03:05,Not Available,Synthetic defensive observation representing a possible data exposure concern.,Collection,Data from Information Repositories,CVE-2023-2127
THR-2026-1128,2026-10-01 09:03:05,Synthetic Information Exposure,DATA EXPOSURE,FILE HASH,cc5aad9e5a6b4e1c49760f94812e4ee2a20e899e4da27be8194b9c55100ceb49,Research Report,B,61,LOW,39.4,UNDER_REVIEW,2026-06-08 09:03:05,2026-06-18 16:03:05,Demo Region A,Synthetic defensive observation representing a possible data exposure concern.,Collection,Data from Information Repositories,
THR-2026-1129,2026-10-01 09:03:05,Impersonation Activity Observation,SOCIAL ENGINEERING,URL,https://security-alert-1129.invalid/security/notice,Research Report,B,41,HIGH,61.4,MONITORING,2026-05-28 09:03:05,2026-06-16 22:03:05,Demo Region A,Synthetic defensive observation representing a social-engineering-related risk.,Initial Access,Phishing,
THR-2026-1130,2026-10-01 09:03:05,Web Application Threat Observation,WEB THREATS,EMAIL/SENDER DOMAIN,sender-1130.invalid,Internal SOC,A,77,LOW,45.8,CLOSED,2026-05-10 09:03:05,2026-06-03 19:03:05,Demo Region C,Synthetic defensive observation representing a suspicious web-related indicator.,Initial Access,Phishing,
THR-2026-1131,2026-10-01 09:03:05,Synthetic Vulnerability Observation,VULNERABILITY EXPOSURE,FILE HASH,509507ae82b99b6ba2255777a9be519674aa969b7286e6064acc0cf5469d266f,Public Threat Feed,B,31,LOW,27.4,MONITORING,2026-05-29 09:03:05,2026-06-21 16:03:05,Demo Region A,Synthetic defensive observation representing potential vulnerability exposure.,Initial Access,User Execution,
THR-2026-1132,2026-10-01 09:03:05,Social Engineering Risk Pattern,SOCIAL ENGINEERING,FILE HASH,4004b1f5aa99babbe27548e7f4765237c5506909389ae883742e53cf936d228d,Security Vendor,A,93,HIGH,82.2,MONITORING,2026-04-23 09:03:05,2026-04-27 04:03:05,Demo Region B,Synthetic defensive observation representing a social-engineering-related risk.,Initial Access,Phishing,
THR-2026-1133,2026-10-01 09:03:05,Synthetic Data Exposure Observation,DATA EXPOSURE,IP ADDRESS,203.0.113.118,Internal SOC,A,73,INFORMATIONAL,35.2,FALSE_POSITIVE,2026-07-07 09:03:05,2026-08-05 20:03:05,Demo Region A,Synthetic defensive observation representing a possible data exposure concern.,Collection,Data from Information Repositories,
THR-2026-1134,2026-10-01 09:03:05,Suspicious Authentication Pattern,CREDENTIAL THREATS,URL,https://system-alert-1134.invalid/account/check,Research Report,B,93,CRITICAL,94.2,UNDER_REVIEW,2026-08-03 09:03:05,2026-08-12 14:03:05,Demo Region C,Synthetic defensive observation representing a credential-related security risk.,Credential Access,Valid Accounts,
THR-2026-1135,2026-10-01 09:03:05,Credential Exposure Indicator,CREDENTIAL THREATS,EMAIL/SENDER DOMAIN,sender-1135.invalid,Internal SOC,A,26,HIGH,55.4,CLOSED,2026-09-25 09:03:05,2026-10-20 01:03:05,Not Available,Synthetic defensive observation representing a credential-related security risk.,Credential Access,Valid Accounts,
THR-2026-1136,2026-10-01 09:03:05,Impersonation Activity Observation,SOCIAL ENGINEERING,IP ADDRESS,192.0.2.121,Security Vendor,A,28,LOW,26.2,MONITORING,2026-04-22 09:03:05,2026-05-17 07:03:05,Demo Region A,Synthetic defensive observation representing a social-engineering-related risk.,Initial Access,Phishing,
THR-2026-1137,2026-10-01 09:03:05,Endpoint Malware Indicator Cluster,MALWARE,FILE HASH,1a55611ebffd5962b0d17bfd36b12684c17f591bd087de71b990d7267d33ed44,Internal SOC,A,59,LOW,38.6,NEW,2026-09-11 09:03:05,2026-09-14 01:03:05,Demo Region A,Synthetic defensive observation representing a suspicious file or malware-related indicator.,Execution,User Execution,
THR-2026-1138,2026-10-01 09:03:05,Potential Data Exposure Pattern,DATA EXPOSURE,EMAIL/SENDER DOMAIN,sender-1138.invalid,Unknown Source,D,37,HIGH,59.8,MONITORING,2026-05-03 09:03:05,2026-05-28 21:03:05,Not Available,Synthetic defensive observation representing a possible data exposure concern.,Collection,Data from Information Repositories,
THR-2026-1139,2026-10-01 09:03:05,Synthetic Network Infrastructure,NETWORK THREATS,FILE HASH,ab5fb9211d284983cfcdd93b7456008be4b8533cddee22b3dcfc9d3163c254b7,Research Report,B,60,INFORMATIONAL,30.0,MONITORING,2026-08-10 09:03:05,2026-08-13 17:03:05,Synthetic Region,Synthetic defensive observation representing a network-related security risk.,Command and Control,Application Layer Protocol,
THR-2026-1140,2026-10-01 09:03:05,Unpatched Software Awareness Record,VULNERABILITY EXPOSURE,IP ADDRESS,192.0.2.125,Public Threat Feed,B,96,CRITICAL,95.4,NEW,2026-05-30 09:03:05,2026-06-09 07:03:05,Synthetic Region,Synthetic defensive observation representing potential vulnerability exposure.,Initial Access,User Execution,
THR-2026-1141,2026-10-01 09:03:05,Synthetic Social Engineering Campaign,SOCIAL ENGINEERING,CVE ID,CVE-2025-2141,Unknown Source,D,94,CRITICAL,94.6,NEW,2026-09-03 09:03:05,2026-09-17 16:03:05,Synthetic Region,Synthetic defensive observation representing a social-engineering-related risk.,Initial Access,Phishing,CVE-2025-2141
THR-2026-1142,2026-10-01 09:03:05,Synthetic Social Engineering Campaign,SOCIAL ENGINEERING,URL,https://credential-review-1142.invalid/identity/verify,Public Threat Feed,B,64,LOW,40.6,FALSE_POSITIVE,2026-08-25 09:03:05,2026-09-20 05:03:05,Demo Region A,Synthetic defensive observation representing a social-engineering-related risk.,Initial Access,Phishing,
THR-2026-1143,2026-10-01 09:03:05,File Encryption Threat Pattern,RANSOMWARE,DOMAIN,credential-review-1143.invalid,Security Vendor,A,35,MEDIUM,44.0,CLOSED,2026-06-19 09:03:05,2026-07-09 00:03:05,Demo Region A,Synthetic defensive observation representing a ransomware-related risk pattern.,Impact,Data Encrypted for Impact,
THR-2026-1144,2026-10-01 09:03:05,Suspicious Web Resource Pattern,WEB THREATS,FILE HASH,0d50892aaf34b0cf070c8b73ccbc3e980d614faf6792b4e3172e81e2895b7f13,Internal SOC,A,44,MEDIUM,47.6,MONITORING,2026-07-10 09:03:05,2026-08-02 03:03:05,Demo Region A,Synthetic defensive observation representing a suspicious web-related indicator.,Initial Access,Phishing,
THR-2026-1145,2026-10-01 09:03:05,Synthetic Account Credential Threat,CREDENTIAL THREATS,EMAIL/SENDER DOMAIN,sender-1145.invalid,Research Report,B,94,HIGH,82.6,UNDER_REVIEW,2026-07-12 09:03:05,2026-08-12 05:03:05,Demo Region C,Synthetic defensive observation representing a credential-related security risk.,Credential Access,Valid Accounts,
THR-2026-1146,2026-10-01 09:03:05,Synthetic Human-Factor Threat,SOCIAL ENGINEERING,EMAIL/SENDER DOMAIN,sender-1146.invalid,Internal SOC,A,35,MEDIUM,44.0,NEW,2026-06-14 09:03:05,2026-07-06 11:03:05,Demo Region B,Synthetic defensive observation representing a social-engineering-related risk.,Initial Access,Phishing,
THR-2026-1147,2026-10-01 09:03:05,Synthetic Ransomware Indicator Cluster,RANSOMWARE,EMAIL/SENDER DOMAIN,sender-1147.invalid,Security Vendor,A,46,HIGH,63.4,CLOSED,2026-06-10 09:03:05,2026-07-07 12:03:05,Synthetic Region,Synthetic defensive observation representing a ransomware-related risk pattern.,Impact,Data Encrypted for Impact,
THR-2026-1148,2026-10-01 09:03:05,Synthetic Ransomware Indicator Cluster,RANSOMWARE,CVE ID,CVE-2026-2148,Research Report,B,95,MEDIUM,68.0,MONITORING,2026-06-20 09:03:05,2026-06-20 18:03:05,Synthetic Region,Synthetic defensive observation representing a ransomware-related risk pattern.,Impact,Data Encrypted for Impact,CVE-2026-2148
THR-2026-1149,2026-10-01 09:03:05,Web Application Threat Observation,WEB THREATS,EMAIL/SENDER DOMAIN,sender-1149.invalid,Community Submission,C,72,LOW,43.8,UNDER_REVIEW,2026-04-17 09:03:05,2026-04-22 13:03:05,Not Available,Synthetic defensive observation representing a suspicious web-related indicator.,Initial Access,Phishing,
THR-2026-1150,2026-10-01 09:03:05,Synthetic Account Security Event,ACCOUNT SECURITY,CVE ID,CVE-2024-2150,Research Report,B,57,MEDIUM,52.8,FALSE_POSITIVE,2026-06-04 09:03:05,2026-06-10 19:03:05,Demo Region B,Synthetic defensive observation representing an account-security-related risk.,Credential Access,Valid Accounts,CVE-2024-2150
THR-2026-1151,2026-10-01 09:03:05,Impersonation Activity Observation,SOCIAL ENGINEERING,IP ADDRESS,198.51.100.136,Research Report,B,44,MEDIUM,47.6,NEW,2026-09-13 09:03:05,2026-09-13 18:03:05,Demo Region B,Synthetic defensive observation representing a social-engineering-related risk.,Initial Access,Phishing,
THR-2026-1152,2026-10-01 09:03:05,Potential Data Exposure Pattern,DATA EXPOSURE,FILE HASH,c921a3b5ff4e4bf9c04cc46c5ad43b32476a246ca3d519231239a20ed37041a0,Community Submission,C,84,INFORMATIONAL,39.6,NEW,2026-08-21 09:03:05,2026-08-23 20:03:05,Demo Region C,Synthetic defensive observation representing a possible data exposure concern.,Collection,Data from Information Repositories,
THR-2026-1153,2026-10-01 09:03:05,Suspicious Authentication Pattern,CREDENTIAL THREATS,URL,https://identity-check-1153.invalid/login,Public Threat Feed,B,64,MEDIUM,55.6,FALSE_POSITIVE,2026-04-24 09:03:05,2026-05-18 21:03:05,Not Available,Synthetic defensive observation representing a credential-related security risk.,Credential Access,Valid Accounts,
THR-2026-1154,2026-10-01 09:03:05,Credential Exposure Indicator,CREDENTIAL THREATS,IP ADDRESS,203.0.113.139,Public Threat Feed,B,52,LOW,35.8,FALSE_POSITIVE,2026-08-16 09:03:05,2026-08-25 03:03:05,Demo Region B,Synthetic defensive observation representing a credential-related security risk.,Credential Access,Valid Accounts,
THR-2026-1155,2026-10-01 09:03:05,Synthetic Account Security Event,ACCOUNT SECURITY,CVE ID,CVE-2025-2155,Unknown Source,D,60,MEDIUM,54.0,NEW,2026-04-26 09:03:05,2026-05-18 00:03:05,Demo Region B,Synthetic defensive observation representing an account-security-related risk.,Credential Access,Valid Accounts,CVE-2025-2155
THR-2026-1156,2026-10-01 09:03:05,Suspicious Authentication Pattern,CREDENTIAL THREATS,DOMAIN,security-alert-1156.invalid,Security Vendor,A,43,CRITICAL,74.2,NEW,2026-08-19 09:03:05,2026-09-03 09:03:05,Demo Region A,Synthetic defensive observation representing a credential-related security risk.,Credential Access,Valid Accounts,
THR-2026-1157,2026-10-01 09:03:05,Synthetic Ransomware Indicator Cluster,RANSOMWARE,EMAIL/SENDER DOMAIN,sender-1157.invalid,Unknown Source,D,79,HIGH,76.6,FALSE_POSITIVE,2026-06-02 09:03:05,2026-06-12 18:03:05,Demo Region B,Synthetic defensive observation representing a ransomware-related risk pattern.,Impact,Data Encrypted for Impact,
THR-2026-1158,2026-10-01 09:03:05,Synthetic Vulnerability Exposure,VULNERABILITY EXPOSURE,FILE HASH,193fc3ade57489ded8fc59e466017062564074e463692f6220500f190b463440,Public Threat Feed,B,70,HIGH,73.0,UNDER_REVIEW,2026-05-20 09:03:05,2026-05-31 01:03:05,Not Available,Synthetic defensive observation representing potential vulnerability exposure.,Initial Access,User Execution,
THR-2026-1159,2026-10-01 09:03:05,Synthetic Ransomware Infrastructure,RANSOMWARE,CVE ID,CVE-2024-2159,Community Submission,C,80,HIGH,77.0,FALSE_POSITIVE,2026-06-09 09:03:05,2026-06-25 07:03:05,Demo Region A,Synthetic defensive observation representing a ransomware-related risk pattern.,Impact,Data Encrypted for Impact,CVE-2024-2159
THR-2026-1160,2026-10-01 09:03:05,Vulnerability Risk Assessment,VULNERABILITY EXPOSURE,CVE ID,CVE-2024-2160,Research Report,B,71,LOW,43.4,FALSE_POSITIVE,2026-04-12 09:03:05,2026-04-24 08:03:05,Demo Region B,Synthetic defensive observation representing potential vulnerability exposure.,Initial Access,User Execution,CVE-2024-2160
THR-2026-1161,2026-10-01 09:03:05,Potential Data Exposure Pattern,DATA EXPOSURE,DOMAIN,secure-login-1161.invalid,Security Vendor,A,26,MEDIUM,40.4,FALSE_POSITIVE,2026-06-09 09:03:05,2026-06-21 01:03:05,Demo Region A,Synthetic defensive observation representing a possible data exposure concern.,Collection,Data from Information Repositories,
THR-2026-1162,2026-10-01 09:03:05,Web Application Threat Observation,WEB THREATS,URL,https://security-alert-1162.invalid/security/notice,Internal SOC,A,89,HIGH,80.6,UNDER_REVIEW,2026-04-28 09:03:05,2026-05-06 10:03:05,Synthetic Region,Synthetic defensive observation representing a suspicious web-related indicator.,Initial Access,Phishing,
THR-2026-1163,2026-10-01 09:03:05,Suspicious Credential Collection Pattern,PHISHING,CVE ID,CVE-2024-2163,Community Submission,C,32,LOW,27.8,CLOSED,2026-09-23 09:03:05,2026-10-21 07:03:05,Not Available,Synthetic defensive observation representing a possible phishing-related indicator.,Initial Access,Phishing,CVE-2024-2163
THR-2026-1164,2026-10-01 09:03:05,Impersonation Activity Observation,SOCIAL ENGINEERING,DOMAIN,credential-review-1164.invalid,Internal SOC,A,94,HIGH,82.6,NEW,2026-09-21 09:03:05,2026-10-02 09:03:05,Demo Region B,Synthetic defensive observation representing a social-engineering-related risk.,Initial Access,Phishing,
THR-2026-1165,2026-10-01 09:03:05,Synthetic Malicious File Pattern,MALWARE,FILE HASH,15cce73e2044e6bdfbfd8100a14f51de7667a062cdca10d4e408d8a4b6e3a201,Unknown Source,D,81,LOW,47.4,FALSE_POSITIVE,2026-09-15 09:03:05,2026-09-25 12:03:05,Demo Region B,Synthetic defensive observation representing a suspicious file or malware-related indicator.,Execution,User Execution,
THR-2026-1166,2026-10-01 09:03:05,Suspicious Credential Collection Pattern,PHISHING,URL,https://service-notice-1166.invalid/review,Community Submission,C,71,LOW,43.4,NEW,2026-09-27 09:03:05,2026-10-28 06:03:05,Synthetic Region,Synthetic defensive observation representing a possible phishing-related indicator.,Initial Access,Phishing,
THR-2026-1167,2026-10-01 09:03:05,Synthetic Malicious File Pattern,MALWARE,DOMAIN,system-alert-1167.invalid,Internal SOC,A,59,LOW,38.6,UNDER_REVIEW,2026-08-17 09:03:05,2026-08-31 10:03:05,Not Available,Synthetic defensive observation representing a suspicious file or malware-related indicator.,Execution,User Execution,
THR-2026-1168,2026-10-01 09:03:05,Synthetic Data Exposure Observation,DATA EXPOSURE,FILE HASH,703306f8e7b0881401eae9814dac80b12069d51b7043c588e39dccee390020ac,Public Threat Feed,B,25,HIGH,55.0,CLOSED,2026-07-22 09:03:05,2026-08-08 20:03:05,Demo Region C,Synthetic defensive observation representing a possible data exposure concern.,Collection,Data from Information Repositories,
THR-2026-1169,2026-10-01 09:03:05,Synthetic Account Security Event,ACCOUNT SECURITY,CVE ID,CVE-2022-2169,Internal SOC,A,84,MEDIUM,63.6,UNDER_REVIEW,2026-09-01 09:03:05,2026-09-30 11:03:05,Demo Region A,Synthetic defensive observation representing an account-security-related risk.,Credential Access,Valid Accounts,CVE-2022-2169
THR-2026-1170,2026-10-01 09:03:05,Network Communication Anomaly,NETWORK THREATS,EMAIL/SENDER DOMAIN,sender-1170.invalid,Security Vendor,A,27,MEDIUM,40.8,NEW,2026-09-28 09:03:05,2026-10-05 05:03:05,Synthetic Region,Synthetic defensive observation representing a network-related security risk.,Command and Control,Application Layer Protocol,
THR-2026-1171,2026-10-01 09:03:05,Suspicious Authentication Pattern,CREDENTIAL THREATS,URL,https://mail-protection-1171.invalid/review,Public Threat Feed,B,41,HIGH,61.4,MONITORING,2026-09-17 09:03:05,2026-09-30 07:03:05,Demo Region B,Synthetic defensive observation representing a credential-related security risk.,Credential Access,Valid Accounts,
THR-2026-1172,2026-10-01 09:03:05,File Encryption Threat Pattern,RANSOMWARE,EMAIL/SENDER DOMAIN,sender-1172.invalid,Security Vendor,A,53,LOW,36.2,MONITORING,2026-07-23 09:03:05,2026-08-20 15:03:05,Demo Region C,Synthetic defensive observation representing a ransomware-related risk pattern.,Impact,Data Encrypted for Impact,
THR-2026-1173,2026-10-01 09:03:05,Impersonation Activity Observation,SOCIAL ENGINEERING,URL,https://security-alert-1173.invalid/login,Public Threat Feed,B,71,MEDIUM,58.4,FALSE_POSITIVE,2026-04-19 09:03:05,2026-05-05 23:03:05,Demo Region A,Synthetic defensive observation representing a social-engineering-related risk.,Initial Access,Phishing,
THR-2026-1174,2026-10-01 09:03:05,Synthetic Vulnerability Observation,VULNERABILITY EXPOSURE,DOMAIN,system-alert-1174.invalid,Public Threat Feed,B,80,MEDIUM,62.0,MONITORING,2026-04-18 09:03:05,2026-05-14 06:03:05,Demo Region B,Synthetic defensive observation representing potential vulnerability exposure.,Initial Access,User Execution,
THR-2026-1175,2026-10-01 09:03:05,Sensitive Data Protection Alert,DATA EXPOSURE,EMAIL/SENDER DOMAIN,sender-1175.invalid,Internal SOC,A,59,HIGH,68.6,CLOSED,2026-05-22 09:03:05,2026-06-15 15:03:05,Demo Region B,Synthetic defensive observation representing a possible data exposure concern.,Collection,Data from Information Repositories,
THR-2026-1176,2026-10-01 09:03:05,Web Application Threat Observation,WEB THREATS,IP ADDRESS,192.0.2.161,Research Report,B,48,MEDIUM,49.2,FALSE_POSITIVE,2026-08-26 09:03:05,2026-09-10 03:03:05,Demo Region C,Synthetic defensive observation representing a suspicious web-related indicator.,Initial Access,Phishing,
THR-2026-1177,2026-10-01 09:03:05,Synthetic Vulnerability Exposure,VULNERABILITY EXPOSURE,CVE ID,CVE-2026-2177,Unknown Source,D,66,HIGH,71.4,CLOSED,2026-09-04 09:03:05,2026-09-24 20:03:05,Demo Region B,Synthetic defensive observation representing potential vulnerability exposure.,Initial Access,User Execution,CVE-2026-2177
THR-2026-1178,2026-10-01 09:03:05,Impersonation Activity Observation,SOCIAL ENGINEERING,URL,https://service-notice-1178.invalid/review,Public Threat Feed,B,48,HIGH,64.2,CLOSED,2026-07-14 09:03:05,2026-07-19 23:03:05,Demo Region A,Synthetic defensive observation representing a social-engineering-related risk.,Initial Access,Phishing,
THR-2026-1179,2026-10-01 09:03:05,Authentication Risk Observation,ACCOUNT SECURITY,FILE HASH,4b013373b10b3d860e343e79ff910c31184414e2451c5ba3c1e06ae42caff6da,Research Report,B,76,HIGH,75.4,MONITORING,2026-07-30 09:03:05,2026-08-08 08:03:05,Not Available,Synthetic defensive observation representing an account-security-related risk.,Credential Access,Valid Accounts,
THR-2026-1180,2026-10-01 09:03:05,Social Engineering Risk Pattern,SOCIAL ENGINEERING,CVE ID,CVE-2025-2180,Community Submission,C,54,LOW,36.6,CLOSED,2026-09-03 09:03:05,2026-09-16 22:03:05,Not Available,Synthetic defensive observation representing a social-engineering-related risk.,Initial Access,Phishing,CVE-2025-2180
THR-2026-1181,2026-10-01 09:03:05,Synthetic Account Security Event,ACCOUNT SECURITY,IP ADDRESS,192.0.2.166,Community Submission,C,63,MEDIUM,55.2,UNDER_REVIEW,2026-04-05 09:03:05,2026-05-06 01:03:05,Not Available,Synthetic defensive observation representing an account-security-related risk.,Credential Access,Valid Accounts,
THR-2026-1182,2026-10-01 09:03:05,Synthetic Ransomware Infrastructure,RANSOMWARE,CVE ID,CVE-2024-2182,Internal SOC,A,31,HIGH,57.4,CLOSED,2026-07-13 09:03:05,2026-08-07 13:03:05,Synthetic Region,Synthetic defensive observation representing a ransomware-related risk pattern.,Impact,Data Encrypted for Impact,CVE-2024-2182
THR-2026-1183,2026-10-01 09:03:05,File Encryption Threat Pattern,RANSOMWARE,FILE HASH,b21f095aea97a648585d4f7146f1cc6c0c771f9fa2439cdd62c22074401ed708,Public Threat Feed,B,47,LOW,33.8,CLOSED,2026-07-14 09:03:05,2026-07-16 14:03:05,Demo Region B,Synthetic defensive observation representing a ransomware-related risk pattern.,Impact,Data Encrypted for Impact,
THR-2026-1184,2026-10-01 09:03:05,Synthetic Malicious File Pattern,MALWARE,CVE ID,CVE-2023-2184,Public Threat Feed,B,96,LOW,53.4,CLOSED,2026-09-29 09:03:05,2026-10-14 14:03:05,Demo Region A,Synthetic defensive observation representing a suspicious file or malware-related indicator.,Execution,User Execution,CVE-2023-2184
THR-2026-1185,2026-10-01 09:03:05,Potential Data Exposure Pattern,DATA EXPOSURE,CVE ID,CVE-2025-2185,Unknown Source,D,85,HIGH,79.0,CLOSED,2026-06-26 09:03:05,2026-07-22 23:03:05,Demo Region A,Synthetic defensive observation representing a possible data exposure concern.,Collection,Data from Information Repositories,CVE-2025-2185
THR-2026-1186,2026-10-01 09:03:05,Synthetic Ransomware Indicator Cluster,RANSOMWARE,URL,https://account-verify-1186.invalid/login,Unknown Source,D,61,HIGH,69.4,CLOSED,2026-06-14 09:03:05,2026-07-03 21:03:05,Demo Region C,Synthetic defensive observation representing a ransomware-related risk pattern.,Impact,Data Encrypted for Impact,
THR-2026-1187,2026-10-01 09:03:05,Suspicious Account Activity,ACCOUNT SECURITY,IP ADDRESS,192.0.2.172,Security Vendor,A,47,HIGH,63.8,FALSE_POSITIVE,2026-06-28 09:03:05,2026-07-09 19:03:05,Not Available,Synthetic defensive observation representing an account-security-related risk.,Credential Access,Valid Accounts,
THR-2026-1188,2026-10-01 09:03:05,Vulnerability Risk Assessment,VULNERABILITY EXPOSURE,IP ADDRESS,203.0.113.173,Security Vendor,A,88,LOW,50.2,MONITORING,2026-09-19 09:03:05,2026-09-25 18:03:05,Demo Region A,Synthetic defensive observation representing potential vulnerability exposure.,Initial Access,User Execution,
THR-2026-1189,2026-10-01 09:03:05,Synthetic Vulnerability Exposure,VULNERABILITY EXPOSURE,CVE ID,CVE-2023-2189,Public Threat Feed,B,61,MEDIUM,54.4,CLOSED,2026-06-23 09:03:05,2026-07-15 00:03:05,Demo Region C,Synthetic defensive observation representing potential vulnerability exposure.,Initial Access,User Execution,CVE-2023-2189
THR-2026-1190,2026-10-01 09:03:05,Synthetic Ransomware Indicator Cluster,RANSOMWARE,DOMAIN,secure-login-1190.invalid,Research Report,B,38,HIGH,60.2,NEW,2026-09-09 09:03:05,2026-09-21 06:03:05,Synthetic Region,Synthetic defensive observation representing a ransomware-related risk pattern.,Impact,Data Encrypted for Impact,
THR-2026-1191,2026-10-01 09:03:05,Ransomware Awareness Simulation,RANSOMWARE,URL,https://account-verify-1191.invalid/identity/verify,Internal SOC,A,83,MEDIUM,63.2,NEW,2026-05-29 09:03:05,2026-06-19 06:03:05,Synthetic Region,Synthetic defensive observation representing a ransomware-related risk pattern.,Impact,Data Encrypted for Impact,
THR-2026-1192,2026-10-01 09:03:05,Web Application Threat Observation,WEB THREATS,FILE HASH,9f50eead44a797690d3ef488fc842c49c91ae1c9b840e5610566405e34cca80b,Community Submission,C,82,MEDIUM,62.8,MONITORING,2026-06-27 09:03:05,2026-07-22 00:03:05,Not Available,Synthetic defensive observation representing a suspicious web-related indicator.,Initial Access,Phishing,
THR-2026-1193,2026-10-01 09:03:05,Synthetic Malicious File Pattern,MALWARE,DOMAIN,secure-login-1193.invalid,Unknown Source,D,74,MEDIUM,59.6,MONITORING,2026-09-10 09:03:05,2026-09-14 09:03:05,Not Available,Synthetic defensive observation representing a suspicious file or malware-related indicator.,Execution,User Execution,
THR-2026-1194,2026-10-01 09:03:05,Credential Exposure Indicator,CREDENTIAL THREATS,EMAIL/SENDER DOMAIN,sender-1194.invalid,Research Report,B,83,HIGH,78.2,CLOSED,2026-09-18 09:03:05,2026-10-02 18:03:05,Demo Region A,Synthetic defensive observation representing a credential-related security risk.,Credential Access,Valid Accounts,
THR-2026-1195,2026-10-01 09:03:05,Synthetic Social Engineering Campaign,SOCIAL ENGINEERING,URL,https://login-check-1195.invalid/identity/verify,Research Report,B,57,HIGH,67.8,MONITORING,2026-07-06 09:03:05,2026-07-27 18:03:05,Not Available,Synthetic defensive observation representing a social-engineering-related risk.,Initial Access,Phishing,
THR-2026-1196,2026-10-01 09:03:05,Synthetic Ransomware Indicator Cluster,RANSOMWARE,URL,https://service-notice-1196.invalid/login,Public Threat Feed,B,66,INFORMATIONAL,32.4,NEW,2026-04-21 09:03:05,2026-04-23 04:03:05,Demo Region C,Synthetic defensive observation representing a ransomware-related risk pattern.,Impact,Data Encrypted for Impact,
THR-2026-1197,2026-10-01 09:03:05,Potential Data Exposure Pattern,DATA EXPOSURE,CVE ID,CVE-2025-2197,Community Submission,C,35,LOW,29.0,CLOSED,2026-09-06 09:03:05,2026-09-11 08:03:05,Synthetic Region,Synthetic defensive observation representing a possible data exposure concern.,Collection,Data from Information Repositories,CVE-2025-2197
THR-2026-1198,2026-10-01 09:03:05,Web Application Threat Observation,WEB THREATS,URL,https://credential-review-1198.invalid/review,Community Submission,C,92,MEDIUM,66.8,NEW,2026-06-05 09:03:05,2026-06-06 11:03:05,Demo Region C,Synthetic defensive observation representing a suspicious web-related indicator.,Initial Access,Phishing,
THR-2026-1199,2026-10-01 09:03:05,Synthetic Ransomware Infrastructure,RANSOMWARE,EMAIL/SENDER DOMAIN,sender-1199.invalid,Research Report,B,37,CRITICAL,71.8,CLOSED,2026-05-22 09:03:05,2026-06-14 11:03:05,Demo Region C,Synthetic defensive observation representing a ransomware-related risk pattern.,Impact,Data Encrypted for Impact,
THR-2026-1200,2026-10-01 09:03:05,Vulnerability Risk Assessment,VULNERABILITY EXPOSURE,IP ADDRESS,192.0.2.185,Unknown Source,D,57,CRITICAL,79.8,UNDER_REVIEW,2026-04-16 09:03:05,2026-05-09 11:03:05,Demo Region A,Synthetic defensive observation representing potential vulnerability exposure.,Initial Access,User Execution,
THR-2026-1201,2026-10-01 09:03:05,Account Protection Alert,ACCOUNT SECURITY,URL,https://identity-check-1201.invalid/identity/verify,Unknown Source,D,56,MEDIUM,52.4,CLOSED,2026-09-18 09:03:05,2026-09-30 03:03:05,Demo Region B,Synthetic defensive observation representing an account-security-related risk.,Credential Access,Valid Accounts,
THR-2026-1202,2026-10-01 09:03:05,Web Application Threat Observation,WEB THREATS,CVE ID,CVE-2023-2202,Community Submission,C,30,LOW,27.0,NEW,2026-06-20 09:03:05,2026-07-19 14:03:05,Demo Region C,Synthetic defensive observation representing a suspicious web-related indicator.,Initial Access,Phishing,CVE-2023-2202
THR-2026-1203,2026-10-01 09:03:05,Synthetic Vulnerability Observation,VULNERABILITY EXPOSURE,DOMAIN,login-check-1203.invalid,Public Threat Feed,B,41,HIGH,61.4,UNDER_REVIEW,2026-07-24 09:03:05,2026-08-08 04:03:05,Demo Region A,Synthetic defensive observation representing potential vulnerability exposure.,Initial Access,User Execution,
THR-2026-1204,2026-10-01 09:03:05,Credential Abuse Observation,CREDENTIAL THREATS,IP ADDRESS,203.0.113.189,Community Submission,C,33,LOW,28.2,CLOSED,2026-07-19 09:03:05,2026-08-12 07:03:05,Not Available,Synthetic defensive observation representing a credential-related security risk.,Credential Access,Valid Accounts,
THR-2026-1205,2026-10-01 09:03:05,Authentication Risk Observation,ACCOUNT SECURITY,URL,https://system-alert-1205.invalid/login,Internal SOC,A,96,MEDIUM,68.4,UNDER_REVIEW,2026-07-05 09:03:05,2026-07-15 19:03:05,Synthetic Region,Synthetic defensive observation representing an account-security-related risk.,Credential Access,Valid Accounts,
THR-2026-1206,2026-10-01 09:03:05,Synthetic Social Engineering Campaign,SOCIAL ENGINEERING,CVE ID,CVE-2025-2206,Unknown Source,D,46,LOW,33.4,NEW,2026-06-23 09:03:05,2026-07-01 21:03:05,Not Available,Synthetic defensive observation representing a social-engineering-related risk.,Initial Access,Phishing,CVE-2025-2206
THR-2026-1207,2026-10-01 09:03:05,Social Engineering Risk Pattern,SOCIAL ENGINEERING,EMAIL/SENDER DOMAIN,sender-1207.invalid,Security Vendor,A,35,CRITICAL,71.0,CLOSED,2026-05-18 09:03:05,2026-05-29 18:03:05,Demo Region C,Synthetic defensive observation representing a social-engineering-related risk.,Initial Access,Phishing,
THR-2026-1208,2026-10-01 09:03:05,Synthetic Human-Factor Threat,SOCIAL ENGINEERING,IP ADDRESS,192.0.2.193,Community Submission,C,46,MEDIUM,48.4,MONITORING,2026-07-02 09:03:05,2026-07-20 22:03:05,Demo Region A,Synthetic defensive observation representing a social-engineering-related risk.,Initial Access,Phishing,
THR-2026-1209,2026-10-01 09:03:05,Synthetic Data Exposure Observation,DATA EXPOSURE,CVE ID,CVE-2025-2209,Community Submission,C,73,CRITICAL,86.2,UNDER_REVIEW,2026-08-28 09:03:05,2026-09-10 04:03:05,Demo Region A,Synthetic defensive observation representing a possible data exposure concern.,Collection,Data from Information Repositories,CVE-2025-2209
THR-2026-1210,2026-10-01 09:03:05,Suspicious Authentication Pattern,CREDENTIAL THREATS,DOMAIN,security-alert-1210.invalid,Security Vendor,A,47,MEDIUM,48.8,CLOSED,2026-06-20 09:03:05,2026-07-07 22:03:05,Demo Region B,Synthetic defensive observation representing a credential-related security risk.,Credential Access,Valid Accounts,
THR-2026-1211,2026-10-01 09:03:05,Synthetic Account Security Event,ACCOUNT SECURITY,URL,https://service-notice-1211.invalid/security/notice,Community Submission,C,65,MEDIUM,56.0,CLOSED,2026-05-16 09:03:05,2026-06-02 21:03:05,Synthetic Region,Synthetic defensive observation representing an account-security-related risk.,Credential Access,Valid Accounts,
THR-2026-1212,2026-10-01 09:03:05,Social Engineering Risk Pattern,SOCIAL ENGINEERING,URL,https://credential-review-1212.invalid/account/check,Research Report,B,47,CRITICAL,75.8,UNDER_REVIEW,2026-07-19 09:03:05,2026-07-20 02:03:05,Synthetic Region,Synthetic defensive observation representing a social-engineering-related risk.,Initial Access,Phishing,
THR-2026-1213,2026-10-01 09:03:05,Suspicious File Hash Observation,MALWARE,FILE HASH,f50d54e5e536ad354e6fb015a40d75a50811170c2baa5cf3dc0acc854f8c2982,Research Report,B,78,MEDIUM,61.2,FALSE_POSITIVE,2026-08-13 09:03:05,2026-09-02 09:03:05,Demo Region B,Synthetic defensive observation representing a suspicious file or malware-related indicator.,Execution,User Execution,
THR-2026-1214,2026-10-01 09:03:05,Authentication Risk Observation,ACCOUNT SECURITY,EMAIL/SENDER DOMAIN,sender-1214.invalid,Unknown Source,D,98,CRITICAL,96.2,NEW,2026-06-18 09:03:05,2026-07-18 09:03:05,Not Available,Synthetic defensive observation representing an account-security-related risk.,Credential Access,Valid Accounts,
THR-2026-1215,2026-10-01 09:03:05,Ransomware Awareness Simulation,RANSOMWARE,EMAIL/SENDER DOMAIN,sender-1215.invalid,Public Threat Feed,B,36,MEDIUM,44.4,FALSE_POSITIVE,2026-09-25 09:03:05,2026-10-19 04:03:05,Not Available,Synthetic defensive observation representing a ransomware-related risk pattern.,Impact,Data Encrypted for Impact,
THR-2026-1216,2026-10-01 09:03:05,Synthetic Account Credential Threat,CREDENTIAL THREATS,DOMAIN,credential-review-1216.invalid,Security Vendor,A,55,MEDIUM,52.0,UNDER_REVIEW,2026-06-02 09:03:05,2026-07-02 07:03:05,Demo Region C,Synthetic defensive observation representing a credential-related security risk.,Credential Access,Valid Accounts,
THR-2026-1217,2026-10-01 09:03:05,Suspicious Web Resource Pattern,WEB THREATS,IP ADDRESS,192.0.2.202,Research Report,B,84,LOW,48.6,UNDER_REVIEW,2026-07-30 09:03:05,2026-08-21 04:03:05,Demo Region B,Synthetic defensive observation representing a suspicious web-related indicator.,Initial Access,Phishing,
THR-2026-1218,2026-10-01 09:03:05,Synthetic Social Engineering Campaign,SOCIAL ENGINEERING,EMAIL/SENDER DOMAIN,sender-1218.invalid,Security Vendor,A,67,MEDIUM,56.8,NEW,2026-07-30 09:03:05,2026-08-14 08:03:05,Demo Region A,Synthetic defensive observation representing a social-engineering-related risk.,Initial Access,Phishing,
THR-2026-1219,2026-10-01 09:03:05,Synthetic Vulnerability Exposure,VULNERABILITY EXPOSURE,EMAIL/SENDER DOMAIN,sender-1219.invalid,Internal SOC,A,74,CRITICAL,86.6,MONITORING,2026-06-16 09:03:05,2026-07-16 17:03:05,Not Available,Synthetic defensive observation representing potential vulnerability exposure.,Initial Access,User Execution,
THR-2026-1220,2026-10-01 09:03:05,Synthetic Data Exposure Observation,DATA EXPOSURE,CVE ID,CVE-2022-2220,Public Threat Feed,B,32,MEDIUM,42.8,CLOSED,2026-06-21 09:03:05,2026-07-18 08:03:05,Demo Region C,Synthetic defensive observation representing a possible data exposure concern.,Collection,Data from Information Repositories,CVE-2022-2220
THR-2026-1221,2026-10-01 09:03:05,Synthetic Data Exposure Observation,DATA EXPOSURE,CVE ID,CVE-2025-2221,Internal SOC,A,40,MEDIUM,46.0,MONITORING,2026-08-24 09:03:05,2026-09-20 17:03:05,Demo Region B,Synthetic defensive observation representing a possible data exposure concern.,Collection,Data from Information Repositories,CVE-2025-2221
THR-2026-1222,2026-10-01 09:03:05,Synthetic Vulnerability Observation,VULNERABILITY EXPOSURE,CVE ID,CVE-2024-2222,Research Report,B,56,LOW,37.4,CLOSED,2026-08-08 09:03:05,2026-08-16 12:03:05,Demo Region A,Synthetic defensive observation representing potential vulnerability exposure.,Initial Access,User Execution,CVE-2024-2222
THR-2026-1223,2026-10-01 09:03:05,Social Engineering Risk Pattern,SOCIAL ENGINEERING,DOMAIN,identity-check-1223.invalid,Public Threat Feed,B,81,MEDIUM,62.4,NEW,2026-06-07 09:03:05,2026-06-29 17:03:05,Not Available,Synthetic defensive observation representing a social-engineering-related risk.,Initial Access,Phishing,
THR-2026-1224,2026-10-01 09:03:05,Synthetic Ransomware Infrastructure,RANSOMWARE,DOMAIN,system-alert-1224.invalid,Public Threat Feed,B,53,LOW,36.2,UNDER_REVIEW,2026-05-09 09:03:05,2026-05-21 07:03:05,Demo Region C,Synthetic defensive observation representing a ransomware-related risk pattern.,Impact,Data Encrypted for Impact,
THR-2026-1225,2026-10-01 09:03:05,Synthetic Account Security Event,ACCOUNT SECURITY,CVE ID,CVE-2024-2225,Unknown Source,D,81,MEDIUM,62.4,FALSE_POSITIVE,2026-07-17 09:03:05,2026-07-22 08:03:05,Demo Region B,Synthetic defensive observation representing an account-security-related risk.,Credential Access,Valid Accounts,CVE-2024-2225
THR-2026-1226,2026-10-01 09:03:05,Suspicious Web Infrastructure,WEB THREATS,FILE HASH,477879bc39b5b90a4fc556bb424704b8a05ad2501a40b336c158b6e881d25dfc,Community Submission,C,52,LOW,35.8,MONITORING,2026-07-15 09:03:05,2026-07-20 03:03:05,Demo Region C,Synthetic defensive observation representing a suspicious web-related indicator.,Initial Access,Phishing,
THR-2026-1227,2026-10-01 09:03:05,Sensitive Data Protection Alert,DATA EXPOSURE,CVE ID,CVE-2026-2227,Public Threat Feed,B,46,MEDIUM,48.4,MONITORING,2026-04-19 09:03:05,2026-04-24 03:03:05,Not Available,Synthetic defensive observation representing a possible data exposure concern.,Collection,Data from Information Repositories,CVE-2026-2227
THR-2026-1228,2026-10-01 09:03:05,Synthetic Vulnerability Exposure,VULNERABILITY EXPOSURE,FILE HASH,77f33087e7c6cace16328d703fa4692e3a55a90b681c02a98ed143122b9cdd43,Security Vendor,A,86,HIGH,79.4,MONITORING,2026-05-30 09:03:05,2026-06-27 21:03:05,Demo Region A,Synthetic defensive observation representing potential vulnerability exposure.,Initial Access,User Execution,
THR-2026-1229,2026-10-01 09:03:05,Credential Abuse Observation,CREDENTIAL THREATS,URL,https://mail-protection-1229.invalid/account/check,Unknown Source,D,40,LOW,31.0,NEW,2026-08-11 09:03:05,2026-08-23 00:03:05,Not Available,Synthetic defensive observation representing a credential-related security risk.,Credential Access,Valid Accounts,
THR-2026-1230,2026-10-01 09:03:05,Synthetic Data Exposure Observation,DATA EXPOSURE,DOMAIN,mail-protection-1230.invalid,Research Report,B,29,MEDIUM,41.6,FALSE_POSITIVE,2026-04-23 09:03:05,2026-04-26 19:03:05,Demo Region C,Synthetic defensive observation representing a possible data exposure concern.,Collection,Data from Information Repositories,
THR-2026-1231,2026-10-01 09:03:05,Potential Data Exposure Pattern,DATA EXPOSURE,CVE ID,CVE-2026-2231,Research Report,B,32,HIGH,57.8,UNDER_REVIEW,2026-05-08 09:03:05,2026-05-24 16:03:05,Demo Region C,Synthetic defensive observation representing a possible data exposure concern.,Collection,Data from Information Repositories,CVE-2026-2231
THR-2026-1232,2026-10-01 09:03:05,Synthetic Account Credential Threat,CREDENTIAL THREATS,DOMAIN,credential-review-1232.invalid,Community Submission,C,59,LOW,38.6,UNDER_REVIEW,2026-07-21 09:03:05,2026-07-24 08:03:05,Demo Region A,Synthetic defensive observation representing a credential-related security risk.,Credential Access,Valid Accounts,
THR-2026-1233,2026-10-01 09:03:05,Sensitive Data Protection Alert,DATA EXPOSURE,URL,https://login-check-1233.invalid/account/check,Research Report,B,86,LOW,49.4,UNDER_REVIEW,2026-09-05 09:03:05,2026-09-22 10:03:05,Demo Region A,Synthetic defensive observation representing a possible data exposure concern.,Collection,Data from Information Repositories,
THR-2026-1234,2026-10-01 09:03:05,Synthetic Human-Factor Threat,SOCIAL ENGINEERING,IP ADDRESS,198.51.100.219,Internal SOC,A,50,LOW,35.0,FALSE_POSITIVE,2026-05-15 09:03:05,2026-06-02 15:03:05,Demo Region C,Synthetic defensive observation representing a social-engineering-related risk.,Initial Access,Phishing,
THR-2026-1235,2026-10-01 09:03:05,Fake Account Verification Activity,PHISHING,EMAIL/SENDER DOMAIN,sender-1235.invalid,Unknown Source,D,39,MEDIUM,45.6,FALSE_POSITIVE,2026-06-09 09:03:05,2026-07-04 05:03:05,Not Available,Synthetic defensive observation representing a possible phishing-related indicator.,Initial Access,Phishing,
THR-2026-1236,2026-10-01 09:03:05,Synthetic Human-Factor Threat,SOCIAL ENGINEERING,IP ADDRESS,198.51.100.221,Research Report,B,59,HIGH,68.6,MONITORING,2026-04-22 09:03:05,2026-04-27 19:03:05,Not Available,Synthetic defensive observation representing a social-engineering-related risk.,Initial Access,Phishing,
THR-2026-1237,2026-10-01 09:03:05,Suspicious Web Infrastructure,WEB THREATS,URL,https://system-alert-1237.invalid/account/check,Community Submission,C,96,MEDIUM,68.4,CLOSED,2026-07-13 09:03:05,2026-08-02 23:03:05,Demo Region B,Synthetic defensive observation representing a suspicious web-related indicator.,Initial Access,Phishing,
THR-2026-1238,2026-10-01 09:03:05,Synthetic Credential Phishing Campaign,PHISHING,URL,https://system-alert-1238.invalid/login,Internal SOC,A,47,MEDIUM,48.8,MONITORING,2026-06-12 09:03:05,2026-07-03 18:03:05,Synthetic Region,Synthetic defensive observation representing a possible phishing-related indicator.,Initial Access,Phishing,
THR-2026-1239,2026-10-01 09:03:05,Sensitive Data Protection Alert,DATA EXPOSURE,DOMAIN,mail-protection-1239.invalid,Security Vendor,A,54,HIGH,66.6,CLOSED,2026-07-14 09:03:05,2026-07-30 18:03:05,Not Available,Synthetic defensive observation representing a possible data exposure concern.,Collection,Data from Information Repositories,
THR-2026-1240,2026-10-01 09:03:05,Suspicious File Hash Observation,MALWARE,CVE ID,CVE-2024-2240,Community Submission,C,51,CRITICAL,77.4,CLOSED,2026-04-11 09:03:05,2026-04-15 19:03:05,Demo Region B,Synthetic defensive observation representing a suspicious file or malware-related indicator.,Execution,User Execution,CVE-2024-2240
THR-2026-1241,2026-10-01 09:03:05,Ransomware Awareness Simulation,RANSOMWARE,DOMAIN,account-support-1241.invalid,Community Submission,C,66,MEDIUM,56.4,UNDER_REVIEW,2026-06-01 09:03:05,2026-06-22 04:03:05,Demo Region C,Synthetic defensive observation representing a ransomware-related risk pattern.,Impact,Data Encrypted for Impact,
THR-2026-1242,2026-10-01 09:03:05,Web Application Threat Observation,WEB THREATS,FILE HASH,a38cd3ec4ced9b28ec44d63660fc5bca76e6f699a536bb7bf6fff40178280987,Security Vendor,A,72,HIGH,73.8,CLOSED,2026-07-14 09:03:05,2026-07-25 08:03:05,Demo Region C,Synthetic defensive observation representing a suspicious web-related indicator.,Initial Access,Phishing,
THR-2026-1243,2026-10-01 09:03:05,Web Application Threat Observation,WEB THREATS,FILE HASH,f4aacd549a12942ccf4ae64b0eaafb10d3526a45cb1fe4920cd5f0096c1bb9f9,Research Report,B,25,HIGH,55.0,CLOSED,2026-09-16 09:03:05,2026-10-16 22:03:05,Demo Region B,Synthetic defensive observation representing a suspicious web-related indicator.,Initial Access,Phishing,
THR-2026-1244,2026-10-01 09:03:05,Suspicious Web Resource Pattern,WEB THREATS,IP ADDRESS,203.0.113.229,Public Threat Feed,B,57,LOW,37.8,MONITORING,2026-06-27 09:03:05,2026-06-27 19:03:05,Synthetic Region,Synthetic defensive observation representing a suspicious web-related indicator.,Initial Access,Phishing,
THR-2026-1245,2026-10-01 09:03:05,Synthetic Data Exposure Observation,DATA EXPOSURE,EMAIL/SENDER DOMAIN,sender-1245.invalid,Community Submission,C,52,HIGH,65.8,UNDER_REVIEW,2026-05-25 09:03:05,2026-06-08 17:03:05,Demo Region A,Synthetic defensive observation representing a possible data exposure concern.,Collection,Data from Information Repositories,
THR-2026-1246,2026-10-01 09:03:05,Ransomware Awareness Simulation,RANSOMWARE,URL,https://credential-review-1246.invalid/review,Unknown Source,D,30,MEDIUM,42.0,MONITORING,2026-06-23 09:03:05,2026-07-16 07:03:05,Demo Region B,Synthetic defensive observation representing a ransomware-related risk pattern.,Impact,Data Encrypted for Impact,
THR-2026-1247,2026-10-01 09:03:05,Authentication Risk Observation,ACCOUNT SECURITY,EMAIL/SENDER DOMAIN,sender-1247.invalid,Internal SOC,A,37,MEDIUM,44.8,MONITORING,2026-04-20 09:03:05,2026-04-30 17:03:05,Synthetic Region,Synthetic defensive observation representing an account-security-related risk.,Credential Access,Valid Accounts,
THR-2026-1248,2026-10-01 09:03:05,Suspicious File Hash Observation,MALWARE,FILE HASH,b76985b8632c261528846f716d8f021fb9c1d5f3747c6b114b0de5c99aa87ab9,Unknown Source,D,66,HIGH,71.4,MONITORING,2026-06-17 09:03:05,2026-07-13 13:03:05,Not Available,Synthetic defensive observation representing a suspicious file or malware-related indicator.,Execution,User Execution,
THR-2026-1249,2026-10-01 09:03:05,Authentication Risk Observation,ACCOUNT SECURITY,DOMAIN,system-alert-1249.invalid,Public Threat Feed,B,56,LOW,37.4,FALSE_POSITIVE,2026-05-07 09:03:05,2026-05-25 06:03:05,Not Available,Synthetic defensive observation representing an account-security-related risk.,Credential Access,Valid Accounts,
THR-2026-1250,2026-10-01 09:03:05,Suspicious Web Resource Pattern,WEB THREATS,CVE ID,CVE-2022-2250,Unknown Source,D,33,LOW,28.2,UNDER_REVIEW,2026-07-12 09:03:05,2026-08-11 20:03:05,Demo Region B,Synthetic defensive observation representing a suspicious web-related indicator.,Initial Access,Phishing,CVE-2022-2250
THR-2026-1251,2026-10-01 09:03:05,Synthetic Network Threat Observation,NETWORK THREATS,FILE HASH,fe163093dd1b79640f5354daebcaf44f6b11273ab8ae177b35097ff672086144,Unknown Source,D,50,MEDIUM,50.0,NEW,2026-07-26 09:03:05,2026-08-04 04:03:05,Demo Region B,Synthetic defensive observation representing a network-related security risk.,Command and Control,Application Layer Protocol,
THR-2026-1252,2026-10-01 09:03:05,Synthetic Vulnerability Observation,VULNERABILITY EXPOSURE,FILE HASH,1da3f716ffa90af3d7dc596c1d181715747bdcf64c89148a021aab790f91714f,Community Submission,C,31,MEDIUM,42.4,FALSE_POSITIVE,2026-09-15 09:03:05,2026-10-15 01:03:05,Demo Region A,Synthetic defensive observation representing potential vulnerability exposure.,Initial Access,User Execution,
THR-2026-1253,2026-10-01 09:03:05,Synthetic Vulnerability Observation,VULNERABILITY EXPOSURE,IP ADDRESS,203.0.113.238,Community Submission,C,66,HIGH,71.4,NEW,2026-05-28 09:03:05,2026-06-07 03:03:05,Demo Region A,Synthetic defensive observation representing potential vulnerability exposure.,Initial Access,User Execution,
THR-2026-1254,2026-10-01 09:03:05,Account Protection Alert,ACCOUNT SECURITY,IP ADDRESS,203.0.113.239,Security Vendor,A,93,HIGH,82.2,MONITORING,2026-05-22 09:03:05,2026-06-18 11:03:05,Not Available,Synthetic defensive observation representing an account-security-related risk.,Credential Access,Valid Accounts,
THR-2026-1255,2026-10-01 09:03:05,Synthetic Account Credential Threat,CREDENTIAL THREATS,IP ADDRESS,203.0.113.240,Research Report,B,60,MEDIUM,54.0,NEW,2026-06-07 09:03:05,2026-07-06 08:03:05,Demo Region C,Synthetic defensive observation representing a credential-related security risk.,Credential Access,Valid Accounts,
THR-2026-1256,2026-10-01 09:03:05,Ransomware Awareness Simulation,RANSOMWARE,CVE ID,CVE-2026-2256,Unknown Source,D,92,MEDIUM,66.8,MONITORING,2026-06-12 09:03:05,2026-07-10 09:03:05,Not Available,Synthetic defensive observation representing a ransomware-related risk pattern.,Impact,Data Encrypted for Impact,CVE-2026-2256
THR-2026-1257,2026-10-01 09:03:05,Fake Account Verification Activity,PHISHING,EMAIL/SENDER DOMAIN,sender-1257.invalid,Internal SOC,A,27,HIGH,55.8,UNDER_REVIEW,2026-08-04 09:03:05,2026-08-14 22:03:05,Demo Region C,Synthetic defensive observation representing a possible phishing-related indicator.,Initial Access,Phishing,
THR-2026-1258,2026-10-01 09:03:05,Synthetic Account Security Event,ACCOUNT SECURITY,CVE ID,CVE-2024-2258,Community Submission,C,50,MEDIUM,50.0,UNDER_REVIEW,2026-07-02 09:03:05,2026-07-31 07:03:05,Demo Region B,Synthetic defensive observation representing an account-security-related risk.,Credential Access,Valid Accounts,CVE-2024-2258
THR-2026-1259,2026-10-01 09:03:05,Suspicious Authentication Pattern,CREDENTIAL THREATS,URL,https://account-verify-1259.invalid/verify,Security Vendor,A,30,INFORMATIONAL,18.0,UNDER_REVIEW,2026-05-15 09:03:05,2026-05-26 11:03:05,Demo Region C,Synthetic defensive observation representing a credential-related security risk.,Credential Access,Valid Accounts,
THR-2026-1260,2026-10-01 09:03:05,Credential Exposure Indicator,CREDENTIAL THREATS,DOMAIN,identity-check-1260.invalid,Security Vendor,A,59,LOW,38.6,CLOSED,2026-08-06 09:03:05,2026-08-30 20:03:05,Demo Region B,Synthetic defensive observation representing a credential-related security risk.,Credential Access,Valid Accounts,
THR-2026-1261,2026-10-01 09:03:05,Endpoint Malware Indicator Cluster,MALWARE,FILE HASH,ed92952a77620b7d92abebed77aedc6bfa261a2ccbcb5a0cf1e84d492568f35f,Research Report,B,51,HIGH,65.4,UNDER_REVIEW,2026-09-18 09:03:05,2026-10-02 23:03:05,Demo Region B,Synthetic defensive observation representing a suspicious file or malware-related indicator.,Execution,User Execution,
THR-2026-1262,2026-10-01 09:03:05,Synthetic Vulnerability Exposure,VULNERABILITY EXPOSURE,EMAIL/SENDER DOMAIN,sender-1262.invalid,Security Vendor,A,36,HIGH,59.4,UNDER_REVIEW,2026-05-24 09:03:05,2026-06-23 03:03:05,Demo Region B,Synthetic defensive observation representing potential vulnerability exposure.,Initial Access,User Execution,
THR-2026-1263,2026-10-01 09:03:05,Synthetic Malicious File Pattern,MALWARE,FILE HASH,505e42764eea8a15c8ed351b8ca49cd21d98d25a8ab21c71f20b5e8fbf1f9e9c,Research Report,B,65,MEDIUM,56.0,MONITORING,2026-08-13 09:03:05,2026-08-19 11:03:05,Synthetic Region,Synthetic defensive observation representing a suspicious file or malware-related indicator.,Execution,User Execution,
THR-2026-1264,2026-10-01 09:03:05,Sensitive Data Protection Alert,DATA EXPOSURE,IP ADDRESS,198.51.100.249,Research Report,B,73,INFORMATIONAL,35.2,MONITORING,2026-06-20 09:03:05,2026-07-20 12:03:05,Demo Region C,Synthetic defensive observation representing a possible data exposure concern.,Collection,Data from Information Repositories,
THR-2026-1265,2026-10-01 09:03:05,Endpoint Malware Indicator Cluster,MALWARE,FILE HASH,453c0dba50f0044a961763860e06e52b0cb8a5c96b8167fb8333c5eda68e00dd,Unknown Source,D,54,MEDIUM,51.6,NEW,2026-09-09 09:03:05,2026-09-30 05:03:05,Synthetic Region,Synthetic defensive observation representing a suspicious file or malware-related indicator.,Execution,User Execution,
THR-2026-1266,2026-10-01 09:03:05,Synthetic Web Threat Cluster,WEB THREATS,CVE ID,CVE-2024-2266,Security Vendor,A,56,INFORMATIONAL,28.4,CLOSED,2026-05-09 09:03:05,2026-05-09 13:03:05,Demo Region B,Synthetic defensive observation representing a suspicious web-related indicator.,Initial Access,Phishing,CVE-2024-2266
THR-2026-1267,2026-10-01 09:03:05,Suspicious Credential Collection Pattern,PHISHING,IP ADDRESS,203.0.113.252,Public Threat Feed,B,62,HIGH,69.8,UNDER_REVIEW,2026-04-25 09:03:05,2026-05-08 14:03:05,Demo Region B,Synthetic defensive observation representing a possible phishing-related indicator.,Initial Access,Phishing,
THR-2026-1268,2026-10-01 09:03:05,Sensitive Data Protection Alert,DATA EXPOSURE,DOMAIN,account-verify-1268.invalid,Security Vendor,A,39,MEDIUM,45.6,MONITORING,2026-09-23 09:03:05,2026-10-08 15:03:05,Synthetic Region,Synthetic defensive observation representing a possible data exposure concern.,Collection,Data from Information Repositories,
THR-2026-1269,2026-10-01 09:03:05,Suspicious Web Infrastructure,WEB THREATS,EMAIL/SENDER DOMAIN,sender-1269.invalid,Public Threat Feed,B,28,LOW,26.2,CLOSED,2026-09-23 09:03:05,2026-10-22 00:03:05,Demo Region B,Synthetic defensive observation representing a suspicious web-related indicator.,Initial Access,Phishing,
THR-2026-1270,2026-10-01 09:03:05,Synthetic Login Impersonation Campaign,PHISHING,EMAIL/SENDER DOMAIN,sender-1270.invalid,Security Vendor,A,92,MEDIUM,66.8,NEW,2026-08-21 09:03:05,2026-08-24 09:03:05,Demo Region B,Synthetic defensive observation representing a possible phishing-related indicator.,Initial Access,Phishing,
THR-2026-1271,2026-10-01 09:03:05,Synthetic Vulnerability Exposure,VULNERABILITY EXPOSURE,IP ADDRESS,192.0.2.2,Research Report,B,84,CRITICAL,90.6,UNDER_REVIEW,2026-05-16 09:03:05,2026-05-30 13:03:05,Demo Region C,Synthetic defensive observation representing potential vulnerability exposure.,Initial Access,User Execution,
THR-2026-1272,2026-10-01 09:03:05,Synthetic Human-Factor Threat,SOCIAL ENGINEERING,URL,https://account-verify-1272.invalid/security/notice,Community Submission,C,71,MEDIUM,58.4,FALSE_POSITIVE,2026-04-12 09:03:05,2026-05-04 12:03:05,Synthetic Region,Synthetic defensive observation representing a social-engineering-related risk.,Initial Access,Phishing,
THR-2026-1273,2026-10-01 09:03:05,Credential Exposure Indicator,CREDENTIAL THREATS,DOMAIN,mail-protection-1273.invalid,Security Vendor,A,43,MEDIUM,47.2,MONITORING,2026-04-15 09:03:05,2026-04-18 08:03:05,Synthetic Region,Synthetic defensive observation representing a credential-related security risk.,Credential Access,Valid Accounts,
THR-2026-1274,2026-10-01 09:03:05,Account Protection Alert,ACCOUNT SECURITY,IP ADDRESS,192.0.2.5,Unknown Source,D,48,LOW,34.2,FALSE_POSITIVE,2026-04-15 09:03:05,2026-04-24 19:03:05,Not Available,Synthetic defensive observation representing an account-security-related risk.,Credential Access,Valid Accounts,
THR-2026-1275,2026-10-01 09:03:05,Potential Data Exposure Pattern,DATA EXPOSURE,EMAIL/SENDER DOMAIN,sender-1275.invalid,Security Vendor,A,59,CRITICAL,80.6,MONITORING,2026-07-09 09:03:05,2026-07-22 20:03:05,Not Available,Synthetic defensive observation representing a possible data exposure concern.,Collection,Data from Information Repositories,
THR-2026-1276,2026-10-01 09:03:05,Synthetic Credential Phishing Campaign,PHISHING,CVE ID,CVE-2025-2276,Security Vendor,A,50,MEDIUM,50.0,UNDER_REVIEW,2026-09-27 09:03:05,2026-10-02 05:03:05,Demo Region B,Synthetic defensive observation representing a possible phishing-related indicator.,Initial Access,Phishing,CVE-2025-2276
THR-2026-1277,2026-10-01 09:03:05,Vulnerability Risk Assessment,VULNERABILITY EXPOSURE,URL,https://login-check-1277.invalid/identity/verify,Security Vendor,A,69,MEDIUM,57.6,UNDER_REVIEW,2026-04-23 09:03:05,2026-05-21 03:03:05,Synthetic Region,Synthetic defensive observation representing potential vulnerability exposure.,Initial Access,User Execution,
THR-2026-1278,2026-10-01 09:03:05,Social Engineering Risk Pattern,SOCIAL ENGINEERING,EMAIL/SENDER DOMAIN,sender-1278.invalid,Internal SOC,A,81,LOW,47.4,UNDER_REVIEW,2026-07-21 09:03:05,2026-08-11 01:03:05,Demo Region C,Synthetic defensive observation representing a social-engineering-related risk.,Initial Access,Phishing,
THR-2026-1279,2026-10-01 09:03:05,Web Application Threat Observation,WEB THREATS,URL,https://credential-review-1279.invalid/identity/verify,Unknown Source,D,37,MEDIUM,44.8,MONITORING,2026-07-05 09:03:05,2026-07-30 01:03:05,Demo Region A,Synthetic defensive observation representing a suspicious web-related indicator.,Initial Access,Phishing,
THR-2026-1280,2026-10-01 09:03:05,Synthetic Vulnerability Exposure,VULNERABILITY EXPOSURE,CVE ID,CVE-2022-2280,Internal SOC,A,41,CRITICAL,73.4,MONITORING,2026-08-03 09:03:05,2026-08-17 12:03:05,Not Available,Synthetic defensive observation representing potential vulnerability exposure.,Initial Access,User Execution,CVE-2022-2280
THR-2026-1281,2026-10-01 09:03:05,File Encryption Threat Pattern,RANSOMWARE,URL,https://identity-check-1281.invalid/login,Community Submission,C,35,MEDIUM,44.0,UNDER_REVIEW,2026-08-15 09:03:05,2026-08-28 01:03:05,Demo Region B,Synthetic defensive observation representing a ransomware-related risk pattern.,Impact,Data Encrypted for Impact,
THR-2026-1282,2026-10-01 09:03:05,Synthetic Login Impersonation Campaign,PHISHING,DOMAIN,service-notice-1282.invalid,Community Submission,C,44,MEDIUM,47.6,UNDER_REVIEW,2026-05-18 09:03:05,2026-06-03 10:03:05,Not Available,Synthetic defensive observation representing a possible phishing-related indicator.,Initial Access,Phishing,
THR-2026-1283,2026-10-01 09:03:05,Potential Data Exposure Pattern,DATA EXPOSURE,DOMAIN,service-notice-1283.invalid,Unknown Source,D,46,LOW,33.4,FALSE_POSITIVE,2026-04-21 09:03:05,2026-05-19 04:03:05,Demo Region B,Synthetic defensive observation representing a possible data exposure concern.,Collection,Data from Information Repositories,
THR-2026-1284,2026-10-01 09:03:05,Account Protection Alert,ACCOUNT SECURITY,FILE HASH,ecd6150165bf075cb6c1bc8baf1e2b61ca8d203c40c8c1665923c17ffb7164de,Public Threat Feed,B,76,LOW,45.4,CLOSED,2026-06-23 09:03:05,2026-07-22 01:03:05,Synthetic Region,Synthetic defensive observation representing an account-security-related risk.,Credential Access,Valid Accounts,
THR-2026-1285,2026-10-01 09:03:05,Suspicious Network Indicator Cluster,NETWORK THREATS,DOMAIN,identity-check-1285.invalid,Unknown Source,D,57,INFORMATIONAL,28.8,FALSE_POSITIVE,2026-05-11 09:03:05,2026-06-01 18:03:05,Not Available,Synthetic defensive observation representing a network-related security risk.,Command and Control,Application Layer Protocol,
THR-2026-1286,2026-10-01 09:03:05,Endpoint Malware Indicator Cluster,MALWARE,IP ADDRESS,198.51.100.17,Security Vendor,A,86,LOW,49.4,FALSE_POSITIVE,2026-07-30 09:03:05,2026-08-11 14:03:05,Synthetic Region,Synthetic defensive observation representing a suspicious file or malware-related indicator.,Execution,User Execution,
THR-2026-1287,2026-10-01 09:03:05,Synthetic Account Credential Threat,CREDENTIAL THREATS,DOMAIN,service-notice-1287.invalid,Security Vendor,A,60,INFORMATIONAL,30.0,CLOSED,2026-06-20 09:03:05,2026-06-24 08:03:05,Demo Region B,Synthetic defensive observation representing a credential-related security risk.,Credential Access,Valid Accounts,
THR-2026-1288,2026-10-01 09:03:05,Synthetic Ransomware Indicator Cluster,RANSOMWARE,CVE ID,CVE-2024-2288,Unknown Source,D,26,HIGH,55.4,CLOSED,2026-08-31 09:03:05,2026-09-16 18:03:05,Not Available,Synthetic defensive observation representing a ransomware-related risk pattern.,Impact,Data Encrypted for Impact,CVE-2024-2288
THR-2026-1289,2026-10-01 09:03:05,Credential Exposure Indicator,CREDENTIAL THREATS,CVE ID,CVE-2025-2289,Community Submission,C,40,LOW,31.0,MONITORING,2026-04-27 09:03:05,2026-05-11 13:03:05,Demo Region C,Synthetic defensive observation representing a credential-related security risk.,Credential Access,Valid Accounts,CVE-2025-2289
THR-2026-1290,2026-10-01 09:03:05,Suspicious Credential Collection Pattern,PHISHING,FILE HASH,0caf16e3fa463a83461b3f9933bb80da2658f97cfbe4e6e06d0c50130c6c0edc,Research Report,B,84,LOW,48.6,UNDER_REVIEW,2026-05-04 09:03:05,2026-05-10 07:03:05,Demo Region C,Synthetic defensive observation representing a possible phishing-related indicator.,Initial Access,Phishing,
THR-2026-1291,2026-10-01 09:03:05,Synthetic Information Exposure,DATA EXPOSURE,IP ADDRESS,192.0.2.22,Security Vendor,A,71,CRITICAL,85.4,NEW,2026-04-13 09:03:05,2026-04-29 07:03:05,Synthetic Region,Synthetic defensive observation representing a possible data exposure concern.,Collection,Data from Information Repositories,
THR-2026-1292,2026-10-01 09:03:05,Synthetic Malicious File Pattern,MALWARE,URL,https://identity-check-1292.invalid/security/notice,Research Report,B,67,MEDIUM,56.8,NEW,2026-04-13 09:03:05,2026-05-09 17:03:05,Demo Region A,Synthetic defensive observation representing a suspicious file or malware-related indicator.,Execution,User Execution,
THR-2026-1293,2026-10-01 09:03:05,Synthetic Malicious File Pattern,MALWARE,CVE ID,CVE-2025-2293,Security Vendor,A,88,LOW,50.2,CLOSED,2026-05-02 09:03:05,2026-05-16 06:03:05,Demo Region A,Synthetic defensive observation representing a suspicious file or malware-related indicator.,Execution,User Execution,CVE-2025-2293
THR-2026-1294,2026-10-01 09:03:05,Synthetic Information Exposure,DATA EXPOSURE,EMAIL/SENDER DOMAIN,sender-1294.invalid,Community Submission,C,73,HIGH,74.2,FALSE_POSITIVE,2026-05-21 09:03:05,2026-06-18 06:03:05,Demo Region A,Synthetic defensive observation representing a possible data exposure concern.,Collection,Data from Information Repositories,
THR-2026-1295,2026-10-01 09:03:05,Synthetic Malicious File Pattern,MALWARE,EMAIL/SENDER DOMAIN,sender-1295.invalid,Community Submission,C,37,HIGH,59.8,FALSE_POSITIVE,2026-09-06 09:03:05,2026-09-09 16:03:05,Not Available,Synthetic defensive observation representing a suspicious file or malware-related indicator.,Execution,User Execution,
THR-2026-1296,2026-10-01 09:03:05,Synthetic Vulnerability Exposure,VULNERABILITY EXPOSURE,FILE HASH,66b05aa9262377d137de8d0dd71e071c8b1b6478d1526fce8051373b6f88734b,Research Report,B,81,INFORMATIONAL,38.4,CLOSED,2026-05-07 09:03:05,2026-06-04 01:03:05,Synthetic Region,Synthetic defensive observation representing potential vulnerability exposure.,Initial Access,User Execution,
THR-2026-1297,2026-10-01 09:03:05,Synthetic Credential Phishing Campaign,PHISHING,DOMAIN,account-support-1297.invalid,Internal SOC,A,67,LOW,41.8,MONITORING,2026-07-18 09:03:05,2026-08-16 22:03:05,Synthetic Region,Synthetic defensive observation representing a possible phishing-related indicator.,Initial Access,Phishing,
THR-2026-1298,2026-10-01 09:03:05,Network Communication Anomaly,NETWORK THREATS,CVE ID,CVE-2024-2298,Public Threat Feed,B,56,MEDIUM,52.4,MONITORING,2026-06-08 09:03:05,2026-07-03 10:03:05,Synthetic Region,Synthetic defensive observation representing a network-related security risk.,Command and Control,Application Layer Protocol,CVE-2024-2298
THR-2026-1299,2026-10-01 09:03:05,Synthetic Ransomware Infrastructure,RANSOMWARE,DOMAIN,system-alert-1299.invalid,Unknown Source,D,95,HIGH,83.0,UNDER_REVIEW,2026-07-10 09:03:05,2026-08-02 21:03:05,Demo Region B,Synthetic defensive observation representing a ransomware-related risk pattern.,Impact,Data Encrypted for Impact,
THR-2026-1300,2026-10-01 09:03:05,Synthetic Malware Indicator Cluster,MALWARE,URL,https://service-notice-1300.invalid/identity/verify,Public Threat Feed,B,54,MEDIUM,51.6,MONITORING,2026-07-14 09:03:05,2026-07-18 08:03:05,Synthetic Region,Synthetic defensive observation representing a suspicious file or malware-related indicator.,Execution,User Execution,
THR-2026-1301,2026-10-01 09:03:05,Account Protection Alert,ACCOUNT SECURITY,FILE HASH,6aa42895ad80d4aeccaddca1da3b409b9529f25f7922cfee03d5918c5ff6ffd1,Public Threat Feed,B,50,HIGH,65.0,UNDER_REVIEW,2026-05-29 09:03:05,2026-06-09 19:03:05,Demo Region C,Synthetic defensive observation representing an account-security-related risk.,Credential Access,Valid Accounts,
THR-2026-1302,2026-10-01 09:03:05,Synthetic Ransomware Infrastructure,RANSOMWARE,URL,https://login-check-1302.invalid/verify,Community Submission,C,64,LOW,40.6,FALSE_POSITIVE,2026-04-04 09:03:05,2026-04-25 02:03:05,Not Available,Synthetic defensive observation representing a ransomware-related risk pattern.,Impact,Data Encrypted for Impact,
THR-2026-1303,2026-10-01 09:03:05,Ransomware Awareness Simulation,RANSOMWARE,FILE HASH,af31a1f19726e01d70c1344a41dcf6cd3aeda625f7f7c97b5d13c7857270f92c,Internal SOC,A,36,INFORMATIONAL,20.4,UNDER_REVIEW,2026-04-30 09:03:05,2026-05-30 06:03:05,Demo Region C,Synthetic defensive observation representing a ransomware-related risk pattern.,Impact,Data Encrypted for Impact,
THR-2026-1304,2026-10-01 09:03:05,Network Communication Anomaly,NETWORK THREATS,EMAIL/SENDER DOMAIN,sender-1304.invalid,Research Report,B,42,MEDIUM,46.8,FALSE_POSITIVE,2026-09-04 09:03:05,2026-10-02 08:03:05,Not Available,Synthetic defensive observation representing a network-related security risk.,Command and Control,Application Layer Protocol,
THR-2026-1305,2026-10-01 09:03:05,Synthetic Malware Indicator Cluster,MALWARE,URL,https://mail-protection-1305.invalid/login,Community Submission,C,56,HIGH,67.4,UNDER_REVIEW,2026-08-22 09:03:05,2026-09-12 17:03:05,Synthetic Region,Synthetic defensive observation representing a suspicious file or malware-related indicator.,Execution,User Execution,
THR-2026-1306,2026-10-01 09:03:05,Credential Exposure Indicator,CREDENTIAL THREATS,DOMAIN,mail-protection-1306.invalid,Security Vendor,A,52,MEDIUM,50.8,CLOSED,2026-09-27 09:03:05,2026-10-06 16:03:05,Not Available,Synthetic defensive observation representing a credential-related security risk.,Credential Access,Valid Accounts,
THR-2026-1307,2026-10-01 09:03:05,Synthetic Human-Factor Threat,SOCIAL ENGINEERING,FILE HASH,5f06010040701ac904d73d5b0a97c4caac27f13636375d8bdd038475701fceb4,Research Report,B,49,CRITICAL,76.6,CLOSED,2026-08-14 09:03:05,2026-09-11 01:03:05,Not Available,Synthetic defensive observation representing a social-engineering-related risk.,Initial Access,Phishing,
THR-2026-1308,2026-10-01 09:03:05,Web Application Threat Observation,WEB THREATS,CVE ID,CVE-2024-2308,Research Report,B,58,HIGH,68.2,MONITORING,2026-06-28 09:03:05,2026-07-09 16:03:05,Not Available,Synthetic defensive observation representing a suspicious web-related indicator.,Initial Access,Phishing,CVE-2024-2308
THR-2026-1309,2026-10-01 09:03:05,Endpoint Malware Indicator Cluster,MALWARE,CVE ID,CVE-2023-2309,Community Submission,C,56,LOW,37.4,MONITORING,2026-05-05 09:03:05,2026-05-09 12:03:05,Not Available,Synthetic defensive observation representing a suspicious file or malware-related indicator.,Execution,User Execution,CVE-2023-2309
THR-2026-1310,2026-10-01 09:03:05,Suspicious File Hash Observation,MALWARE,EMAIL/SENDER DOMAIN,sender-1310.invalid,Unknown Source,D,69,LOW,42.6,MONITORING,2026-04-04 09:03:05,2026-04-25 02:03:05,Synthetic Region,Synthetic defensive observation representing a suspicious file or malware-related indicator.,Execution,User Execution,
THR-2026-1311,2026-10-01 09:03:05,Suspicious Account Activity,ACCOUNT SECURITY,IP ADDRESS,198.51.100.42,Community Submission,C,88,MEDIUM,65.2,CLOSED,2026-06-11 09:03:05,2026-06-13 14:03:05,Not Available,Synthetic defensive observation representing an account-security-related risk.,Credential Access,Valid Accounts,
THR-2026-1312,2026-10-01 09:03:05,Sensitive Data Protection Alert,DATA EXPOSURE,CVE ID,CVE-2022-2312,Unknown Source,D,86,HIGH,79.4,MONITORING,2026-08-24 09:03:05,2026-08-27 06:03:05,Demo Region A,Synthetic defensive observation representing a possible data exposure concern.,Collection,Data from Information Repositories,CVE-2022-2312
THR-2026-1313,2026-10-01 09:03:05,Account Protection Alert,ACCOUNT SECURITY,URL,https://login-check-1313.invalid/review,Unknown Source,D,80,MEDIUM,62.0,FALSE_POSITIVE,2026-08-27 09:03:05,2026-09-08 15:03:05,Demo Region C,Synthetic defensive observation representing an account-security-related risk.,Credential Access,Valid Accounts,
THR-2026-1314,2026-10-01 09:03:05,Web Application Threat Observation,WEB THREATS,URL,https://mail-protection-1314.invalid/identity/verify,Research Report,B,90,HIGH,81.0,MONITORING,2026-08-25 09:03:05,2026-09-19 02:03:05,Demo Region A,Synthetic defensive observation representing a suspicious web-related indicator.,Initial Access,Phishing,
THR-2026-1315,2026-10-01 09:03:05,Fake Account Verification Activity,PHISHING,CVE ID,CVE-2024-2315,Community Submission,C,34,MEDIUM,43.6,UNDER_REVIEW,2026-09-14 09:03:05,2026-09-30 22:03:05,Demo Region B,Synthetic defensive observation representing a possible phishing-related indicator.,Initial Access,Phishing,CVE-2024-2315
THR-2026-1316,2026-10-01 09:03:05,Suspicious Account Activity,ACCOUNT SECURITY,DOMAIN,account-verify-1316.invalid,Unknown Source,D,88,INFORMATIONAL,41.2,FALSE_POSITIVE,2026-08-31 09:03:05,2026-09-10 11:03:05,Synthetic Region,Synthetic defensive observation representing an account-security-related risk.,Credential Access,Valid Accounts,
THR-2026-1317,2026-10-01 09:03:05,Unpatched Software Awareness Record,VULNERABILITY EXPOSURE,FILE HASH,022a0d66f41a4a48df24238fbba63ed6dd6944d930111167c4771a87c4944797,Security Vendor,A,68,MEDIUM,57.2,MONITORING,2026-09-06 09:03:05,2026-09-15 20:03:05,Synthetic Region,Synthetic defensive observation representing potential vulnerability exposure.,Initial Access,User Execution,
THR-2026-1318,2026-10-01 09:03:05,Synthetic Social Engineering Campaign,SOCIAL ENGINEERING,IP ADDRESS,192.0.2.49,Security Vendor,A,50,LOW,35.0,CLOSED,2026-07-03 09:03:05,2026-07-24 05:03:05,Demo Region C,Synthetic defensive observation representing a social-engineering-related risk.,Initial Access,Phishing,
THR-2026-1319,2026-10-01 09:03:05,Synthetic Malware Indicator Cluster,MALWARE,EMAIL/SENDER DOMAIN,sender-1319.invalid,Community Submission,C,32,LOW,27.8,NEW,2026-09-15 09:03:05,2026-10-06 20:03:05,Demo Region B,Synthetic defensive observation representing a suspicious file or malware-related indicator.,Execution,User Execution,
THR-2026-1320,2026-10-01 09:03:05,Synthetic Data Exposure Observation,DATA EXPOSURE,IP ADDRESS,192.0.2.51,Internal SOC,A,64,LOW,40.6,UNDER_REVIEW,2026-05-08 09:03:05,2026-05-26 20:03:05,Demo Region B,Synthetic defensive observation representing a possible data exposure concern.,Collection,Data from Information Repositories,
THR-2026-1321,2026-10-01 09:03:05,Authentication Risk Observation,ACCOUNT SECURITY,FILE HASH,033cad49f0361961381b50b8588779008bccfcbf7ff509d09177ff682180028b,Internal SOC,A,69,LOW,42.6,UNDER_REVIEW,2026-04-09 09:03:05,2026-05-08 13:03:05,Not Available,Synthetic defensive observation representing an account-security-related risk.,Credential Access,Valid Accounts,
THR-2026-1322,2026-10-01 09:03:05,Synthetic Social Engineering Campaign,SOCIAL ENGINEERING,CVE ID,CVE-2023-2322,Internal SOC,A,81,MEDIUM,62.4,MONITORING,2026-04-24 09:03:05,2026-04-26 02:03:05,Demo Region C,Synthetic defensive observation representing a social-engineering-related risk.,Initial Access,Phishing,CVE-2023-2322
THR-2026-1323,2026-10-01 09:03:05,Synthetic Malicious File Pattern,MALWARE,URL,https://account-verify-1323.invalid/identity/verify,Research Report,B,37,MEDIUM,44.8,FALSE_POSITIVE,2026-08-12 09:03:05,2026-08-31 13:03:05,Synthetic Region,Synthetic defensive observation representing a suspicious file or malware-related indicator.,Execution,User Execution,
THR-2026-1324,2026-10-01 09:03:05,Unpatched Software Awareness Record,VULNERABILITY EXPOSURE,FILE HASH,c47dc861f92862788b8b4e6955dd49aa5d66045dc425890d849e6257019f9802,Public Threat Feed,B,33,MEDIUM,43.2,UNDER_REVIEW,2026-07-29 09:03:05,2026-08-09 13:03:05,Synthetic Region,Synthetic defensive observation representing potential vulnerability exposure.,Initial Access,User Execution,
THR-2026-1325,2026-10-01 09:03:05,Synthetic Vulnerability Exposure,VULNERABILITY EXPOSURE,IP ADDRESS,198.51.100.56,Unknown Source,D,86,INFORMATIONAL,40.4,FALSE_POSITIVE,2026-05-02 09:03:05,2026-05-06 01:03:05,Demo Region C,Synthetic defensive observation representing potential vulnerability exposure.,Initial Access,User Execution,
THR-2026-1326,2026-10-01 09:03:05,Authentication Risk Observation,ACCOUNT SECURITY,EMAIL/SENDER DOMAIN,sender-1326.invalid,Research Report,B,91,HIGH,81.4,NEW,2026-05-14 09:03:05,2026-06-03 15:03:05,Demo Region C,Synthetic defensive observation representing an account-security-related risk.,Credential Access,Valid Accounts,
THR-2026-1327,2026-10-01 09:03:05,Synthetic Human-Factor Threat,SOCIAL ENGINEERING,DOMAIN,identity-check-1327.invalid,Research Report,B,79,CRITICAL,88.6,UNDER_REVIEW,2026-06-11 09:03:05,2026-06-23 11:03:05,Demo Region A,Synthetic defensive observation representing a social-engineering-related risk.,Initial Access,Phishing,
THR-2026-1328,2026-10-01 09:03:05,Synthetic Malware Indicator Cluster,MALWARE,URL,https://system-alert-1328.invalid/login,Research Report,B,64,MEDIUM,55.6,NEW,2026-07-19 09:03:05,2026-08-13 06:03:05,Not Available,Synthetic defensive observation representing a suspicious file or malware-related indicator.,Execution,User Execution,
THR-2026-1329,2026-10-01 09:03:05,Credential Exposure Indicator,CREDENTIAL THREATS,IP ADDRESS,198.51.100.60,Community Submission,C,98,HIGH,84.2,NEW,2026-08-17 09:03:05,2026-09-06 19:03:05,Not Available,Synthetic defensive observation representing a credential-related security risk.,Credential Access,Valid Accounts,
THR-2026-1330,2026-10-01 09:03:05,Fake Account Verification Activity,PHISHING,URL,https://secure-login-1330.invalid/account/check,Internal SOC,A,93,MEDIUM,67.2,MONITORING,2026-04-08 09:03:05,2026-05-05 22:03:05,Not Available,Synthetic defensive observation representing a possible phishing-related indicator.,Initial Access,Phishing,
THR-2026-1331,2026-10-01 09:03:05,Fake Account Verification Activity,PHISHING,DOMAIN,security-alert-1331.invalid,Security Vendor,A,48,MEDIUM,49.2,UNDER_REVIEW,2026-07-11 09:03:05,2026-07-14 07:03:05,Synthetic Region,Synthetic defensive observation representing a possible phishing-related indicator.,Initial Access,Phishing,
THR-2026-1332,2026-10-01 09:03:05,Suspicious Account Activity,ACCOUNT SECURITY,CVE ID,CVE-2026-2332,Security Vendor,A,73,INFORMATIONAL,35.2,MONITORING,2026-04-07 09:03:05,2026-04-10 18:03:05,Demo Region B,Synthetic defensive observation representing an account-security-related risk.,Credential Access,Valid Accounts,CVE-2026-2332
THR-2026-1333,2026-10-01 09:03:05,File Encryption Threat Pattern,RANSOMWARE,FILE HASH,226723ef108661a8132df89d7de1ddb5153fbdcae8867f7c5f64374867284bc9,Internal SOC,A,76,MEDIUM,60.4,MONITORING,2026-08-22 09:03:05,2026-08-27 04:03:05,Not Available,Synthetic defensive observation representing a ransomware-related risk pattern.,Impact,Data Encrypted for Impact,
THR-2026-1334,2026-10-01 09:03:05,Vulnerability Risk Assessment,VULNERABILITY EXPOSURE,CVE ID,CVE-2026-2334,Security Vendor,A,64,HIGH,70.6,CLOSED,2026-04-16 09:03:05,2026-05-09 17:03:05,Demo Region A,Synthetic defensive observation representing potential vulnerability exposure.,Initial Access,User Execution,CVE-2026-2334
THR-2026-1335,2026-10-01 09:03:05,Vulnerability Risk Assessment,VULNERABILITY EXPOSURE,FILE HASH,015b6053adb883ef2728926ba5f37644cffcf97dfeaed7030f6967c0825746bf,Public Threat Feed,B,87,HIGH,79.8,CLOSED,2026-04-30 09:03:05,2026-05-01 05:03:05,Demo Region A,Synthetic defensive observation representing potential vulnerability exposure.,Initial Access,User Execution,
THR-2026-1336,2026-10-01 09:03:05,Synthetic Ransomware Indicator Cluster,RANSOMWARE,CVE ID,CVE-2023-2336,Internal SOC,A,39,INFORMATIONAL,21.6,FALSE_POSITIVE,2026-08-21 09:03:05,2026-09-19 00:03:05,Demo Region B,Synthetic defensive observation representing a ransomware-related risk pattern.,Impact,Data Encrypted for Impact,CVE-2023-2336
THR-2026-1337,2026-10-01 09:03:05,Network Communication Anomaly,NETWORK THREATS,DOMAIN,identity-check-1337.invalid,Public Threat Feed,B,75,CRITICAL,87.0,NEW,2026-05-16 09:03:05,2026-05-25 18:03:05,Demo Region A,Synthetic defensive observation representing a network-related security risk.,Command and Control,Application Layer Protocol,
THR-2026-1338,2026-10-01 09:03:05,Vulnerability Risk Assessment,VULNERABILITY EXPOSURE,DOMAIN,security-alert-1338.invalid,Security Vendor,A,88,MEDIUM,65.2,NEW,2026-08-29 09:03:05,2026-09-14 10:03:05,Synthetic Region,Synthetic defensive observation representing potential vulnerability exposure.,Initial Access,User Execution,
THR-2026-1339,2026-10-01 09:03:05,Suspicious File Hash Observation,MALWARE,DOMAIN,login-check-1339.invalid,Internal SOC,A,48,HIGH,64.2,FALSE_POSITIVE,2026-04-06 09:03:05,2026-05-01 11:03:05,Synthetic Region,Synthetic defensive observation representing a suspicious file or malware-related indicator.,Execution,User Execution,
THR-2026-1340,2026-10-01 09:03:05,Suspicious Network Indicator Cluster,NETWORK THREATS,FILE HASH,3569d39e3ab0e820305633d02ef2af0916c64fd418c1b904f695e5405d68c444,Unknown Source,D,30,MEDIUM,42.0,NEW,2026-05-25 09:03:05,2026-06-18 15:03:05,Demo Region C,Synthetic defensive observation representing a network-related security risk.,Command and Control,Application Layer Protocol,
THR-2026-1341,2026-10-01 09:03:05,Suspicious Account Activity,ACCOUNT SECURITY,IP ADDRESS,192.0.2.72,Security Vendor,A,57,MEDIUM,52.8,CLOSED,2026-07-03 09:03:05,2026-07-17 15:03:05,Synthetic Region,Synthetic defensive observation representing an account-security-related risk.,Credential Access,Valid Accounts,
THR-2026-1342,2026-10-01 09:03:05,Synthetic Ransomware Indicator Cluster,RANSOMWARE,URL,https://system-alert-1342.invalid/verify,Public Threat Feed,B,49,LOW,34.6,NEW,2026-04-15 09:03:05,2026-05-08 23:03:05,Synthetic Region,Synthetic defensive observation representing a ransomware-related risk pattern.,Impact,Data Encrypted for Impact,
THR-2026-1343,2026-10-01 09:03:05,Credential Exposure Indicator,CREDENTIAL THREATS,EMAIL/SENDER DOMAIN,sender-1343.invalid,Security Vendor,A,96,MEDIUM,68.4,NEW,2026-08-25 09:03:05,2026-09-11 19:03:05,Demo Region A,Synthetic defensive observation representing a credential-related security risk.,Credential Access,Valid Accounts,
THR-2026-1344,2026-10-01 09:03:05,Unpatched Software Awareness Record,VULNERABILITY EXPOSURE,EMAIL/SENDER DOMAIN,sender-1344.invalid,Unknown Source,D,46,MEDIUM,48.4,UNDER_REVIEW,2026-07-10 09:03:05,2026-07-21 10:03:05,Demo Region A,Synthetic defensive observation representing potential vulnerability exposure.,Initial Access,User Execution,
THR-2026-1345,2026-10-01 09:03:05,Synthetic Credential Phishing Campaign,PHISHING,FILE HASH,2b3d7218f36f0125d91ac359ffb29d657af292bb8a14125a2877124fce466df6,Community Submission,C,74,INFORMATIONAL,35.6,FALSE_POSITIVE,2026-08-31 09:03:05,2026-09-27 16:03:05,Not Available,Synthetic defensive observation representing a possible phishing-related indicator.,Initial Access,Phishing,
THR-2026-1346,2026-10-01 09:03:05,Endpoint Malware Indicator Cluster,MALWARE,IP ADDRESS,203.0.113.77,Community Submission,C,85,HIGH,79.0,UNDER_REVIEW,2026-04-18 09:03:05,2026-04-30 18:03:05,Synthetic Region,Synthetic defensive observation representing a suspicious file or malware-related indicator.,Execution,User Execution,
THR-2026-1347,2026-10-01 09:03:05,Social Engineering Risk Pattern,SOCIAL ENGINEERING,EMAIL/SENDER DOMAIN,sender-1347.invalid,Research Report,B,83,LOW,48.2,UNDER_REVIEW,2026-08-22 09:03:05,2026-09-06 02:03:05,Demo Region B,Synthetic defensive observation representing a social-engineering-related risk.,Initial Access,Phishing,
THR-2026-1348,2026-10-01 09:03:05,Suspicious Web Infrastructure,WEB THREATS,CVE ID,CVE-2023-2348,Public Threat Feed,B,74,CRITICAL,86.6,UNDER_REVIEW,2026-08-20 09:03:05,2026-09-01 08:03:05,Synthetic Region,Synthetic defensive observation representing a suspicious web-related indicator.,Initial Access,Phishing,CVE-2023-2348
THR-2026-1349,2026-10-01 09:03:05,Synthetic Ransomware Infrastructure,RANSOMWARE,IP ADDRESS,198.51.100.80,Security Vendor,A,94,MEDIUM,67.6,CLOSED,2026-06-20 09:03:05,2026-06-25 05:03:05,Demo Region B,Synthetic defensive observation representing a ransomware-related risk pattern.,Impact,Data Encrypted for Impact,
THR-2026-1350,2026-10-01 09:03:05,Vulnerability Risk Assessment,VULNERABILITY EXPOSURE,FILE HASH,9e54ed10fe9edc2c86c800ce35e7616b517721c83bf32539c097d7b8eac18c0d,Research Report,B,74,MEDIUM,59.6,FALSE_POSITIVE,2026-06-29 09:03:05,2026-07-09 19:03:05,Demo Region B,Synthetic defensive observation representing potential vulnerability exposure.,Initial Access,User Execution,
THR-2026-1351,2026-10-01 09:03:05,Suspicious Authentication Pattern,CREDENTIAL THREATS,DOMAIN,mail-protection-1351.invalid,Security Vendor,A,97,HIGH,83.8,MONITORING,2026-04-15 09:03:05,2026-05-11 04:03:05,Synthetic Region,Synthetic defensive observation representing a credential-related security risk.,Credential Access,Valid Accounts,
THR-2026-1352,2026-10-01 09:03:05,Synthetic Vulnerability Observation,VULNERABILITY EXPOSURE,URL,https://identity-check-1352.invalid/account/check,Internal SOC,A,85,MEDIUM,64.0,CLOSED,2026-05-15 09:03:05,2026-06-04 23:03:05,Not Available,Synthetic defensive observation representing potential vulnerability exposure.,Initial Access,User Execution,
THR-2026-1353,2026-10-01 09:03:05,Suspicious Credential Collection Pattern,PHISHING,DOMAIN,mail-protection-1353.invalid,Unknown Source,D,45,MEDIUM,48.0,CLOSED,2026-06-24 09:03:05,2026-07-24 01:03:05,Demo Region B,Synthetic defensive observation representing a possible phishing-related indicator.,Initial Access,Phishing,
THR-2026-1354,2026-10-01 09:03:05,Suspicious Credential Collection Pattern,PHISHING,CVE ID,CVE-2023-2354,Public Threat Feed,B,47,MEDIUM,48.8,UNDER_REVIEW,2026-04-09 09:03:05,2026-04-27 13:03:05,Not Available,Synthetic defensive observation representing a possible phishing-related indicator.,Initial Access,Phishing,CVE-2023-2354
THR-2026-1355,2026-10-01 09:03:05,Synthetic Ransomware Indicator Cluster,RANSOMWARE,FILE HASH,c6b9ce45a242097603eb75af2ed88a241adaedd39a5eedfc2d7cfa473d96374f,Research Report,B,41,LOW,31.4,NEW,2026-07-12 09:03:05,2026-08-01 04:03:05,Demo Region A,Synthetic defensive observation representing a ransomware-related risk pattern.,Impact,Data Encrypted for Impact,
THR-2026-1356,2026-10-01 09:03:05,Suspicious File Hash Observation,MALWARE,IP ADDRESS,192.0.2.87,Public Threat Feed,B,31,CRITICAL,69.4,UNDER_REVIEW,2026-09-07 09:03:05,2026-09-17 20:03:05,Demo Region B,Synthetic defensive observation representing a suspicious file or malware-related indicator.,Execution,User Execution,
THR-2026-1357,2026-10-01 09:03:05,Synthetic Web Threat Cluster,WEB THREATS,IP ADDRESS,198.51.100.88,Community Submission,C,65,MEDIUM,56.0,MONITORING,2026-06-08 09:03:05,2026-06-23 19:03:05,Demo Region C,Synthetic defensive observation representing a suspicious web-related indicator.,Initial Access,Phishing,
THR-2026-1358,2026-10-01 09:03:05,Endpoint Malware Indicator Cluster,MALWARE,EMAIL/SENDER DOMAIN,sender-1358.invalid,Security Vendor,A,44,LOW,32.6,FALSE_POSITIVE,2026-06-16 09:03:05,2026-06-20 02:03:05,Demo Region B,Synthetic defensive observation representing a suspicious file or malware-related indicator.,Execution,User Execution,
THR-2026-1359,2026-10-01 09:03:05,Potential Data Exposure Pattern,DATA EXPOSURE,CVE ID,CVE-2025-2359,Unknown Source,D,60,HIGH,69.0,NEW,2026-07-29 09:03:05,2026-08-02 06:03:05,Synthetic Region,Synthetic defensive observation representing a possible data exposure concern.,Collection,Data from Information Repositories,CVE-2025-2359
THR-2026-1360,2026-10-01 09:03:05,Synthetic Login Impersonation Campaign,PHISHING,DOMAIN,secure-login-1360.invalid,Security Vendor,A,86,MEDIUM,64.4,FALSE_POSITIVE,2026-09-25 09:03:05,2026-10-14 07:03:05,Synthetic Region,Synthetic defensive observation representing a possible phishing-related indicator.,Initial Access,Phishing,
THR-2026-1361,2026-10-01 09:03:05,Suspicious Account Activity,ACCOUNT SECURITY,DOMAIN,credential-review-1361.invalid,Unknown Source,D,87,HIGH,79.8,NEW,2026-05-08 09:03:05,2026-05-19 19:03:05,Demo Region C,Synthetic defensive observation representing an account-security-related risk.,Credential Access,Valid Accounts,
THR-2026-1362,2026-10-01 09:03:05,File Encryption Threat Pattern,RANSOMWARE,DOMAIN,account-support-1362.invalid,Security Vendor,A,75,LOW,45.0,MONITORING,2026-09-02 09:03:05,2026-10-02 06:03:05,Demo Region C,Synthetic defensive observation representing a ransomware-related risk pattern.,Impact,Data Encrypted for Impact,
THR-2026-1363,2026-10-01 09:03:05,Suspicious File Hash Observation,MALWARE,URL,https://account-support-1363.invalid/login,Security Vendor,A,78,INFORMATIONAL,37.2,MONITORING,2026-06-29 09:03:05,2026-07-26 17:03:05,Not Available,Synthetic defensive observation representing a suspicious file or malware-related indicator.,Execution,User Execution,
THR-2026-1364,2026-10-01 09:03:05,Sensitive Data Protection Alert,DATA EXPOSURE,IP ADDRESS,198.51.100.95,Internal SOC,A,46,LOW,33.4,CLOSED,2026-04-17 09:03:05,2026-04-25 07:03:05,Demo Region C,Synthetic defensive observation representing a possible data exposure concern.,Collection,Data from Information Repositories,
THR-2026-1365,2026-10-01 09:03:05,Synthetic Vulnerability Exposure,VULNERABILITY EXPOSURE,URL,https://login-check-1365.invalid/security/notice,Unknown Source,D,83,HIGH,78.2,FALSE_POSITIVE,2026-09-10 09:03:05,2026-09-21 02:03:05,Demo Region B,Synthetic defensive observation representing potential vulnerability exposure.,Initial Access,User Execution,
THR-2026-1366,2026-10-01 09:03:05,Synthetic Credential Phishing Campaign,PHISHING,CVE ID,CVE-2026-2366,Security Vendor,A,73,INFORMATIONAL,35.2,CLOSED,2026-06-02 09:03:05,2026-06-14 21:03:05,Demo Region C,Synthetic defensive observation representing a possible phishing-related indicator.,Initial Access,Phishing,CVE-2026-2366
THR-2026-1367,2026-10-01 09:03:05,Suspicious Network Indicator Cluster,NETWORK THREATS,URL,https://system-alert-1367.invalid/login,Security Vendor,A,68,MEDIUM,57.2,MONITORING,2026-07-04 09:03:05,2026-07-27 17:03:05,Synthetic Region,Synthetic defensive observation representing a network-related security risk.,Command and Control,Application Layer Protocol,
THR-2026-1368,2026-10-01 09:03:05,Suspicious Web Infrastructure,WEB THREATS,IP ADDRESS,198.51.100.99,Unknown Source,D,35,HIGH,59.0,UNDER_REVIEW,2026-07-11 09:03:05,2026-08-08 01:03:05,Demo Region A,Synthetic defensive observation representing a suspicious web-related indicator.,Initial Access,Phishing,
THR-2026-1369,2026-10-01 09:03:05,Synthetic Malware Indicator Cluster,MALWARE,DOMAIN,security-alert-1369.invalid,Security Vendor,A,33,LOW,28.2,NEW,2026-05-07 09:03:05,2026-06-01 16:03:05,Demo Region A,Synthetic defensive observation representing a suspicious file or malware-related indicator.,Execution,User Execution,
THR-2026-1370,2026-10-01 09:03:05,Synthetic Login Impersonation Campaign,PHISHING,CVE ID,CVE-2024-2370,Security Vendor,A,34,HIGH,58.6,FALSE_POSITIVE,2026-05-04 09:03:05,2026-05-24 23:03:05,Demo Region A,Synthetic defensive observation representing a possible phishing-related indicator.,Initial Access,Phishing,CVE-2024-2370
THR-2026-1371,2026-10-01 09:03:05,Synthetic Malware Indicator Cluster,MALWARE,IP ADDRESS,203.0.113.102,Security Vendor,A,35,LOW,29.0,UNDER_REVIEW,2026-09-07 09:03:05,2026-09-29 11:03:05,Synthetic Region,Synthetic defensive observation representing a suspicious file or malware-related indicator.,Execution,User Execution,
THR-2026-1372,2026-10-01 09:03:05,Synthetic Account Credential Threat,CREDENTIAL THREATS,IP ADDRESS,203.0.113.103,Unknown Source,D,66,INFORMATIONAL,32.4,FALSE_POSITIVE,2026-05-18 09:03:05,2026-05-25 00:03:05,Synthetic Region,Synthetic defensive observation representing a credential-related security risk.,Credential Access,Valid Accounts,
THR-2026-1373,2026-10-01 09:03:05,Synthetic Ransomware Indicator Cluster,RANSOMWARE,FILE HASH,12efbc50a8ffced04597ef1b0b1ee024fca65283d4db4c95cfbe042f43513f0f,Research Report,B,32,MEDIUM,42.8,UNDER_REVIEW,2026-08-14 09:03:05,2026-08-30 09:03:05,Demo Region B,Synthetic defensive observation representing a ransomware-related risk pattern.,Impact,Data Encrypted for Impact,
THR-2026-1374,2026-10-01 09:03:05,Synthetic Web Threat Cluster,WEB THREATS,DOMAIN,system-alert-1374.invalid,Unknown Source,D,49,MEDIUM,49.6,MONITORING,2026-08-30 09:03:05,2026-09-21 11:03:05,Demo Region B,Synthetic defensive observation representing a suspicious web-related indicator.,Initial Access,Phishing,
THR-2026-1375,2026-10-01 09:03:05,Suspicious Authentication Pattern,CREDENTIAL THREATS,DOMAIN,secure-login-1375.invalid,Community Submission,C,62,MEDIUM,54.8,CLOSED,2026-06-17 09:03:05,2026-07-04 05:03:05,Demo Region B,Synthetic defensive observation representing a credential-related security risk.,Credential Access,Valid Accounts,
THR-2026-1376,2026-10-01 09:03:05,Suspicious Web Infrastructure,WEB THREATS,URL,https://mail-protection-1376.invalid/identity/verify,Public Threat Feed,B,57,INFORMATIONAL,28.8,MONITORING,2026-08-20 09:03:05,2026-08-22 10:03:05,Synthetic Region,Synthetic defensive observation representing a suspicious web-related indicator.,Initial Access,Phishing,
THR-2026-1377,2026-10-01 09:03:05,Suspicious Credential Collection Pattern,PHISHING,EMAIL/SENDER DOMAIN,sender-1377.invalid,Internal SOC,A,80,HIGH,77.0,NEW,2026-04-11 09:03:05,2026-05-06 07:03:05,Demo Region A,Synthetic defensive observation representing a possible phishing-related indicator.,Initial Access,Phishing,
THR-2026-1378,2026-10-01 09:03:05,Synthetic Network Threat Observation,NETWORK THREATS,EMAIL/SENDER DOMAIN,sender-1378.invalid,Unknown Source,D,71,HIGH,73.4,MONITORING,2026-04-09 09:03:05,2026-04-29 06:03:05,Not Available,Synthetic defensive observation representing a network-related security risk.,Command and Control,Application Layer Protocol,
THR-2026-1379,2026-10-01 09:03:05,Network Communication Anomaly,NETWORK THREATS,FILE HASH,8ec48e518fd5973d565d2334a5c201d099527b867ac80e20e979388f3c63e8e8,Research Report,B,72,HIGH,73.8,UNDER_REVIEW,2026-07-16 09:03:05,2026-08-10 00:03:05,Not Available,Synthetic defensive observation representing a network-related security risk.,Command and Control,Application Layer Protocol,
THR-2026-1380,2026-10-01 09:03:05,Suspicious Authentication Pattern,CREDENTIAL THREATS,EMAIL/SENDER DOMAIN,sender-1380.invalid,Research Report,B,70,LOW,43.0,CLOSED,2026-06-03 09:03:05,2026-07-01 23:03:05,Synthetic Region,Synthetic defensive observation representing a credential-related security risk.,Credential Access,Valid Accounts,
THR-2026-1381,2026-10-01 09:03:05,Social Engineering Risk Pattern,SOCIAL ENGINEERING,FILE HASH,9a4fb49e452cbf044038f6ecb506e1b393afc2e89d0126a9fbd03f57262539e9,Research Report,B,74,HIGH,74.6,UNDER_REVIEW,2026-09-24 09:03:05,2026-10-21 13:03:05,Synthetic Region,Synthetic defensive observation representing a social-engineering-related risk.,Initial Access,Phishing,
THR-2026-1382,2026-10-01 09:03:05,Unpatched Software Awareness Record,VULNERABILITY EXPOSURE,URL,https://login-check-1382.invalid/login,Security Vendor,A,47,HIGH,63.8,NEW,2026-05-02 09:03:05,2026-06-01 14:03:05,Demo Region A,Synthetic defensive observation representing potential vulnerability exposure.,Initial Access,User Execution,
THR-2026-1383,2026-10-01 09:03:05,Synthetic Vulnerability Observation,VULNERABILITY EXPOSURE,FILE HASH,bf0de948b90659a28ac53176b374dfaf2a8701310043e5fa104217e0bc513684,Research Report,B,27,MEDIUM,40.8,UNDER_REVIEW,2026-06-22 09:03:05,2026-06-27 18:03:05,Demo Region B,Synthetic defensive observation representing potential vulnerability exposure.,Initial Access,User Execution,
THR-2026-1384,2026-10-01 09:03:05,Synthetic Social Engineering Campaign,SOCIAL ENGINEERING,EMAIL/SENDER DOMAIN,sender-1384.invalid,Research Report,B,80,HIGH,77.0,NEW,2026-08-21 09:03:05,2026-09-06 06:03:05,Demo Region C,Synthetic defensive observation representing a social-engineering-related risk.,Initial Access,Phishing,
THR-2026-1385,2026-10-01 09:03:05,Endpoint Malware Indicator Cluster,MALWARE,URL,https://credential-review-1385.invalid/identity/verify,Community Submission,C,55,LOW,37.0,NEW,2026-05-27 09:03:05,2026-06-21 15:03:05,Synthetic Region,Synthetic defensive observation representing a suspicious file or malware-related indicator.,Execution,User Execution,
THR-2026-1386,2026-10-01 09:03:05,Suspicious Web Infrastructure,WEB THREATS,CVE ID,CVE-2023-2386,Unknown Source,D,64,MEDIUM,55.6,UNDER_REVIEW,2026-04-25 09:03:05,2026-05-09 04:03:05,Not Available,Synthetic defensive observation representing a suspicious web-related indicator.,Initial Access,Phishing,CVE-2023-2386
THR-2026-1387,2026-10-01 09:03:05,Synthetic Data Exposure Observation,DATA EXPOSURE,URL,https://service-notice-1387.invalid/review,Public Threat Feed,B,41,MEDIUM,46.4,MONITORING,2026-05-09 09:03:05,2026-05-24 11:03:05,Synthetic Region,Synthetic defensive observation representing a possible data exposure concern.,Collection,Data from Information Repositories,
THR-2026-1388,2026-10-01 09:03:05,Synthetic Vulnerability Observation,VULNERABILITY EXPOSURE,DOMAIN,mail-protection-1388.invalid,Public Threat Feed,B,54,CRITICAL,78.6,MONITORING,2026-04-21 09:03:05,2026-05-21 00:03:05,Not Available,Synthetic defensive observation representing potential vulnerability exposure.,Initial Access,User Execution,
THR-2026-1389,2026-10-01 09:03:05,Synthetic Account Security Event,ACCOUNT SECURITY,URL,https://mail-protection-1389.invalid/account/check,Security Vendor,A,98,CRITICAL,96.2,MONITORING,2026-05-02 09:03:05,2026-05-21 16:03:05,Synthetic Region,Synthetic defensive observation representing an account-security-related risk.,Credential Access,Valid Accounts,
THR-2026-1390,2026-10-01 09:03:05,Synthetic Social Engineering Campaign,SOCIAL ENGINEERING,IP ADDRESS,198.51.100.121,Research Report,B,37,MEDIUM,44.8,CLOSED,2026-08-24 09:03:05,2026-09-12 19:03:05,Not Available,Synthetic defensive observation representing a social-engineering-related risk.,Initial Access,Phishing,
THR-2026-1391,2026-10-01 09:03:05,Social Engineering Risk Pattern,SOCIAL ENGINEERING,EMAIL/SENDER DOMAIN,sender-1391.invalid,Internal SOC,A,59,HIGH,68.6,MONITORING,2026-06-07 09:03:05,2026-06-19 15:03:05,Demo Region B,Synthetic defensive observation representing a social-engineering-related risk.,Initial Access,Phishing,
THR-2026-1392,2026-10-01 09:03:05,Fake Account Verification Activity,PHISHING,FILE HASH,c3fefc97f720aeb905efad1b1619d494858125cb48b6b16b8295c5f3e3979216,Public Threat Feed,B,66,MEDIUM,56.4,MONITORING,2026-04-25 09:03:05,2026-05-11 02:03:05,Demo Region C,Synthetic defensive observation representing a possible phishing-related indicator.,Initial Access,Phishing,
THR-2026-1393,2026-10-01 09:03:05,Synthetic Social Engineering Campaign,SOCIAL ENGINEERING,URL,https://account-support-1393.invalid/identity/verify,Community Submission,C,49,LOW,34.6,FALSE_POSITIVE,2026-04-29 09:03:05,2026-05-02 18:03:05,Demo Region B,Synthetic defensive observation representing a social-engineering-related risk.,Initial Access,Phishing,
THR-2026-1394,2026-10-01 09:03:05,Sensitive Data Protection Alert,DATA EXPOSURE,URL,https://mail-protection-1394.invalid/login,Public Threat Feed,B,26,MEDIUM,40.4,NEW,2026-07-26 09:03:05,2026-08-01 13:03:05,Demo Region A,Synthetic defensive observation representing a possible data exposure concern.,Collection,Data from Information Repositories,
THR-2026-1395,2026-10-01 09:03:05,Unpatched Software Awareness Record,VULNERABILITY EXPOSURE,IP ADDRESS,198.51.100.126,Research Report,B,43,MEDIUM,47.2,CLOSED,2026-04-23 09:03:05,2026-05-06 02:03:05,Not Available,Synthetic defensive observation representing potential vulnerability exposure.,Initial Access,User Execution,
THR-2026-1396,2026-10-01 09:03:05,Suspicious Network Indicator Cluster,NETWORK THREATS,IP ADDRESS,198.51.100.127,Unknown Source,D,50,MEDIUM,50.0,UNDER_REVIEW,2026-04-28 09:03:05,2026-05-12 18:03:05,Not Available,Synthetic defensive observation representing a network-related security risk.,Command and Control,Application Layer Protocol,
THR-2026-1397,2026-10-01 09:03:05,Network Communication Anomaly,NETWORK THREATS,IP ADDRESS,192.0.2.128,Community Submission,C,66,INFORMATIONAL,32.4,FALSE_POSITIVE,2026-05-31 09:03:05,2026-06-11 13:03:05,Synthetic Region,Synthetic defensive observation representing a network-related security risk.,Command and Control,Application Layer Protocol,
THR-2026-1398,2026-10-01 09:03:05,Synthetic Login Impersonation Campaign,PHISHING,CVE ID,CVE-2025-2398,Security Vendor,A,75,MEDIUM,60.0,FALSE_POSITIVE,2026-07-09 09:03:05,2026-07-28 10:03:05,Demo Region C,Synthetic defensive observation representing a possible phishing-related indicator.,Initial Access,Phishing,CVE-2025-2398
THR-2026-1399,2026-10-01 09:03:05,Synthetic Account Security Event,ACCOUNT SECURITY,IP ADDRESS,203.0.113.130,Research Report,B,41,INFORMATIONAL,22.4,NEW,2026-09-14 09:03:05,2026-10-13 11:03:05,Demo Region B,Synthetic defensive observation representing an account-security-related risk.,Credential Access,Valid Accounts,
THR-2026-1400,2026-10-01 09:03:05,Sensitive Data Protection Alert,DATA EXPOSURE,DOMAIN,mail-protection-1400.invalid,Public Threat Feed,B,71,LOW,43.4,CLOSED,2026-07-06 09:03:05,2026-07-08 22:03:05,Demo Region A,Synthetic defensive observation representing a possible data exposure concern.,Collection,Data from Information Repositories,
THR-2026-1401,2026-10-01 09:03:05,Synthetic Vulnerability Exposure,VULNERABILITY EXPOSURE,EMAIL/SENDER DOMAIN,sender-1401.invalid,Unknown Source,D,78,INFORMATIONAL,37.2,CLOSED,2026-06-21 09:03:05,2026-07-13 13:03:05,Demo Region B,Synthetic defensive observation representing potential vulnerability exposure.,Initial Access,User Execution,
THR-2026-1402,2026-10-01 09:03:05,Synthetic Ransomware Indicator Cluster,RANSOMWARE,IP ADDRESS,198.51.100.133,Unknown Source,D,32,LOW,27.8,CLOSED,2026-04-09 09:03:05,2026-04-26 09:03:05,Demo Region B,Synthetic defensive observation representing a ransomware-related risk pattern.,Impact,Data Encrypted for Impact,
THR-2026-1403,2026-10-01 09:03:05,Suspicious Credential Collection Pattern,PHISHING,IP ADDRESS,192.0.2.134,Security Vendor,A,44,HIGH,62.6,NEW,2026-05-25 09:03:05,2026-06-04 19:03:05,Synthetic Region,Synthetic defensive observation representing a possible phishing-related indicator.,Initial Access,Phishing,
THR-2026-1404,2026-10-01 09:03:05,Synthetic Data Exposure Observation,DATA EXPOSURE,URL,https://credential-review-1404.invalid/verify,Community Submission,C,78,MEDIUM,61.2,UNDER_REVIEW,2026-09-13 09:03:05,2026-09-14 15:03:05,Demo Region B,Synthetic defensive observation representing a possible data exposure concern.,Collection,Data from Information Repositories,
THR-2026-1405,2026-10-01 09:03:05,Synthetic Account Security Event,ACCOUNT SECURITY,FILE HASH,b30e256fb5d1657b5314523b478fd961c9aa62c94f1b368abdbecc2f1adf80af,Community Submission,C,72,HIGH,73.8,NEW,2026-08-19 09:03:05,2026-08-31 15:03:05,Not Available,Synthetic defensive observation representing an account-security-related risk.,Credential Access,Valid Accounts,
THR-2026-1406,2026-10-01 09:03:05,Authentication Risk Observation,ACCOUNT SECURITY,URL,https://identity-check-1406.invalid/identity/verify,Security Vendor,A,74,MEDIUM,59.6,UNDER_REVIEW,2026-08-10 09:03:05,2026-09-04 04:03:05,Demo Region C,Synthetic defensive observation representing an account-security-related risk.,Credential Access,Valid Accounts,
THR-2026-1407,2026-10-01 09:03:05,Synthetic Network Infrastructure,NETWORK THREATS,URL,https://secure-login-1407.invalid/verify,Internal SOC,A,82,MEDIUM,62.8,UNDER_REVIEW,2026-06-08 09:03:05,2026-06-28 05:03:05,Demo Region B,Synthetic defensive observation representing a network-related security risk.,Command and Control,Application Layer Protocol,
THR-2026-1408,2026-10-01 09:03:05,Synthetic Malicious File Pattern,MALWARE,IP ADDRESS,198.51.100.139,Security Vendor,A,51,HIGH,65.4,FALSE_POSITIVE,2026-05-08 09:03:05,2026-06-01 08:03:05,Demo Region B,Synthetic defensive observation representing a suspicious file or malware-related indicator.,Execution,User Execution,
THR-2026-1409,2026-10-01 09:03:05,Suspicious Web Infrastructure,WEB THREATS,URL,https://credential-review-1409.invalid/verify,Community Submission,C,54,MEDIUM,51.6,NEW,2026-07-28 09:03:05,2026-08-04 01:03:05,Demo Region C,Synthetic defensive observation representing a suspicious web-related indicator.,Initial Access,Phishing,
THR-2026-1410,2026-10-01 09:03:05,Synthetic Account Credential Threat,CREDENTIAL THREATS,DOMAIN,service-notice-1410.invalid,Unknown Source,D,74,LOW,44.6,CLOSED,2026-07-09 09:03:05,2026-07-23 21:03:05,Synthetic Region,Synthetic defensive observation representing a credential-related security risk.,Credential Access,Valid Accounts,
THR-2026-1411,2026-10-01 09:03:05,Synthetic Data Exposure Observation,DATA EXPOSURE,EMAIL/SENDER DOMAIN,sender-1411.invalid,Internal SOC,A,56,LOW,37.4,NEW,2026-04-26 09:03:05,2026-04-29 09:03:05,Not Available,Synthetic defensive observation representing a possible data exposure concern.,Collection,Data from Information Repositories,
THR-2026-1412,2026-10-01 09:03:05,Fake Account Verification Activity,PHISHING,URL,https://login-check-1412.invalid/security/notice,Security Vendor,A,97,MEDIUM,68.8,CLOSED,2026-09-06 09:03:05,2026-09-07 20:03:05,Demo Region B,Synthetic defensive observation representing a possible phishing-related indicator.,Initial Access,Phishing,
THR-2026-1413,2026-10-01 09:03:05,Network Communication Anomaly,NETWORK THREATS,IP ADDRESS,198.51.100.144,Public Threat Feed,B,27,MEDIUM,40.8,MONITORING,2026-09-22 09:03:05,2026-10-20 12:03:05,Demo Region B,Synthetic defensive observation representing a network-related security risk.,Command and Control,Application Layer Protocol,
THR-2026-1414,2026-10-01 09:03:05,Synthetic Social Engineering Campaign,SOCIAL ENGINEERING,DOMAIN,security-alert-1414.invalid,Research Report,B,28,HIGH,56.2,CLOSED,2026-08-17 09:03:05,2026-08-17 12:03:05,Demo Region B,Synthetic defensive observation representing a social-engineering-related risk.,Initial Access,Phishing,
THR-2026-1415,2026-10-01 09:03:05,Synthetic Account Security Event,ACCOUNT SECURITY,CVE ID,CVE-2026-2415,Unknown Source,D,27,LOW,25.8,NEW,2026-05-09 09:03:05,2026-05-24 11:03:05,Demo Region B,Synthetic defensive observation representing an account-security-related risk.,Credential Access,Valid Accounts,CVE-2026-2415
THR-2026-1416,2026-10-01 09:03:05,Synthetic Vulnerability Exposure,VULNERABILITY EXPOSURE,CVE ID,CVE-2025-2416,Research Report,B,88,INFORMATIONAL,41.2,NEW,2026-06-03 09:03:05,2026-06-16 14:03:05,Not Available,Synthetic defensive observation representing potential vulnerability exposure.,Initial Access,User Execution,CVE-2025-2416
THR-2026-1417,2026-10-01 09:03:05,Suspicious File Hash Observation,MALWARE,URL,https://identity-check-1417.invalid/review,Internal SOC,A,59,MEDIUM,53.6,NEW,2026-04-12 09:03:05,2026-04-20 15:03:05,Synthetic Region,Synthetic defensive observation representing a suspicious file or malware-related indicator.,Execution,User Execution,
THR-2026-1418,2026-10-01 09:03:05,Synthetic Credential Phishing Campaign,PHISHING,EMAIL/SENDER DOMAIN,sender-1418.invalid,Community Submission,C,80,HIGH,77.0,MONITORING,2026-04-04 09:03:05,2026-04-19 16:03:05,Demo Region C,Synthetic defensive observation representing a possible phishing-related indicator.,Initial Access,Phishing,
THR-2026-1419,2026-10-01 09:03:05,Synthetic Malicious File Pattern,MALWARE,EMAIL/SENDER DOMAIN,sender-1419.invalid,Community Submission,C,85,MEDIUM,64.0,FALSE_POSITIVE,2026-08-20 09:03:05,2026-09-01 06:03:05,Not Available,Synthetic defensive observation representing a suspicious file or malware-related indicator.,Execution,User Execution,
THR-2026-1420,2026-10-01 09:03:05,File Encryption Threat Pattern,RANSOMWARE,URL,https://service-notice-1420.invalid/login,Public Threat Feed,B,76,LOW,45.4,FALSE_POSITIVE,2026-06-03 09:03:05,2026-06-14 18:03:05,Synthetic Region,Synthetic defensive observation representing a ransomware-related risk pattern.,Impact,Data Encrypted for Impact,
THR-2026-1421,2026-10-01 09:03:05,Vulnerability Risk Assessment,VULNERABILITY EXPOSURE,URL,https://secure-login-1421.invalid/verify,Public Threat Feed,B,42,MEDIUM,46.8,UNDER_REVIEW,2026-07-01 09:03:05,2026-07-21 23:03:05,Not Available,Synthetic defensive observation representing potential vulnerability exposure.,Initial Access,User Execution,
THR-2026-1422,2026-10-01 09:03:05,Fake Account Verification Activity,PHISHING,URL,https://system-alert-1422.invalid/review,Community Submission,C,68,LOW,42.2,UNDER_REVIEW,2026-04-22 09:03:05,2026-05-19 08:03:05,Not Available,Synthetic defensive observation representing a possible phishing-related indicator.,Initial Access,Phishing,
THR-2026-1423,2026-10-01 09:03:05,Credential Exposure Indicator,CREDENTIAL THREATS,CVE ID,CVE-2025-2423,Internal SOC,A,78,LOW,46.2,NEW,2026-05-25 09:03:05,2026-06-11 10:03:05,Not Available,Synthetic defensive observation representing a credential-related security risk.,Credential Access,Valid Accounts,CVE-2025-2423
THR-2026-1424,2026-10-01 09:03:05,Web Application Threat Observation,WEB THREATS,EMAIL/SENDER DOMAIN,sender-1424.invalid,Unknown Source,D,46,MEDIUM,48.4,NEW,2026-08-03 09:03:05,2026-08-25 07:03:05,Synthetic Region,Synthetic defensive observation representing a suspicious web-related indicator.,Initial Access,Phishing,
THR-2026-1425,2026-10-01 09:03:05,Suspicious Network Indicator Cluster,NETWORK THREATS,CVE ID,CVE-2024-2425,Community Submission,C,75,MEDIUM,60.0,MONITORING,2026-04-15 09:03:05,2026-05-11 21:03:05,Not Available,Synthetic defensive observation representing a network-related security risk.,Command and Control,Application Layer Protocol,CVE-2024-2425
THR-2026-1426,2026-10-01 09:03:05,Synthetic Vulnerability Exposure,VULNERABILITY EXPOSURE,CVE ID,CVE-2022-2426,Security Vendor,A,83,LOW,48.2,NEW,2026-04-06 09:03:05,2026-05-04 15:03:05,Not Available,Synthetic defensive observation representing potential vulnerability exposure.,Initial Access,User Execution,CVE-2022-2426
THR-2026-1427,2026-10-01 09:03:05,Synthetic Social Engineering Campaign,SOCIAL ENGINEERING,DOMAIN,security-alert-1427.invalid,Security Vendor,A,64,HIGH,70.6,NEW,2026-06-19 09:03:05,2026-06-28 15:03:05,Demo Region B,Synthetic defensive observation representing a social-engineering-related risk.,Initial Access,Phishing,
THR-2026-1428,2026-10-01 09:03:05,Suspicious Credential Collection Pattern,PHISHING,IP ADDRESS,198.51.100.159,Unknown Source,D,48,LOW,34.2,CLOSED,2026-09-12 09:03:05,2026-09-14 17:03:05,Demo Region A,Synthetic defensive observation representing a possible phishing-related indicator.,Initial Access,Phishing,
THR-2026-1429,2026-10-01 09:03:05,Network Communication Anomaly,NETWORK THREATS,CVE ID,CVE-2025-2429,Public Threat Feed,B,63,INFORMATIONAL,31.2,FALSE_POSITIVE,2026-06-23 09:03:05,2026-07-04 15:03:05,Synthetic Region,Synthetic defensive observation representing a network-related security risk.,Command and Control,Application Layer Protocol,CVE-2025-2429
THR-2026-1430,2026-10-01 09:03:05,Suspicious Account Activity,ACCOUNT SECURITY,FILE HASH,fa28e4b7073f51015237e16da398de166ba8db30d149ac82bffdbad47e8b12d9,Internal SOC,A,87,MEDIUM,64.8,CLOSED,2026-05-26 09:03:05,2026-06-05 20:03:05,Demo Region C,Synthetic defensive observation representing an account-security-related risk.,Credential Access,Valid Accounts,
THR-2026-1431,2026-10-01 09:03:05,Vulnerability Risk Assessment,VULNERABILITY EXPOSURE,EMAIL/SENDER DOMAIN,sender-1431.invalid,Unknown Source,D,79,HIGH,76.6,CLOSED,2026-05-03 09:03:05,2026-05-22 20:03:05,Demo Region A,Synthetic defensive observation representing potential vulnerability exposure.,Initial Access,User Execution,
THR-2026-1432,2026-10-01 09:03:05,Synthetic Credential Phishing Campaign,PHISHING,FILE HASH,b139ed3028c7083bb5c3dcac9111d18900173bc6c198195108a3c2cf63e9058f,Community Submission,C,57,LOW,37.8,CLOSED,2026-09-07 09:03:05,2026-09-09 16:03:05,Synthetic Region,Synthetic defensive observation representing a possible phishing-related indicator.,Initial Access,Phishing,
THR-2026-1433,2026-10-01 09:03:05,Synthetic Network Infrastructure,NETWORK THREATS,DOMAIN,account-support-1433.invalid,Public Threat Feed,B,29,CRITICAL,68.6,FALSE_POSITIVE,2026-07-13 09:03:05,2026-07-31 07:03:05,Demo Region B,Synthetic defensive observation representing a network-related security risk.,Command and Control,Application Layer Protocol,
THR-2026-1434,2026-10-01 09:03:05,Unpatched Software Awareness Record,VULNERABILITY EXPOSURE,IP ADDRESS,192.0.2.165,Community Submission,C,28,HIGH,56.2,MONITORING,2026-06-09 09:03:05,2026-06-12 01:03:05,Synthetic Region,Synthetic defensive observation representing potential vulnerability exposure.,Initial Access,User Execution,
THR-2026-1435,2026-10-01 09:03:05,Account Protection Alert,ACCOUNT SECURITY,FILE HASH,72eac9e6df9b4de1b9233baa4c94d74f2dc478aa2ef73ac386ffa225358a32de,Public Threat Feed,B,31,MEDIUM,42.4,CLOSED,2026-05-04 09:03:05,2026-05-08 07:03:05,Demo Region B,Synthetic defensive observation representing an account-security-related risk.,Credential Access,Valid Accounts,
THR-2026-1436,2026-10-01 09:03:05,Suspicious Web Infrastructure,WEB THREATS,DOMAIN,login-check-1436.invalid,Research Report,B,67,LOW,41.8,CLOSED,2026-09-02 09:03:05,2026-09-23 13:03:05,Demo Region B,Synthetic defensive observation representing a suspicious web-related indicator.,Initial Access,Phishing,
THR-2026-1437,2026-10-01 09:03:05,Impersonation Activity Observation,SOCIAL ENGINEERING,DOMAIN,login-check-1437.invalid,Research Report,B,47,MEDIUM,48.8,FALSE_POSITIVE,2026-09-19 09:03:05,2026-09-28 14:03:05,Demo Region C,Synthetic defensive observation representing a social-engineering-related risk.,Initial Access,Phishing,
THR-2026-1438,2026-10-01 09:03:05,Synthetic Social Engineering Campaign,SOCIAL ENGINEERING,DOMAIN,credential-review-1438.invalid,Internal SOC,A,39,HIGH,60.6,CLOSED,2026-08-19 09:03:05,2026-08-23 13:03:05,Synthetic Region,Synthetic defensive observation representing a social-engineering-related risk.,Initial Access,Phishing,
THR-2026-1439,2026-10-01 09:03:05,Synthetic Network Threat Observation,NETWORK THREATS,CVE ID,CVE-2025-2439,Unknown Source,D,92,INFORMATIONAL,42.8,CLOSED,2026-06-28 09:03:05,2026-07-19 02:03:05,Synthetic Region,Synthetic defensive observation representing a network-related security risk.,Command and Control,Application Layer Protocol,CVE-2025-2439
THR-2026-1440,2026-10-01 09:03:05,Synthetic Login Impersonation Campaign,PHISHING,URL,https://secure-login-1440.invalid/identity/verify,Internal SOC,A,33,HIGH,58.2,CLOSED,2026-09-08 09:03:05,2026-09-17 06:03:05,Synthetic Region,Synthetic defensive observation representing a possible phishing-related indicator.,Initial Access,Phishing,
THR-2026-1441,2026-10-01 09:03:05,Potential Data Exposure Pattern,DATA EXPOSURE,DOMAIN,account-verify-1441.invalid,Internal SOC,A,45,LOW,33.0,FALSE_POSITIVE,2026-05-07 09:03:05,2026-05-13 06:03:05,Synthetic Region,Synthetic defensive observation representing a possible data exposure concern.,Collection,Data from Information Repositories,
THR-2026-1442,2026-10-01 09:03:05,Synthetic Network Threat Observation,NETWORK THREATS,EMAIL/SENDER DOMAIN,sender-1442.invalid,Unknown Source,D,33,LOW,28.2,NEW,2026-08-14 09:03:05,2026-09-01 22:03:05,Not Available,Synthetic defensive observation representing a network-related security risk.,Command and Control,Application Layer Protocol,
THR-2026-1443,2026-10-01 09:03:05,Credential Exposure Indicator,CREDENTIAL THREATS,DOMAIN,account-verify-1443.invalid,Internal SOC,A,75,LOW,45.0,FALSE_POSITIVE,2026-06-27 09:03:05,2026-06-29 01:03:05,Demo Region A,Synthetic defensive observation representing a credential-related security risk.,Credential Access,Valid Accounts,
THR-2026-1444,2026-10-01 09:03:05,Suspicious Web Resource Pattern,WEB THREATS,EMAIL/SENDER DOMAIN,sender-1444.invalid,Security Vendor,A,63,MEDIUM,55.2,UNDER_REVIEW,2026-07-11 09:03:05,2026-08-09 16:03:05,Demo Region B,Synthetic defensive observation representing a suspicious web-related indicator.,Initial Access,Phishing,
THR-2026-1445,2026-10-01 09:03:05,Synthetic Social Engineering Campaign,SOCIAL ENGINEERING,FILE HASH,435b0181c189e5d831b53591b39f4d38e19501160a002d9c2b4bba487685b1ec,Community Submission,C,74,LOW,44.6,UNDER_REVIEW,2026-04-21 09:03:05,2026-05-12 02:03:05,Demo Region B,Synthetic defensive observation representing a social-engineering-related risk.,Initial Access,Phishing,
THR-2026-1446,2026-10-01 09:03:05,Synthetic Information Exposure,DATA EXPOSURE,DOMAIN,security-alert-1446.invalid,Community Submission,C,34,MEDIUM,43.6,UNDER_REVIEW,2026-08-19 09:03:05,2026-08-27 05:03:05,Demo Region C,Synthetic defensive observation representing a possible data exposure concern.,Collection,Data from Information Repositories,
THR-2026-1447,2026-10-01 09:03:05,Web Application Threat Observation,WEB THREATS,FILE HASH,32c8aa369451d7762520aa62203f0a4bf37b7bf55b7896ef5c3b81c75b8994ab,Research Report,B,66,MEDIUM,56.4,CLOSED,2026-09-23 09:03:05,2026-09-30 06:03:05,Synthetic Region,Synthetic defensive observation representing a suspicious web-related indicator.,Initial Access,Phishing,
THR-2026-1448,2026-10-01 09:03:05,Synthetic Account Security Event,ACCOUNT SECURITY,DOMAIN,account-verify-1448.invalid,Research Report,B,90,MEDIUM,66.0,FALSE_POSITIVE,2026-04-18 09:03:05,2026-05-16 05:03:05,Demo Region B,Synthetic defensive observation representing an account-security-related risk.,Credential Access,Valid Accounts,
THR-2026-1449,2026-10-01 09:03:05,Potential Data Exposure Pattern,DATA EXPOSURE,URL,https://credential-review-1449.invalid/verify,Research Report,B,28,MEDIUM,41.2,MONITORING,2026-09-14 09:03:05,2026-10-01 11:03:05,Demo Region A,Synthetic defensive observation representing a possible data exposure concern.,Collection,Data from Information Repositories,
THR-2026-1450,2026-10-01 09:03:05,Web Application Threat Observation,WEB THREATS,FILE HASH,45fc2fda7ca01318ff484ef5a45efda5efcdf99980996afa436a7ea883f8804c,Public Threat Feed,B,68,MEDIUM,57.2,FALSE_POSITIVE,2026-05-16 09:03:05,2026-06-04 19:03:05,Synthetic Region,Synthetic defensive observation representing a suspicious web-related indicator.,Initial Access,Phishing,
THR-2026-1451,2026-10-01 09:03:05,Impersonation Activity Observation,SOCIAL ENGINEERING,FILE HASH,9fc0b2eb7a0797df7cf94ea878b7091a186b020776141d9bf1bf0ca71f0c64b7,Unknown Source,D,96,HIGH,83.4,UNDER_REVIEW,2026-04-29 09:03:05,2026-05-19 06:03:05,Synthetic Region,Synthetic defensive observation representing a social-engineering-related risk.,Initial Access,Phishing,
THR-2026-1452,2026-10-01 09:03:05,Synthetic Malicious File Pattern,MALWARE,CVE ID,CVE-2025-2452,Community Submission,C,93,CRITICAL,94.2,UNDER_REVIEW,2026-04-26 09:03:05,2026-05-16 11:03:05,Demo Region C,Synthetic defensive observation representing a suspicious file or malware-related indicator.,Execution,User Execution,CVE-2025-2452
THR-2026-1453,2026-10-01 09:03:05,Web Application Threat Observation,WEB THREATS,EMAIL/SENDER DOMAIN,sender-1453.invalid,Public Threat Feed,B,65,MEDIUM,56.0,UNDER_REVIEW,2026-07-31 09:03:05,2026-08-18 15:03:05,Demo Region C,Synthetic defensive observation representing a suspicious web-related indicator.,Initial Access,Phishing,
THR-2026-1454,2026-10-01 09:03:05,Suspicious Network Indicator Cluster,NETWORK THREATS,EMAIL/SENDER DOMAIN,sender-1454.invalid,Public Threat Feed,B,60,MEDIUM,54.0,UNDER_REVIEW,2026-04-30 09:03:05,2026-05-14 06:03:05,Not Available,Synthetic defensive observation representing a network-related security risk.,Command and Control,Application Layer Protocol,
THR-2026-1455,2026-10-01 09:03:05,Synthetic Web Threat Cluster,WEB THREATS,DOMAIN,service-notice-1455.invalid,Public Threat Feed,B,95,HIGH,83.0,MONITORING,2026-08-09 09:03:05,2026-09-03 23:03:05,Demo Region A,Synthetic defensive observation representing a suspicious web-related indicator.,Initial Access,Phishing,
THR-2026-1456,2026-10-01 09:03:05,Web Application Threat Observation,WEB THREATS,CVE ID,CVE-2023-2456,Security Vendor,A,68,LOW,42.2,CLOSED,2026-04-18 09:03:05,2026-05-14 00:03:05,Demo Region B,Synthetic defensive observation representing a suspicious web-related indicator.,Initial Access,Phishing,CVE-2023-2456
THR-2026-1457,2026-10-01 09:03:05,Synthetic Social Engineering Campaign,SOCIAL ENGINEERING,CVE ID,CVE-2024-2457,Community Submission,C,83,CRITICAL,90.2,NEW,2026-07-05 09:03:05,2026-07-09 17:03:05,Demo Region C,Synthetic defensive observation representing a social-engineering-related risk.,Initial Access,Phishing,CVE-2024-2457
THR-2026-1458,2026-10-01 09:03:05,Vulnerability Risk Assessment,VULNERABILITY EXPOSURE,EMAIL/SENDER DOMAIN,sender-1458.invalid,Internal SOC,A,25,CRITICAL,67.0,FALSE_POSITIVE,2026-08-13 09:03:05,2026-09-07 17:03:05,Synthetic Region,Synthetic defensive observation representing potential vulnerability exposure.,Initial Access,User Execution,
THR-2026-1459,2026-10-01 09:03:05,Suspicious Account Activity,ACCOUNT SECURITY,URL,https://system-alert-1459.invalid/identity/verify,Internal SOC,A,59,MEDIUM,53.6,CLOSED,2026-06-13 09:03:05,2026-07-04 00:03:05,Synthetic Region,Synthetic defensive observation representing an account-security-related risk.,Credential Access,Valid Accounts,
THR-2026-1460,2026-10-01 09:03:05,Synthetic Vulnerability Observation,VULNERABILITY EXPOSURE,URL,https://security-alert-1460.invalid/account/check,Internal SOC,A,71,LOW,43.4,FALSE_POSITIVE,2026-09-20 09:03:05,2026-10-17 11:03:05,Demo Region A,Synthetic defensive observation representing potential vulnerability exposure.,Initial Access,User Execution,
THR-2026-1461,2026-10-01 09:03:05,Synthetic Data Exposure Observation,DATA EXPOSURE,URL,https://account-verify-1461.invalid/verify,Security Vendor,A,79,CRITICAL,88.6,NEW,2026-09-20 09:03:05,2026-10-19 06:03:05,Demo Region A,Synthetic defensive observation representing a possible data exposure concern.,Collection,Data from Information Repositories,
THR-2026-1462,2026-10-01 09:03:05,Network Communication Anomaly,NETWORK THREATS,EMAIL/SENDER DOMAIN,sender-1462.invalid,Research Report,B,61,HIGH,69.4,MONITORING,2026-07-31 09:03:05,2026-08-07 16:03:05,Not Available,Synthetic defensive observation representing a network-related security risk.,Command and Control,Application Layer Protocol,
THR-2026-1463,2026-10-01 09:03:05,Synthetic Account Credential Threat,CREDENTIAL THREATS,DOMAIN,login-check-1463.invalid,Security Vendor,A,65,MEDIUM,56.0,FALSE_POSITIVE,2026-08-18 09:03:05,2026-09-12 21:03:05,Not Available,Synthetic defensive observation representing a credential-related security risk.,Credential Access,Valid Accounts,
THR-2026-1464,2026-10-01 09:03:05,Suspicious Credential Collection Pattern,PHISHING,DOMAIN,security-alert-1464.invalid,Research Report,B,59,MEDIUM,53.6,UNDER_REVIEW,2026-08-30 09:03:05,2026-09-02 16:03:05,Demo Region B,Synthetic defensive observation representing a possible phishing-related indicator.,Initial Access,Phishing,
THR-2026-1465,2026-10-01 09:03:05,Impersonation Activity Observation,SOCIAL ENGINEERING,EMAIL/SENDER DOMAIN,sender-1465.invalid,Security Vendor,A,47,LOW,33.8,CLOSED,2026-07-21 09:03:05,2026-07-24 09:03:05,Demo Region C,Synthetic defensive observation representing a social-engineering-related risk.,Initial Access,Phishing,
THR-2026-1466,2026-10-01 09:03:05,Account Protection Alert,ACCOUNT SECURITY,EMAIL/SENDER DOMAIN,sender-1466.invalid,Security Vendor,A,82,HIGH,77.8,CLOSED,2026-08-02 09:03:05,2026-08-05 11:03:05,Synthetic Region,Synthetic defensive observation representing an account-security-related risk.,Credential Access,Valid Accounts,
THR-2026-1467,2026-10-01 09:03:05,File Encryption Threat Pattern,RANSOMWARE,CVE ID,CVE-2025-2467,Internal SOC,A,73,HIGH,74.2,CLOSED,2026-05-15 09:03:05,2026-06-08 17:03:05,Synthetic Region,Synthetic defensive observation representing a ransomware-related risk pattern.,Impact,Data Encrypted for Impact,CVE-2025-2467
THR-2026-1468,2026-10-01 09:03:05,Potential Data Exposure Pattern,DATA EXPOSURE,URL,https://service-notice-1468.invalid/verify,Research Report,B,74,MEDIUM,59.6,FALSE_POSITIVE,2026-04-28 09:03:05,2026-05-04 20:03:05,Demo Region A,Synthetic defensive observation representing a possible data exposure concern.,Collection,Data from Information Repositories,
THR-2026-1469,2026-10-01 09:03:05,Synthetic Vulnerability Observation,VULNERABILITY EXPOSURE,DOMAIN,secure-login-1469.invalid,Public Threat Feed,B,65,LOW,41.0,CLOSED,2026-06-19 09:03:05,2026-06-27 16:03:05,Demo Region B,Synthetic defensive observation representing potential vulnerability exposure.,Initial Access,User Execution,
THR-2026-1470,2026-10-01 09:03:05,Account Protection Alert,ACCOUNT SECURITY,FILE HASH,882caf107911f7d433c1d07355099cc9bc81d7d7e22a6cee70e805eb6913455f,Security Vendor,A,97,HIGH,83.8,UNDER_REVIEW,2026-04-18 09:03:05,2026-05-10 11:03:05,Demo Region A,Synthetic defensive observation representing an account-security-related risk.,Credential Access,Valid Accounts,
THR-2026-1471,2026-10-01 09:03:05,Suspicious Account Activity,ACCOUNT SECURITY,URL,https://service-notice-1471.invalid/login,Unknown Source,D,80,INFORMATIONAL,38.0,MONITORING,2026-06-08 09:03:05,2026-07-07 22:03:05,Synthetic Region,Synthetic defensive observation representing an account-security-related risk.,Credential Access,Valid Accounts,
THR-2026-1472,2026-10-01 09:03:05,Suspicious Network Indicator Cluster,NETWORK THREATS,DOMAIN,identity-check-1472.invalid,Research Report,B,58,MEDIUM,53.2,CLOSED,2026-08-21 09:03:05,2026-08-26 16:03:05,Demo Region A,Synthetic defensive observation representing a network-related security risk.,Command and Control,Application Layer Protocol,
THR-2026-1473,2026-10-01 09:03:05,Synthetic Network Threat Observation,NETWORK THREATS,IP ADDRESS,192.0.2.204,Internal SOC,A,45,LOW,33.0,NEW,2026-04-26 09:03:05,2026-05-19 02:03:05,Demo Region C,Synthetic defensive observation representing a network-related security risk.,Command and Control,Application Layer Protocol,
THR-2026-1474,2026-10-01 09:03:05,Sensitive Data Protection Alert,DATA EXPOSURE,URL,https://credential-review-1474.invalid/account/check,Public Threat Feed,B,80,LOW,47.0,FALSE_POSITIVE,2026-08-14 09:03:05,2026-08-21 22:03:05,Demo Region B,Synthetic defensive observation representing a possible data exposure concern.,Collection,Data from Information Repositories,
THR-2026-1475,2026-10-01 09:03:05,Endpoint Malware Indicator Cluster,MALWARE,DOMAIN,security-alert-1475.invalid,Unknown Source,D,98,MEDIUM,69.2,UNDER_REVIEW,2026-08-16 09:03:05,2026-08-26 02:03:05,Synthetic Region,Synthetic defensive observation representing a suspicious file or malware-related indicator.,Execution,User Execution,
THR-2026-1476,2026-10-01 09:03:05,Credential Exposure Indicator,CREDENTIAL THREATS,IP ADDRESS,192.0.2.207,Internal SOC,A,34,MEDIUM,43.6,FALSE_POSITIVE,2026-09-05 09:03:05,2026-09-13 14:03:05,Synthetic Region,Synthetic defensive observation representing a credential-related security risk.,Credential Access,Valid Accounts,
THR-2026-1477,2026-10-01 09:03:05,Network Communication Anomaly,NETWORK THREATS,CVE ID,CVE-2023-2477,Security Vendor,A,48,LOW,34.2,NEW,2026-09-28 09:03:05,2026-10-08 14:03:05,Not Available,Synthetic defensive observation representing a network-related security risk.,Command and Control,Application Layer Protocol,CVE-2023-2477
THR-2026-1478,2026-10-01 09:03:05,Potential Data Exposure Pattern,DATA EXPOSURE,EMAIL/SENDER DOMAIN,sender-1478.invalid,Security Vendor,A,75,HIGH,75.0,UNDER_REVIEW,2026-08-19 09:03:05,2026-08-21 00:03:05,Demo Region B,Synthetic defensive observation representing a possible data exposure concern.,Collection,Data from Information Repositories,
THR-2026-1479,2026-10-01 09:03:05,Synthetic Account Security Event,ACCOUNT SECURITY,URL,https://account-support-1479.invalid/security/notice,Security Vendor,A,83,MEDIUM,63.2,NEW,2026-09-02 09:03:05,2026-09-24 16:03:05,Not Available,Synthetic defensive observation representing an account-security-related risk.,Credential Access,Valid Accounts,
THR-2026-1480,2026-10-01 09:03:05,Endpoint Malware Indicator Cluster,MALWARE,FILE HASH,782cbe55306c2f531092dd2ac6c0eb7f5f247c01bd43431fd52999dd40a98ac7,Research Report,B,92,LOW,51.8,CLOSED,2026-04-10 09:03:05,2026-05-04 21:03:05,Not Available,Synthetic defensive observation representing a suspicious file or malware-related indicator.,Execution,User Execution,
THR-2026-1481,2026-10-01 09:03:05,Potential Data Exposure Pattern,DATA EXPOSURE,URL,https://account-support-1481.invalid/identity/verify,Public Threat Feed,B,76,HIGH,75.4,CLOSED,2026-05-19 09:03:05,2026-06-17 22:03:05,Not Available,Synthetic defensive observation representing a possible data exposure concern.,Collection,Data from Information Repositories,
THR-2026-1482,2026-10-01 09:03:05,Ransomware Awareness Simulation,RANSOMWARE,IP ADDRESS,192.0.2.213,Public Threat Feed,B,72,INFORMATIONAL,34.8,MONITORING,2026-09-01 09:03:05,2026-09-20 22:03:05,Synthetic Region,Synthetic defensive observation representing a ransomware-related risk pattern.,Impact,Data Encrypted for Impact,
THR-2026-1483,2026-10-01 09:03:05,Suspicious Network Indicator Cluster,NETWORK THREATS,IP ADDRESS,198.51.100.214,Security Vendor,A,27,MEDIUM,40.8,FALSE_POSITIVE,2026-06-11 09:03:05,2026-07-06 05:03:05,Synthetic Region,Synthetic defensive observation representing a network-related security risk.,Command and Control,Application Layer Protocol,
THR-2026-1484,2026-10-01 09:03:05,Synthetic Ransomware Infrastructure,RANSOMWARE,CVE ID,CVE-2024-2484,Internal SOC,A,43,MEDIUM,47.2,CLOSED,2026-08-03 09:03:05,2026-08-31 23:03:05,Synthetic Region,Synthetic defensive observation representing a ransomware-related risk pattern.,Impact,Data Encrypted for Impact,CVE-2024-2484
THR-2026-1485,2026-10-01 09:03:05,Impersonation Activity Observation,SOCIAL ENGINEERING,CVE ID,CVE-2025-2485,Research Report,B,51,MEDIUM,50.4,NEW,2026-08-28 09:03:05,2026-09-10 10:03:05,Demo Region B,Synthetic defensive observation representing a social-engineering-related risk.,Initial Access,Phishing,CVE-2025-2485
THR-2026-1486,2026-10-01 09:03:05,Web Application Threat Observation,WEB THREATS,URL,https://login-check-1486.invalid/security/notice,Unknown Source,D,74,MEDIUM,59.6,FALSE_POSITIVE,2026-06-12 09:03:05,2026-06-15 04:03:05,Demo Region C,Synthetic defensive observation representing a suspicious web-related indicator.,Initial Access,Phishing,
THR-2026-1487,2026-10-01 09:03:05,Sensitive Data Protection Alert,DATA EXPOSURE,FILE HASH,72e113748d68956cb4d80e13191169ab75b99d3ed51b54492a5ccc6cb1dd232b,Internal SOC,A,86,CRITICAL,91.4,NEW,2026-07-02 09:03:05,2026-07-12 15:03:05,Not Available,Synthetic defensive observation representing a possible data exposure concern.,Collection,Data from Information Repositories,
THR-2026-1488,2026-10-01 09:03:05,Fake Account Verification Activity,PHISHING,IP ADDRESS,192.0.2.219,Public Threat Feed,B,96,HIGH,83.4,UNDER_REVIEW,2026-09-15 09:03:05,2026-09-16 01:03:05,Not Available,Synthetic defensive observation representing a possible phishing-related indicator.,Initial Access,Phishing,
THR-2026-1489,2026-10-01 09:03:05,Synthetic Login Impersonation Campaign,PHISHING,FILE HASH,ddff49253cb8f3447f32785e023461a15ca32988e55840c256b3cc3d1126c14f,Public Threat Feed,B,83,HIGH,78.2,FALSE_POSITIVE,2026-04-24 09:03:05,2026-05-04 18:03:05,Demo Region A,Synthetic defensive observation representing a possible phishing-related indicator.,Initial Access,Phishing,
THR-2026-1490,2026-10-01 09:03:05,Suspicious Account Activity,ACCOUNT SECURITY,IP ADDRESS,198.51.100.221,Community Submission,C,80,HIGH,77.0,CLOSED,2026-09-21 09:03:05,2026-10-13 02:03:05,Demo Region B,Synthetic defensive observation representing an account-security-related risk.,Credential Access,Valid Accounts,
THR-2026-1491,2026-10-01 09:03:05,Synthetic Network Threat Observation,NETWORK THREATS,CVE ID,CVE-2025-2491,Security Vendor,A,59,HIGH,68.6,CLOSED,2026-08-25 09:03:05,2026-09-18 15:03:05,Not Available,Synthetic defensive observation representing a network-related security risk.,Command and Control,Application Layer Protocol,CVE-2025-2491
THR-2026-1492,2026-10-01 09:03:05,Synthetic Web Threat Cluster,WEB THREATS,FILE HASH,064261936597ebaa71f00bab74dc2daa8699a4eccf858a02f49091d12dbc24a2,Security Vendor,A,26,INFORMATIONAL,16.4,UNDER_REVIEW,2026-08-12 09:03:05,2026-08-26 03:03:05,Synthetic Region,Synthetic defensive observation representing a suspicious web-related indicator.,Initial Access,Phishing,
THR-2026-1493,2026-10-01 09:03:05,Synthetic Vulnerability Observation,VULNERABILITY EXPOSURE,EMAIL/SENDER DOMAIN,sender-1493.invalid,Internal SOC,A,51,MEDIUM,50.4,NEW,2026-09-14 09:03:05,2026-09-19 10:03:05,Synthetic Region,Synthetic defensive observation representing potential vulnerability exposure.,Initial Access,User Execution,
THR-2026-1494,2026-10-01 09:03:05,Suspicious Authentication Pattern,CREDENTIAL THREATS,FILE HASH,18eafc7e23310bc93580c17cd63c46615bac844b0c52b12deadeebc9c621229f,Internal SOC,A,88,LOW,50.2,MONITORING,2026-09-10 09:03:05,2026-10-01 23:03:05,Not Available,Synthetic defensive observation representing a credential-related security risk.,Credential Access,Valid Accounts,
THR-2026-1495,2026-10-01 09:03:05,Impersonation Activity Observation,SOCIAL ENGINEERING,URL,https://account-support-1495.invalid/identity/verify,Unknown Source,D,67,MEDIUM,56.8,FALSE_POSITIVE,2026-04-13 09:03:05,2026-04-24 01:03:05,Not Available,Synthetic defensive observation representing a social-engineering-related risk.,Initial Access,Phishing,
THR-2026-1496,2026-10-01 09:03:05,Web Application Threat Observation,WEB THREATS,EMAIL/SENDER DOMAIN,sender-1496.invalid,Security Vendor,A,56,HIGH,67.4,FALSE_POSITIVE,2026-09-25 09:03:05,2026-10-09 00:03:05,Demo Region C,Synthetic defensive observation representing a suspicious web-related indicator.,Initial Access,Phishing,
THR-2026-1497,2026-10-01 09:03:05,Suspicious Web Infrastructure,WEB THREATS,FILE HASH,42b21c51c0820e03e2d6d622202277b4a7226ad2d645e73b83e8ad349cfb8d23,Community Submission,C,31,CRITICAL,69.4,FALSE_POSITIVE,2026-07-16 09:03:05,2026-08-10 17:03:05,Demo Region B,Synthetic defensive observation representing a suspicious web-related indicator.,Initial Access,Phishing,
THR-2026-1498,2026-10-01 09:03:05,Suspicious Authentication Pattern,CREDENTIAL THREATS,DOMAIN,mail-protection-1498.invalid,Internal SOC,A,44,MEDIUM,47.6,CLOSED,2026-04-05 09:03:05,2026-04-23 01:03:05,Synthetic Region,Synthetic defensive observation representing a credential-related security risk.,Credential Access,Valid Accounts,
THR-2026-1499,2026-10-01 09:03:05,Synthetic Vulnerability Exposure,VULNERABILITY EXPOSURE,EMAIL/SENDER DOMAIN,sender-1499.invalid,Security Vendor,A,35,MEDIUM,44.0,NEW,2026-08-20 09:03:05,2026-09-09 00:03:05,Demo Region C,Synthetic defensive observation representing potential vulnerability exposure.,Initial Access,User Execution,
THR-2026-1500,2026-10-01 09:03:05,Synthetic Vulnerability Exposure,VULNERABILITY EXPOSURE,FILE HASH,c8b3a38fcc45d777a74e81b162afb08a69873b2384f6a939047655ad0f89eb16,Internal SOC,A,85,LOW,49.0,UNDER_REVIEW,2026-07-07 09:03:05,2026-08-06 20:03:05,Demo Region C,Synthetic defensive observation representing potential vulnerability exposure.,Initial Access,User Execution,
THR-2026-1501,2026-10-01 09:03:05,Social Engineering Risk Pattern,SOCIAL ENGINEERING,FILE HASH,fcb94c8c4811e08778e6226a4c001905dc5c1d1fb63f43bbcdb9d9149eb1a626,Research Report,B,52,MEDIUM,50.8,FALSE_POSITIVE,2026-06-12 09:03:05,2026-07-09 16:03:05,Demo Region B,Synthetic defensive observation representing a social-engineering-related risk.,Initial Access,Phishing,
THR-2026-1502,2026-10-01 09:03:05,Synthetic Ransomware Indicator Cluster,RANSOMWARE,URL,https://account-verify-1502.invalid/identity/verify,Internal SOC,A,73,LOW,44.2,FALSE_POSITIVE,2026-09-05 09:03:05,2026-09-07 11:03:05,Demo Region B,Synthetic defensive observation representing a ransomware-related risk pattern.,Impact,Data Encrypted for Impact,
THR-2026-1503,2026-10-01 09:03:05,Synthetic Vulnerability Exposure,VULNERABILITY EXPOSURE,FILE HASH,433e2eea630a1720e6c5393ebf8d24b72a8e6359797cf38b83f856c3d7643da7,Internal SOC,A,44,CRITICAL,74.6,MONITORING,2026-09-30 09:03:05,2026-10-15 14:03:05,Demo Region B,Synthetic defensive observation representing potential vulnerability exposure.,Initial Access,User Execution,
THR-2026-1504,2026-10-01 09:03:05,Network Communication Anomaly,NETWORK THREATS,CVE ID,CVE-2024-2504,Internal SOC,A,36,MEDIUM,44.4,NEW,2026-08-19 09:03:05,2026-09-16 18:03:05,Demo Region A,Synthetic defensive observation representing a network-related security risk.,Command and Control,Application Layer Protocol,CVE-2024-2504
THR-2026-1505,2026-10-01 09:03:05,Suspicious Account Activity,ACCOUNT SECURITY,IP ADDRESS,192.0.2.236,Security Vendor,A,49,MEDIUM,49.6,FALSE_POSITIVE,2026-06-22 09:03:05,2026-07-19 00:03:05,Demo Region C,Synthetic defensive observation representing an account-security-related risk.,Credential Access,Valid Accounts,
THR-2026-1506,2026-10-01 09:03:05,Suspicious Web Resource Pattern,WEB THREATS,EMAIL/SENDER DOMAIN,sender-1506.invalid,Community Submission,C,34,HIGH,58.6,MONITORING,2026-07-20 09:03:05,2026-07-24 11:03:05,Not Available,Synthetic defensive observation representing a suspicious web-related indicator.,Initial Access,Phishing,
THR-2026-1507,2026-10-01 09:03:05,Synthetic Ransomware Infrastructure,RANSOMWARE,CVE ID,CVE-2026-2507,Unknown Source,D,53,LOW,36.2,CLOSED,2026-07-20 09:03:05,2026-07-21 21:03:05,Demo Region B,Synthetic defensive observation representing a ransomware-related risk pattern.,Impact,Data Encrypted for Impact,CVE-2026-2507
THR-2026-1508,2026-10-01 09:03:05,Social Engineering Risk Pattern,SOCIAL ENGINEERING,URL,https://system-alert-1508.invalid/security/notice,Research Report,B,76,LOW,45.4,UNDER_REVIEW,2026-08-01 09:03:05,2026-08-26 18:03:05,Demo Region B,Synthetic defensive observation representing a social-engineering-related risk.,Initial Access,Phishing,
THR-2026-1509,2026-10-01 09:03:05,Synthetic Human-Factor Threat,SOCIAL ENGINEERING,DOMAIN,account-verify-1509.invalid,Community Submission,C,32,INFORMATIONAL,18.8,UNDER_REVIEW,2026-08-31 09:03:05,2026-09-04 12:03:05,Demo Region B,Synthetic defensive observation representing a social-engineering-related risk.,Initial Access,Phishing,
THR-2026-1510,2026-10-01 09:03:05,Synthetic Malware Indicator Cluster,MALWARE,URL,https://service-notice-1510.invalid/review,Unknown Source,D,55,LOW,37.0,FALSE_POSITIVE,2026-05-30 09:03:05,2026-06-12 22:03:05,Not Available,Synthetic defensive observation representing a suspicious file or malware-related indicator.,Execution,User Execution,
THR-2026-1511,2026-10-01 09:03:05,Web Application Threat Observation,WEB THREATS,CVE ID,CVE-2023-2511,Public Threat Feed,B,29,HIGH,56.6,NEW,2026-08-21 09:03:05,2026-09-02 15:03:05,Demo Region A,Synthetic defensive observation representing a suspicious web-related indicator.,Initial Access,Phishing,CVE-2023-2511
THR-2026-1512,2026-10-01 09:03:05,Synthetic Login Impersonation Campaign,PHISHING,URL,https://secure-login-1512.invalid/account/check,Unknown Source,D,84,HIGH,78.6,UNDER_REVIEW,2026-06-21 09:03:05,2026-07-17 07:03:05,Synthetic Region,Synthetic defensive observation representing a possible phishing-related indicator.,Initial Access,Phishing,
THR-2026-1513,2026-10-01 09:03:05,Network Communication Anomaly,NETWORK THREATS,CVE ID,CVE-2025-2513,Unknown Source,D,97,MEDIUM,68.8,NEW,2026-08-14 09:03:05,2026-08-14 14:03:05,Synthetic Region,Synthetic defensive observation representing a network-related security risk.,Command and Control,Application Layer Protocol,CVE-2025-2513
THR-2026-1514,2026-10-01 09:03:05,Impersonation Activity Observation,SOCIAL ENGINEERING,URL,https://account-verify-1514.invalid/verify,Community Submission,C,55,HIGH,67.0,CLOSED,2026-04-29 09:03:05,2026-05-14 17:03:05,Demo Region B,Synthetic defensive observation representing a social-engineering-related risk.,Initial Access,Phishing,
THR-2026-1515,2026-10-01 09:03:05,Synthetic Credential Phishing Campaign,PHISHING,IP ADDRESS,203.0.113.246,Community Submission,C,68,MEDIUM,57.2,FALSE_POSITIVE,2026-06-27 09:03:05,2026-07-07 09:03:05,Synthetic Region,Synthetic defensive observation representing a possible phishing-related indicator.,Initial Access,Phishing,
THR-2026-1516,2026-10-01 09:03:05,Synthetic Account Credential Threat,CREDENTIAL THREATS,DOMAIN,account-verify-1516.invalid,Public Threat Feed,B,89,MEDIUM,65.6,NEW,2026-05-18 09:03:05,2026-05-31 01:03:05,Synthetic Region,Synthetic defensive observation representing a credential-related security risk.,Credential Access,Valid Accounts,
THR-2026-1517,2026-10-01 09:03:05,Synthetic Social Engineering Campaign,SOCIAL ENGINEERING,CVE ID,CVE-2026-2517,Research Report,B,93,MEDIUM,67.2,FALSE_POSITIVE,2026-09-19 09:03:05,2026-09-28 19:03:05,Synthetic Region,Synthetic defensive observation representing a social-engineering-related risk.,Initial Access,Phishing,CVE-2026-2517
THR-2026-1518,2026-10-01 09:03:05,Suspicious File Hash Observation,MALWARE,FILE HASH,a7c6170b821ddcd72aa591abe386d624dc85562af64fd08ff394952a7ec4888b,Community Submission,C,84,MEDIUM,63.6,MONITORING,2026-05-07 09:03:05,2026-05-14 19:03:05,Synthetic Region,Synthetic defensive observation representing a suspicious file or malware-related indicator.,Execution,User Execution,
THR-2026-1519,2026-10-01 09:03:05,Synthetic Web Threat Cluster,WEB THREATS,CVE ID,CVE-2022-2519,Research Report,B,57,HIGH,67.8,UNDER_REVIEW,2026-07-25 09:03:05,2026-07-26 01:03:05,Demo Region A,Synthetic defensive observation representing a suspicious web-related indicator.,Initial Access,Phishing,CVE-2022-2519
THR-2026-1520,2026-10-01 09:03:05,Synthetic Human-Factor Threat,SOCIAL ENGINEERING,DOMAIN,secure-login-1520.invalid,Internal SOC,A,31,INFORMATIONAL,18.4,FALSE_POSITIVE,2026-07-22 09:03:05,2026-08-09 02:03:05,Demo Region A,Synthetic defensive observation representing a social-engineering-related risk.,Initial Access,Phishing,
THR-2026-1521,2026-10-01 09:03:05,Web Application Threat Observation,WEB THREATS,EMAIL/SENDER DOMAIN,sender-1521.invalid,Community Submission,C,88,MEDIUM,65.2,UNDER_REVIEW,2026-08-07 09:03:05,2026-08-25 06:03:05,Demo Region A,Synthetic defensive observation representing a suspicious web-related indicator.,Initial Access,Phishing,
THR-2026-1522,2026-10-01 09:03:05,Vulnerability Risk Assessment,VULNERABILITY EXPOSURE,EMAIL/SENDER DOMAIN,sender-1522.invalid,Community Submission,C,47,HIGH,63.8,MONITORING,2026-04-16 09:03:05,2026-04-22 09:03:05,Demo Region A,Synthetic defensive observation representing potential vulnerability exposure.,Initial Access,User Execution,
THR-2026-1523,2026-10-01 09:03:05,Suspicious Authentication Pattern,CREDENTIAL THREATS,FILE HASH,a0187d5ed940d3a1525a7f9bb32ade294d8ad7e2dba79323a7ce67842cab7cf6,Security Vendor,A,58,LOW,38.2,UNDER_REVIEW,2026-04-15 09:03:05,2026-04-25 06:03:05,Synthetic Region,Synthetic defensive observation representing a credential-related security risk.,Credential Access,Valid Accounts,
THR-2026-1524,2026-10-01 09:03:05,Synthetic Vulnerability Exposure,VULNERABILITY EXPOSURE,DOMAIN,account-verify-1524.invalid,Public Threat Feed,B,61,MEDIUM,54.4,UNDER_REVIEW,2026-05-15 09:03:05,2026-06-07 02:03:05,Demo Region A,Synthetic defensive observation representing potential vulnerability exposure.,Initial Access,User Execution,
THR-2026-1525,2026-10-01 09:03:05,Synthetic Malicious File Pattern,MALWARE,IP ADDRESS,192.0.2.2,Security Vendor,A,59,INFORMATIONAL,29.6,FALSE_POSITIVE,2026-09-01 09:03:05,2026-09-25 23:03:05,Demo Region A,Synthetic defensive observation representing a suspicious file or malware-related indicator.,Execution,User Execution,
THR-2026-1526,2026-10-01 09:03:05,Sensitive Data Protection Alert,DATA EXPOSURE,FILE HASH,ec5cef5e9978e36ed8e54ea562c78d2aec849644d2b20f41b36283702e953cbb,Internal SOC,A,60,MEDIUM,54.0,CLOSED,2026-07-01 09:03:05,2026-07-26 11:03:05,Demo Region B,Synthetic defensive observation representing a possible data exposure concern.,Collection,Data from Information Repositories,
THR-2026-1527,2026-10-01 09:03:05,Synthetic Account Credential Threat,CREDENTIAL THREATS,EMAIL/SENDER DOMAIN,sender-1527.invalid,Community Submission,C,27,CRITICAL,67.8,UNDER_REVIEW,2026-09-08 09:03:05,2026-09-10 14:03:05,Demo Region C,Synthetic defensive observation representing a credential-related security risk.,Credential Access,Valid Accounts,
THR-2026-1528,2026-10-01 09:03:05,Synthetic Information Exposure,DATA EXPOSURE,CVE ID,CVE-2026-2528,Internal SOC,A,69,LOW,42.6,FALSE_POSITIVE,2026-07-05 09:03:05,2026-08-01 21:03:05,Demo Region A,Synthetic defensive observation representing a possible data exposure concern.,Collection,Data from Information Repositories,CVE-2026-2528
THR-2026-1529,2026-10-01 09:03:05,Unpatched Software Awareness Record,VULNERABILITY EXPOSURE,DOMAIN,account-verify-1529.invalid,Community Submission,C,86,LOW,49.4,FALSE_POSITIVE,2026-04-05 09:03:05,2026-04-08 08:03:05,Synthetic Region,Synthetic defensive observation representing potential vulnerability exposure.,Initial Access,User Execution,
THR-2026-1530,2026-10-01 09:03:05,Social Engineering Risk Pattern,SOCIAL ENGINEERING,FILE HASH,e30bb3ac6dddd1e646a56386c094467a0ea81aebfaae5bdbd2a7a11a6f53c3c3,Internal SOC,A,30,MEDIUM,42.0,MONITORING,2026-06-07 09:03:05,2026-06-13 09:03:05,Demo Region A,Synthetic defensive observation representing a social-engineering-related risk.,Initial Access,Phishing,
THR-2026-1531,2026-10-01 09:03:05,Synthetic Network Threat Observation,NETWORK THREATS,FILE HASH,023832b042ef908ecbded9ff7ddfb0a31e9da3731a6e4a67c14b53e2562e8a38,Research Report,B,65,INFORMATIONAL,32.0,UNDER_REVIEW,2026-09-09 09:03:05,2026-09-13 12:03:05,Not Available,Synthetic defensive observation representing a network-related security risk.,Command and Control,Application Layer Protocol,
THR-2026-1532,2026-10-01 09:03:05,Social Engineering Risk Pattern,SOCIAL ENGINEERING,FILE HASH,1012fb761e9d31cb11f96074724add4d236c6a4939af85423b27b33ad0511430,Internal SOC,A,68,MEDIUM,57.2,MONITORING,2026-04-24 09:03:05,2026-05-19 10:03:05,Demo Region B,Synthetic defensive observation representing a social-engineering-related risk.,Initial Access,Phishing,
THR-2026-1533,2026-10-01 09:03:05,Sensitive Data Protection Alert,DATA EXPOSURE,FILE HASH,0bc28390f61c2133ab0cb1d97e775961a70582850edbede80c3d830388224932,Public Threat Feed,B,32,HIGH,57.8,UNDER_REVIEW,2026-04-13 09:03:05,2026-05-13 13:03:05,Synthetic Region,Synthetic defensive observation representing a possible data exposure concern.,Collection,Data from Information Repositories,
THR-2026-1534,2026-10-01 09:03:05,Web Application Threat Observation,WEB THREATS,URL,https://secure-login-1534.invalid/verify,Internal SOC,A,71,CRITICAL,85.4,NEW,2026-05-26 09:03:05,2026-06-05 08:03:05,Synthetic Region,Synthetic defensive observation representing a suspicious web-related indicator.,Initial Access,Phishing,
THR-2026-1535,2026-10-01 09:03:05,Synthetic Login Impersonation Campaign,PHISHING,URL,https://service-notice-1535.invalid/account/check,Community Submission,C,42,HIGH,61.8,NEW,2026-04-29 09:03:05,2026-05-18 12:03:05,Demo Region A,Synthetic defensive observation representing a possible phishing-related indicator.,Initial Access,Phishing,
THR-2026-1536,2026-10-01 09:03:05,Web Application Threat Observation,WEB THREATS,URL,https://service-notice-1536.invalid/verify,Community Submission,C,52,LOW,35.8,FALSE_POSITIVE,2026-09-10 09:03:05,2026-09-17 10:03:05,Demo Region C,Synthetic defensive observation representing a suspicious web-related indicator.,Initial Access,Phishing,
THR-2026-1537,2026-10-01 09:03:05,Sensitive Data Protection Alert,DATA EXPOSURE,IP ADDRESS,203.0.113.14,Unknown Source,D,98,MEDIUM,69.2,CLOSED,2026-05-14 09:03:05,2026-05-24 02:03:05,Demo Region A,Synthetic defensive observation representing a possible data exposure concern.,Collection,Data from Information Repositories,
THR-2026-1538,2026-10-01 09:03:05,Synthetic Credential Phishing Campaign,PHISHING,URL,https://secure-login-1538.invalid/verify,Unknown Source,D,59,MEDIUM,53.6,NEW,2026-09-17 09:03:05,2026-09-21 11:03:05,Not Available,Synthetic defensive observation representing a possible phishing-related indicator.,Initial Access,Phishing,
THR-2026-1539,2026-10-01 09:03:05,Suspicious File Hash Observation,MALWARE,FILE HASH,576d910da4b7d0aa07ff6ee6f0ae276ec350537bb41d0ee424ccdd38d7003b35,Community Submission,C,76,HIGH,75.4,MONITORING,2026-09-03 09:03:05,2026-09-11 14:03:05,Demo Region A,Synthetic defensive observation representing a suspicious file or malware-related indicator.,Execution,User Execution,
THR-2026-1540,2026-10-01 09:03:05,File Encryption Threat Pattern,RANSOMWARE,DOMAIN,account-support-1540.invalid,Unknown Source,D,38,HIGH,60.2,FALSE_POSITIVE,2026-09-26 09:03:05,2026-10-11 15:03:05,Demo Region B,Synthetic defensive observation representing a ransomware-related risk pattern.,Impact,Data Encrypted for Impact,
THR-2026-1541,2026-10-01 09:03:05,Synthetic Account Credential Threat,CREDENTIAL THREATS,FILE HASH,682ff9ea2a40b824e22fe9a0b45d2d7d7a2ed787636378273088769c8c9f60af,Community Submission,C,59,MEDIUM,53.6,CLOSED,2026-08-13 09:03:05,2026-08-29 02:03:05,Demo Region A,Synthetic defensive observation representing a credential-related security risk.,Credential Access,Valid Accounts,
THR-2026-1542,2026-10-01 09:03:05,Credential Abuse Observation,CREDENTIAL THREATS,EMAIL/SENDER DOMAIN,sender-1542.invalid,Community Submission,C,49,MEDIUM,49.6,CLOSED,2026-07-18 09:03:05,2026-07-29 13:03:05,Not Available,Synthetic defensive observation representing a credential-related security risk.,Credential Access,Valid Accounts,
THR-2026-1543,2026-10-01 09:03:05,Account Protection Alert,ACCOUNT SECURITY,URL,https://identity-check-1543.invalid/account/check,Unknown Source,D,40,MEDIUM,46.0,NEW,2026-06-15 09:03:05,2026-06-24 05:03:05,Demo Region A,Synthetic defensive observation representing an account-security-related risk.,Credential Access,Valid Accounts,
THR-2026-1544,2026-10-01 09:03:05,Synthetic Vulnerability Exposure,VULNERABILITY EXPOSURE,EMAIL/SENDER DOMAIN,sender-1544.invalid,Unknown Source,D,57,LOW,37.8,UNDER_REVIEW,2026-08-29 09:03:05,2026-09-16 14:03:05,Demo Region B,Synthetic defensive observation representing potential vulnerability exposure.,Initial Access,User Execution,
THR-2026-1545,2026-10-01 09:03:05,Synthetic Login Impersonation Campaign,PHISHING,DOMAIN,mail-protection-1545.invalid,Unknown Source,D,34,HIGH,58.6,FALSE_POSITIVE,2026-06-21 09:03:05,2026-06-25 15:03:05,Demo Region A,Synthetic defensive observation representing a possible phishing-related indicator.,Initial Access,Phishing,
THR-2026-1546,2026-10-01 09:03:05,Suspicious Credential Collection Pattern,PHISHING,CVE ID,CVE-2023-2546,Research Report,B,26,HIGH,55.4,UNDER_REVIEW,2026-09-03 09:03:05,2026-09-13 15:03:05,Demo Region B,Synthetic defensive observation representing a possible phishing-related indicator.,Initial Access,Phishing,CVE-2023-2546
THR-2026-1547,2026-10-01 09:03:05,Suspicious File Hash Observation,MALWARE,URL,https://service-notice-1547.invalid/login,Unknown Source,D,91,MEDIUM,66.4,UNDER_REVIEW,2026-07-22 09:03:05,2026-08-06 06:03:05,Demo Region B,Synthetic defensive observation representing a suspicious file or malware-related indicator.,Execution,User Execution,
THR-2026-1548,2026-10-01 09:03:05,Vulnerability Risk Assessment,VULNERABILITY EXPOSURE,URL,https://mail-protection-1548.invalid/review,Research Report,B,56,HIGH,67.4,MONITORING,2026-05-28 09:03:05,2026-06-27 17:03:05,Demo Region A,Synthetic defensive observation representing potential vulnerability exposure.,Initial Access,User Execution,
THR-2026-1549,2026-10-01 09:03:05,Fake Account Verification Activity,PHISHING,FILE HASH,4b76cb58bada04fe1c5970b60ee005526c9c32c3110cbb55990f28b6d0b7026b,Unknown Source,D,32,INFORMATIONAL,18.8,NEW,2026-06-05 09:03:05,2026-06-21 18:03:05,Synthetic Region,Synthetic defensive observation representing a possible phishing-related indicator.,Initial Access,Phishing,
THR-2026-1550,2026-10-01 09:03:05,Suspicious Web Infrastructure,WEB THREATS,DOMAIN,identity-check-1550.invalid,Internal SOC,A,79,LOW,46.6,CLOSED,2026-06-01 09:03:05,2026-06-27 01:03:05,Not Available,Synthetic defensive observation representing a suspicious web-related indicator.,Initial Access,Phishing,
THR-2026-1551,2026-10-01 09:03:05,Synthetic Network Infrastructure,NETWORK THREATS,URL,https://mail-protection-1551.invalid/login,Research Report,B,60,LOW,39.0,CLOSED,2026-06-23 09:03:05,2026-07-01 14:03:05,Demo Region B,Synthetic defensive observation representing a network-related security risk.,Command and Control,Application Layer Protocol,
THR-2026-1552,2026-10-01 09:03:05,File Encryption Threat Pattern,RANSOMWARE,IP ADDRESS,192.0.2.29,Security Vendor,A,74,MEDIUM,59.6,MONITORING,2026-05-12 09:03:05,2026-05-29 05:03:05,Demo Region A,Synthetic defensive observation representing a ransomware-related risk pattern.,Impact,Data Encrypted for Impact,
THR-2026-1553,2026-10-01 09:03:05,Synthetic Network Infrastructure,NETWORK THREATS,EMAIL/SENDER DOMAIN,sender-1553.invalid,Public Threat Feed,B,37,LOW,29.8,NEW,2026-04-15 09:03:05,2026-05-01 18:03:05,Demo Region A,Synthetic defensive observation representing a network-related security risk.,Command and Control,Application Layer Protocol,
THR-2026-1554,2026-10-01 09:03:05,Synthetic Account Security Event,ACCOUNT SECURITY,IP ADDRESS,192.0.2.31,Security Vendor,A,57,HIGH,67.8,FALSE_POSITIVE,2026-04-12 09:03:05,2026-05-12 02:03:05,Synthetic Region,Synthetic defensive observation representing an account-security-related risk.,Credential Access,Valid Accounts,
THR-2026-1555,2026-10-01 09:03:05,Suspicious Credential Collection Pattern,PHISHING,DOMAIN,login-check-1555.invalid,Research Report,B,95,LOW,53.0,UNDER_REVIEW,2026-05-08 09:03:05,2026-05-18 09:03:05,Demo Region B,Synthetic defensive observation representing a possible phishing-related indicator.,Initial Access,Phishing,
THR-2026-1556,2026-10-01 09:03:05,Suspicious File Hash Observation,MALWARE,CVE ID,CVE-2024-2556,Public Threat Feed,B,79,HIGH,76.6,FALSE_POSITIVE,2026-04-05 09:03:05,2026-04-30 17:03:05,Synthetic Region,Synthetic defensive observation representing a suspicious file or malware-related indicator.,Execution,User Execution,CVE-2024-2556
THR-2026-1557,2026-10-01 09:03:05,Authentication Risk Observation,ACCOUNT SECURITY,EMAIL/SENDER DOMAIN,sender-1557.invalid,Research Report,B,73,MEDIUM,59.2,MONITORING,2026-04-24 09:03:05,2026-04-30 16:03:05,Demo Region A,Synthetic defensive observation representing an account-security-related risk.,Credential Access,Valid Accounts,
THR-2026-1558,2026-10-01 09:03:05,Synthetic Network Threat Observation,NETWORK THREATS,FILE HASH,925ec90cbcbc6dc41af3024d2cc01d019a2aad8c1d695211caec21d751a5cc3f,Security Vendor,A,88,MEDIUM,65.2,NEW,2026-06-12 09:03:05,2026-07-13 02:03:05,Demo Region A,Synthetic defensive observation representing a network-related security risk.,Command and Control,Application Layer Protocol,
THR-2026-1559,2026-10-01 09:03:05,Suspicious Account Activity,ACCOUNT SECURITY,DOMAIN,mail-protection-1559.invalid,Security Vendor,A,30,MEDIUM,42.0,FALSE_POSITIVE,2026-06-03 09:03:05,2026-06-17 02:03:05,Demo Region A,Synthetic defensive observation representing an account-security-related risk.,Credential Access,Valid Accounts,
THR-2026-1560,2026-10-01 09:03:05,Social Engineering Risk Pattern,SOCIAL ENGINEERING,CVE ID,CVE-2023-2560,Security Vendor,A,52,LOW,35.8,FALSE_POSITIVE,2026-06-28 09:03:05,2026-07-01 10:03:05,Demo Region A,Synthetic defensive observation representing a social-engineering-related risk.,Initial Access,Phishing,CVE-2023-2560
THR-2026-1561,2026-10-01 09:03:05,Synthetic Vulnerability Exposure,VULNERABILITY EXPOSURE,IP ADDRESS,198.51.100.38,Security Vendor,A,82,MEDIUM,62.8,MONITORING,2026-09-07 09:03:05,2026-09-17 16:03:05,Demo Region A,Synthetic defensive observation representing potential vulnerability exposure.,Initial Access,User Execution,
THR-2026-1562,2026-10-01 09:03:05,Synthetic Account Security Event,ACCOUNT SECURITY,EMAIL/SENDER DOMAIN,sender-1562.invalid,Internal SOC,A,55,HIGH,67.0,CLOSED,2026-06-01 09:03:05,2026-06-23 17:03:05,Demo Region A,Synthetic defensive observation representing an account-security-related risk.,Credential Access,Valid Accounts,
THR-2026-1563,2026-10-01 09:03:05,Suspicious Authentication Pattern,CREDENTIAL THREATS,FILE HASH,0d2cbceb4b872ed783f895234be1c394266fe93f6eaf82e2be2454f980bda75d,Community Submission,C,89,LOW,50.6,CLOSED,2026-08-03 09:03:05,2026-09-02 03:03:05,Demo Region A,Synthetic defensive observation representing a credential-related security risk.,Credential Access,Valid Accounts,
THR-2026-1564,2026-10-01 09:03:05,Synthetic Network Threat Observation,NETWORK THREATS,URL,https://credential-review-1564.invalid/identity/verify,Unknown Source,D,28,HIGH,56.2,UNDER_REVIEW,2026-09-06 09:03:05,2026-09-27 03:03:05,Demo Region C,Synthetic defensive observation representing a network-related security risk.,Command and Control,Application Layer Protocol,
THR-2026-1565,2026-10-01 09:03:05,Synthetic Ransomware Infrastructure,RANSOMWARE,DOMAIN,mail-protection-1565.invalid,Security Vendor,A,47,HIGH,63.8,NEW,2026-08-08 09:03:05,2026-08-14 13:03:05,Synthetic Region,Synthetic defensive observation representing a ransomware-related risk pattern.,Impact,Data Encrypted for Impact,
THR-2026-1566,2026-10-01 09:03:05,Social Engineering Risk Pattern,SOCIAL ENGINEERING,DOMAIN,account-support-1566.invalid,Unknown Source,D,40,LOW,31.0,UNDER_REVIEW,2026-08-09 09:03:05,2026-08-21 05:03:05,Synthetic Region,Synthetic defensive observation representing a social-engineering-related risk.,Initial Access,Phishing,
THR-2026-1567,2026-10-01 09:03:05,Endpoint Malware Indicator Cluster,MALWARE,DOMAIN,credential-review-1567.invalid,Public Threat Feed,B,46,MEDIUM,48.4,NEW,2026-09-22 09:03:05,2026-10-09 14:03:05,Demo Region A,Synthetic defensive observation representing a suspicious file or malware-related indicator.,Execution,User Execution,
THR-2026-1568,2026-10-01 09:03:05,Synthetic Ransomware Infrastructure,RANSOMWARE,DOMAIN,security-alert-1568.invalid,Research Report,B,38,LOW,30.2,FALSE_POSITIVE,2026-08-03 09:03:05,2026-08-25 14:03:05,Not Available,Synthetic defensive observation representing a ransomware-related risk pattern.,Impact,Data Encrypted for Impact,
THR-2026-1569,2026-10-01 09:03:05,Potential Data Exposure Pattern,DATA EXPOSURE,EMAIL/SENDER DOMAIN,sender-1569.invalid,Research Report,B,67,HIGH,71.8,CLOSED,2026-08-21 09:03:05,2026-09-17 04:03:05,Synthetic Region,Synthetic defensive observation representing a possible data exposure concern.,Collection,Data from Information Repositories,
THR-2026-1570,2026-10-01 09:03:05,File Encryption Threat Pattern,RANSOMWARE,EMAIL/SENDER DOMAIN,sender-1570.invalid,Public Threat Feed,B,81,HIGH,77.4,UNDER_REVIEW,2026-07-12 09:03:05,2026-07-21 04:03:05,Demo Region A,Synthetic defensive observation representing a ransomware-related risk pattern.,Impact,Data Encrypted for Impact,
THR-2026-1571,2026-10-01 09:03:05,Unpatched Software Awareness Record,VULNERABILITY EXPOSURE,URL,https://secure-login-1571.invalid/identity/verify,Community Submission,C,36,MEDIUM,44.4,UNDER_REVIEW,2026-09-01 09:03:05,2026-09-27 07:03:05,Demo Region A,Synthetic defensive observation representing potential vulnerability exposure.,Initial Access,User Execution,
THR-2026-1572,2026-10-01 09:03:05,Potential Data Exposure Pattern,DATA EXPOSURE,IP ADDRESS,203.0.113.49,Internal SOC,A,42,MEDIUM,46.8,UNDER_REVIEW,2026-05-21 09:03:05,2026-05-27 02:03:05,Demo Region B,Synthetic defensive observation representing a possible data exposure concern.,Collection,Data from Information Repositories,
THR-2026-1573,2026-10-01 09:03:05,Synthetic Credential Phishing Campaign,PHISHING,EMAIL/SENDER DOMAIN,sender-1573.invalid,Internal SOC,A,94,HIGH,82.6,MONITORING,2026-07-31 09:03:05,2026-08-18 02:03:05,Demo Region C,Synthetic defensive observation representing a possible phishing-related indicator.,Initial Access,Phishing,
THR-2026-1574,2026-10-01 09:03:05,Synthetic Information Exposure,DATA EXPOSURE,IP ADDRESS,198.51.100.51,Security Vendor,A,95,LOW,53.0,UNDER_REVIEW,2026-08-16 09:03:05,2026-08-17 22:03:05,Demo Region B,Synthetic defensive observation representing a possible data exposure concern.,Collection,Data from Information Repositories,
THR-2026-1575,2026-10-01 09:03:05,Credential Exposure Indicator,CREDENTIAL THREATS,CVE ID,CVE-2022-2575,Internal SOC,A,81,MEDIUM,62.4,CLOSED,2026-06-14 09:03:05,2026-07-08 05:03:05,Demo Region C,Synthetic defensive observation representing a credential-related security risk.,Credential Access,Valid Accounts,CVE-2022-2575
THR-2026-1576,2026-10-01 09:03:05,Synthetic Ransomware Indicator Cluster,RANSOMWARE,CVE ID,CVE-2024-2576,Internal SOC,A,68,CRITICAL,84.2,MONITORING,2026-09-22 09:03:05,2026-10-16 09:03:05,Demo Region A,Synthetic defensive observation representing a ransomware-related risk pattern.,Impact,Data Encrypted for Impact,CVE-2024-2576
THR-2026-1577,2026-10-01 09:03:05,Synthetic Credential Phishing Campaign,PHISHING,IP ADDRESS,198.51.100.54,Internal SOC,A,35,LOW,29.0,FALSE_POSITIVE,2026-04-07 09:03:05,2026-04-14 00:03:05,Synthetic Region,Synthetic defensive observation representing a possible phishing-related indicator.,Initial Access,Phishing,
THR-2026-1578,2026-10-01 09:03:05,Synthetic Network Infrastructure,NETWORK THREATS,IP ADDRESS,203.0.113.55,Unknown Source,D,28,HIGH,56.2,FALSE_POSITIVE,2026-08-23 09:03:05,2026-09-03 19:03:05,Demo Region A,Synthetic defensive observation representing a network-related security risk.,Command and Control,Application Layer Protocol,
THR-2026-1579,2026-10-01 09:03:05,Suspicious Web Resource Pattern,WEB THREATS,URL,https://identity-check-1579.invalid/account/check,Community Submission,C,43,LOW,32.2,CLOSED,2026-04-12 09:03:05,2026-05-01 02:03:05,Demo Region C,Synthetic defensive observation representing a suspicious web-related indicator.,Initial Access,Phishing,
THR-2026-1580,2026-10-01 09:03:05,Sensitive Data Protection Alert,DATA EXPOSURE,IP ADDRESS,192.0.2.57,Community Submission,C,61,LOW,39.4,CLOSED,2026-04-24 09:03:05,2026-05-19 10:03:05,Synthetic Region,Synthetic defensive observation representing a possible data exposure concern.,Collection,Data from Information Repositories,
THR-2026-1581,2026-10-01 09:03:05,Synthetic Login Impersonation Campaign,PHISHING,EMAIL/SENDER DOMAIN,sender-1581.invalid,Internal SOC,A,28,MEDIUM,41.2,CLOSED,2026-04-30 09:03:05,2026-05-01 09:03:05,Demo Region B,Synthetic defensive observation representing a possible phishing-related indicator.,Initial Access,Phishing,
THR-2026-1582,2026-10-01 09:03:05,Synthetic Network Infrastructure,NETWORK THREATS,CVE ID,CVE-2024-2582,Public Threat Feed,B,91,LOW,51.4,NEW,2026-05-18 09:03:05,2026-05-22 21:03:05,Not Available,Synthetic defensive observation representing a network-related security risk.,Command and Control,Application Layer Protocol,CVE-2024-2582
THR-2026-1583,2026-10-01 09:03:05,Suspicious Authentication Pattern,CREDENTIAL THREATS,FILE HASH,86e0cd7717d73ebe09cf5deecbf63ff11dc99bc8d79b3889e6eb3680dfee1a2a,Public Threat Feed,B,54,LOW,36.6,UNDER_REVIEW,2026-06-28 09:03:05,2026-07-19 10:03:05,Demo Region C,Synthetic defensive observation representing a credential-related security risk.,Credential Access,Valid Accounts,
THR-2026-1584,2026-10-01 09:03:05,Synthetic Account Security Event,ACCOUNT SECURITY,FILE HASH,bff06fb71273f7c65529c33c268745941d8e8e825b3ce2ed34b4437f6bfa24bd,Unknown Source,D,30,MEDIUM,42.0,CLOSED,2026-06-02 09:03:05,2026-06-03 22:03:05,Demo Region B,Synthetic defensive observation representing an account-security-related risk.,Credential Access,Valid Accounts,
THR-2026-1585,2026-10-01 09:03:05,Synthetic Account Security Event,ACCOUNT SECURITY,EMAIL/SENDER DOMAIN,sender-1585.invalid,Internal SOC,A,70,MEDIUM,58.0,NEW,2026-04-24 09:03:05,2026-05-19 05:03:05,Demo Region B,Synthetic defensive observation representing an account-security-related risk.,Credential Access,Valid Accounts,
THR-2026-1586,2026-10-01 09:03:05,Synthetic Credential Phishing Campaign,PHISHING,URL,https://login-check-1586.invalid/verify,Community Submission,C,57,HIGH,67.8,MONITORING,2026-08-30 09:03:05,2026-09-28 02:03:05,Demo Region C,Synthetic defensive observation representing a possible phishing-related indicator.,Initial Access,Phishing,
THR-2026-1587,2026-10-01 09:03:05,File Encryption Threat Pattern,RANSOMWARE,EMAIL/SENDER DOMAIN,sender-1587.invalid,Security Vendor,A,88,CRITICAL,92.2,MONITORING,2026-05-21 09:03:05,2026-05-27 21:03:05,Not Available,Synthetic defensive observation representing a ransomware-related risk pattern.,Impact,Data Encrypted for Impact,
THR-2026-1588,2026-10-01 09:03:05,Synthetic Malicious File Pattern,MALWARE,FILE HASH,9a76c7723eb3319738cf0ad1808f7d8692f6fef008ead277cf70fc916e67bd80,Security Vendor,A,33,LOW,28.2,FALSE_POSITIVE,2026-04-05 09:03:05,2026-04-18 04:03:05,Demo Region B,Synthetic defensive observation representing a suspicious file or malware-related indicator.,Execution,User Execution,
THR-2026-1589,2026-10-01 09:03:05,Synthetic Account Security Event,ACCOUNT SECURITY,CVE ID,CVE-2024-2589,Internal SOC,A,45,MEDIUM,48.0,FALSE_POSITIVE,2026-07-30 09:03:05,2026-08-27 22:03:05,Demo Region C,Synthetic defensive observation representing an account-security-related risk.,Credential Access,Valid Accounts,CVE-2024-2589
THR-2026-1590,2026-10-01 09:03:05,Vulnerability Risk Assessment,VULNERABILITY EXPOSURE,DOMAIN,security-alert-1590.invalid,Internal SOC,A,57,LOW,37.8,CLOSED,2026-06-04 09:03:05,2026-07-01 10:03:05,Demo Region C,Synthetic defensive observation representing potential vulnerability exposure.,Initial Access,User Execution,
THR-2026-1591,2026-10-01 09:03:05,Synthetic Ransomware Infrastructure,RANSOMWARE,URL,https://service-notice-1591.invalid/security/notice,Security Vendor,A,30,HIGH,57.0,FALSE_POSITIVE,2026-06-19 09:03:05,2026-07-14 16:03:05,Demo Region C,Synthetic defensive observation representing a ransomware-related risk pattern.,Impact,Data Encrypted for Impact,
THR-2026-1592,2026-10-01 09:03:05,Synthetic Ransomware Infrastructure,RANSOMWARE,URL,https://mail-protection-1592.invalid/review,Research Report,B,35,INFORMATIONAL,20.0,FALSE_POSITIVE,2026-06-26 09:03:05,2026-07-05 22:03:05,Demo Region C,Synthetic defensive observation representing a ransomware-related risk pattern.,Impact,Data Encrypted for Impact,
THR-2026-1593,2026-10-01 09:03:05,Synthetic Account Security Event,ACCOUNT SECURITY,EMAIL/SENDER DOMAIN,sender-1593.invalid,Security Vendor,A,27,MEDIUM,40.8,MONITORING,2026-09-03 09:03:05,2026-09-14 16:03:05,Demo Region C,Synthetic defensive observation representing an account-security-related risk.,Credential Access,Valid Accounts,
THR-2026-1594,2026-10-01 09:03:05,Synthetic Ransomware Indicator Cluster,RANSOMWARE,FILE HASH,567f99ef1dcbf7b318f226cf07b3047abf95c3d89e3186dc4405f2bc9c4f2c53,Internal SOC,A,68,HIGH,72.2,UNDER_REVIEW,2026-07-18 09:03:05,2026-08-09 05:03:05,Demo Region C,Synthetic defensive observation representing a ransomware-related risk pattern.,Impact,Data Encrypted for Impact,
THR-2026-1595,2026-10-01 09:03:05,Suspicious Authentication Pattern,CREDENTIAL THREATS,DOMAIN,mail-protection-1595.invalid,Security Vendor,A,70,CRITICAL,85.0,UNDER_REVIEW,2026-05-19 09:03:05,2026-05-28 03:03:05,Demo Region A,Synthetic defensive observation representing a credential-related security risk.,Credential Access,Valid Accounts,
THR-2026-1596,2026-10-01 09:03:05,Credential Exposure Indicator,CREDENTIAL THREATS,DOMAIN,security-alert-1596.invalid,Community Submission,C,83,LOW,48.2,UNDER_REVIEW,2026-06-03 09:03:05,2026-06-26 12:03:05,Not Available,Synthetic defensive observation representing a credential-related security risk.,Credential Access,Valid Accounts,
THR-2026-1597,2026-10-01 09:03:05,Suspicious Authentication Pattern,CREDENTIAL THREATS,EMAIL/SENDER DOMAIN,sender-1597.invalid,Research Report,B,50,LOW,35.0,NEW,2026-08-06 09:03:05,2026-08-10 21:03:05,Demo Region B,Synthetic defensive observation representing a credential-related security risk.,Credential Access,Valid Accounts,
THR-2026-1598,2026-10-01 09:03:05,Vulnerability Risk Assessment,VULNERABILITY EXPOSURE,IP ADDRESS,203.0.113.75,Community Submission,C,35,INFORMATIONAL,20.0,CLOSED,2026-05-24 09:03:05,2026-06-08 19:03:05,Demo Region A,Synthetic defensive observation representing potential vulnerability exposure.,Initial Access,User Execution,
THR-2026-1599,2026-10-01 09:03:05,Potential Data Exposure Pattern,DATA EXPOSURE,FILE HASH,819dc55c4e5dbcb6393bc6319df4834c1a4467882026e0c046fa30c06aed88a2,Internal SOC,A,92,HIGH,81.8,NEW,2026-09-28 09:03:05,2026-10-27 14:03:05,Demo Region A,Synthetic defensive observation representing a possible data exposure concern.,Collection,Data from Information Repositories,
THR-2026-1600,2026-10-01 09:03:05,Suspicious Account Activity,ACCOUNT SECURITY,IP ADDRESS,198.51.100.77,Community Submission,C,39,HIGH,60.6,CLOSED,2026-08-29 09:03:05,2026-09-25 04:03:05,Demo Region B,Synthetic defensive observation representing an account-security-related risk.,Credential Access,Valid Accounts,
THR-2026-1601,2026-10-01 09:03:05,Synthetic Network Infrastructure,NETWORK THREATS,FILE HASH,c10f926b451090e2c0dd404551cdcf7e9cd1e825ed161f0fcdbac3037689a433,Community Submission,C,61,MEDIUM,54.4,FALSE_POSITIVE,2026-08-31 09:03:05,2026-10-01 08:03:05,Demo Region A,Synthetic defensive observation representing a network-related security risk.,Command and Control,Application Layer Protocol,
THR-2026-1602,2026-10-01 09:03:05,Credential Exposure Indicator,CREDENTIAL THREATS,FILE HASH,7007891fe4eb754a3944e14edaa54346a09c11a27bc7fd7901090b578e332557,Internal SOC,A,42,HIGH,61.8,FALSE_POSITIVE,2026-09-11 09:03:05,2026-09-21 04:03:05,Demo Region A,Synthetic defensive observation representing a credential-related security risk.,Credential Access,Valid Accounts,
THR-2026-1603,2026-10-01 09:03:05,Suspicious Account Activity,ACCOUNT SECURITY,URL,https://security-alert-1603.invalid/identity/verify,Research Report,B,54,LOW,36.6,UNDER_REVIEW,2026-05-18 09:03:05,2026-06-02 19:03:05,Not Available,Synthetic defensive observation representing an account-security-related risk.,Credential Access,Valid Accounts,
THR-2026-1604,2026-10-01 09:03:05,Unpatched Software Awareness Record,VULNERABILITY EXPOSURE,DOMAIN,account-verify-1604.invalid,Security Vendor,A,45,HIGH,63.0,UNDER_REVIEW,2026-04-28 09:03:05,2026-05-18 01:03:05,Demo Region A,Synthetic defensive observation representing potential vulnerability exposure.,Initial Access,User Execution,
THR-2026-1605,2026-10-01 09:03:05,Social Engineering Risk Pattern,SOCIAL ENGINEERING,URL,https://service-notice-1605.invalid/security/notice,Public Threat Feed,B,36,MEDIUM,44.4,FALSE_POSITIVE,2026-09-21 09:03:05,2026-10-14 08:03:05,Demo Region B,Synthetic defensive observation representing a social-engineering-related risk.,Initial Access,Phishing,
THR-2026-1606,2026-10-01 09:03:05,Potential Data Exposure Pattern,DATA EXPOSURE,FILE HASH,705a280d773094061802ac59a52549f3a691bc1dee24e61b579d882721c9899a,Unknown Source,D,71,INFORMATIONAL,34.4,CLOSED,2026-09-25 09:03:05,2026-10-19 19:03:05,Synthetic Region,Synthetic defensive observation representing a possible data exposure concern.,Collection,Data from Information Repositories,
THR-2026-1607,2026-10-01 09:03:05,Unpatched Software Awareness Record,VULNERABILITY EXPOSURE,FILE HASH,792f87d8721d3e46527f0f2dd29d7570e8e6823d99791407dff5bd125aab59d8,Unknown Source,D,91,HIGH,81.4,NEW,2026-09-06 09:03:05,2026-09-10 08:03:05,Synthetic Region,Synthetic defensive observation representing potential vulnerability exposure.,Initial Access,User Execution,
THR-2026-1608,2026-10-01 09:03:05,Synthetic Credential Phishing Campaign,PHISHING,DOMAIN,login-check-1608.invalid,Public Threat Feed,B,51,MEDIUM,50.4,CLOSED,2026-06-23 09:03:05,2026-07-06 04:03:05,Demo Region A,Synthetic defensive observation representing a possible phishing-related indicator.,Initial Access,Phishing,
THR-2026-1609,2026-10-01 09:03:05,Synthetic Ransomware Infrastructure,RANSOMWARE,CVE ID,CVE-2025-2609,Internal SOC,A,52,INFORMATIONAL,26.8,MONITORING,2026-08-17 09:03:05,2026-09-10 15:03:05,Demo Region C,Synthetic defensive observation representing a ransomware-related risk pattern.,Impact,Data Encrypted for Impact,CVE-2025-2609
THR-2026-1610,2026-10-01 09:03:05,Suspicious Credential Collection Pattern,PHISHING,FILE HASH,a9e20108a3aa4ac578d5ccc528d889117b59b7b278624727b792c339cb3027b1,Internal SOC,A,98,LOW,54.2,UNDER_REVIEW,2026-05-29 09:03:05,2026-06-19 00:03:05,Not Available,Synthetic defensive observation representing a possible phishing-related indicator.,Initial Access,Phishing,
THR-2026-1611,2026-10-01 09:03:05,Authentication Risk Observation,ACCOUNT SECURITY,DOMAIN,system-alert-1611.invalid,Unknown Source,D,62,HIGH,69.8,NEW,2026-09-20 09:03:05,2026-09-23 16:03:05,Not Available,Synthetic defensive observation representing an account-security-related risk.,Credential Access,Valid Accounts,
THR-2026-1612,2026-10-01 09:03:05,Potential Data Exposure Pattern,DATA EXPOSURE,FILE HASH,764472ad1d11a052a349f774781a8739d587d19f6e42bf878bd31f6403a60376,Research Report,B,55,MEDIUM,52.0,NEW,2026-04-13 09:03:05,2026-05-13 02:03:05,Synthetic Region,Synthetic defensive observation representing a possible data exposure concern.,Collection,Data from Information Repositories,
THR-2026-1613,2026-10-01 09:03:05,Credential Abuse Observation,CREDENTIAL THREATS,DOMAIN,service-notice-1613.invalid,Internal SOC,A,40,MEDIUM,46.0,FALSE_POSITIVE,2026-09-04 09:03:05,2026-09-25 20:03:05,Demo Region A,Synthetic defensive observation representing a credential-related security risk.,Credential Access,Valid Accounts,
THR-2026-1614,2026-10-01 09:03:05,Synthetic Login Impersonation Campaign,PHISHING,EMAIL/SENDER DOMAIN,sender-1614.invalid,Community Submission,C,97,MEDIUM,68.8,UNDER_REVIEW,2026-09-14 09:03:05,2026-10-09 18:03:05,Not Available,Synthetic defensive observation representing a possible phishing-related indicator.,Initial Access,Phishing,
THR-2026-1615,2026-10-01 09:03:05,Suspicious Credential Collection Pattern,PHISHING,CVE ID,CVE-2025-2615,Research Report,B,46,CRITICAL,75.4,FALSE_POSITIVE,2026-04-30 09:03:05,2026-05-23 03:03:05,Not Available,Synthetic defensive observation representing a possible phishing-related indicator.,Initial Access,Phishing,CVE-2025-2615
THR-2026-1616,2026-10-01 09:03:05,Synthetic Vulnerability Observation,VULNERABILITY EXPOSURE,CVE ID,CVE-2024-2616,Internal SOC,A,83,HIGH,78.2,CLOSED,2026-05-20 09:03:05,2026-05-29 13:03:05,Not Available,Synthetic defensive observation representing potential vulnerability exposure.,Initial Access,User Execution,CVE-2024-2616
THR-2026-1617,2026-10-01 09:03:05,Authentication Risk Observation,ACCOUNT SECURITY,DOMAIN,account-verify-1617.invalid,Public Threat Feed,B,38,MEDIUM,45.2,FALSE_POSITIVE,2026-09-25 09:03:05,2026-10-20 01:03:05,Not Available,Synthetic defensive observation representing an account-security-related risk.,Credential Access,Valid Accounts,
THR-2026-1618,2026-10-01 09:03:05,Credential Abuse Observation,CREDENTIAL THREATS,DOMAIN,mail-protection-1618.invalid,Public Threat Feed,B,53,LOW,36.2,FALSE_POSITIVE,2026-08-25 09:03:05,2026-09-18 22:03:05,Not Available,Synthetic defensive observation representing a credential-related security risk.,Credential Access,Valid Accounts,
THR-2026-1619,2026-10-01 09:03:05,Synthetic Credential Phishing Campaign,PHISHING,FILE HASH,4c053d32f1cbc6f4406ac0569384d475a9c2e4ec83f00dd342bbfab86431769f,Research Report,B,96,INFORMATIONAL,44.4,CLOSED,2026-08-22 09:03:05,2026-09-04 05:03:05,Synthetic Region,Synthetic defensive observation representing a possible phishing-related indicator.,Initial Access,Phishing,
THR-2026-1620,2026-10-01 09:03:05,Fake Account Verification Activity,PHISHING,CVE ID,CVE-2025-2620,Public Threat Feed,B,52,LOW,35.8,FALSE_POSITIVE,2026-05-10 09:03:05,2026-06-10 08:03:05,Not Available,Synthetic defensive observation representing a possible phishing-related indicator.,Initial Access,Phishing,CVE-2025-2620
THR-2026-1621,2026-10-01 09:03:05,Credential Exposure Indicator,CREDENTIAL THREATS,URL,https://account-support-1621.invalid/security/notice,Security Vendor,A,91,MEDIUM,66.4,NEW,2026-04-15 09:03:05,2026-05-14 02:03:05,Demo Region C,Synthetic defensive observation representing a credential-related security risk.,Credential Access,Valid Accounts,
THR-2026-1622,2026-10-01 09:03:05,Network Communication Anomaly,NETWORK THREATS,FILE HASH,1a8ff0de41bd05d5d3ea2fc628977d7a315254ba1d4360643aacd386a02c7ad3,Unknown Source,D,43,LOW,32.2,FALSE_POSITIVE,2026-05-09 09:03:05,2026-05-28 22:03:05,Demo Region A,Synthetic defensive observation representing a network-related security risk.,Command and Control,Application Layer Protocol,
THR-2026-1623,2026-10-01 09:03:05,Ransomware Awareness Simulation,RANSOMWARE,FILE HASH,f4086fc698660c11e3ab81814470c6ebe2d10e630f76428be0a831bb70641d4a,Research Report,B,43,MEDIUM,47.2,CLOSED,2026-04-14 09:03:05,2026-04-22 11:03:05,Not Available,Synthetic defensive observation representing a ransomware-related risk pattern.,Impact,Data Encrypted for Impact,
THR-2026-1624,2026-10-01 09:03:05,Synthetic Network Threat Observation,NETWORK THREATS,FILE HASH,2358e2388cc3079da6453804fdf9f435a096cb8cfe72982cefbf39207076be9c,Internal SOC,A,52,CRITICAL,77.8,UNDER_REVIEW,2026-05-10 09:03:05,2026-05-25 22:03:05,Demo Region B,Synthetic defensive observation representing a network-related security risk.,Command and Control,Application Layer Protocol,
THR-2026-1625,2026-10-01 09:03:05,Synthetic Information Exposure,DATA EXPOSURE,URL,https://account-support-1625.invalid/security/notice,Public Threat Feed,B,40,CRITICAL,73.0,UNDER_REVIEW,2026-08-12 09:03:05,2026-09-05 17:03:05,Not Available,Synthetic defensive observation representing a possible data exposure concern.,Collection,Data from Information Repositories,
THR-2026-1626,2026-10-01 09:03:05,Credential Exposure Indicator,CREDENTIAL THREATS,EMAIL/SENDER DOMAIN,sender-1626.invalid,Community Submission,C,64,HIGH,70.6,CLOSED,2026-07-23 09:03:05,2026-08-12 10:03:05,Demo Region B,Synthetic defensive observation representing a credential-related security risk.,Credential Access,Valid Accounts,
THR-2026-1627,2026-10-01 09:03:05,Credential Exposure Indicator,CREDENTIAL THREATS,IP ADDRESS,192.0.2.104,Research Report,B,90,MEDIUM,66.0,NEW,2026-04-30 09:03:05,2026-05-12 21:03:05,Demo Region A,Synthetic defensive observation representing a credential-related security risk.,Credential Access,Valid Accounts,
THR-2026-1628,2026-10-01 09:03:05,Synthetic Vulnerability Observation,VULNERABILITY EXPOSURE,EMAIL/SENDER DOMAIN,sender-1628.invalid,Unknown Source,D,35,LOW,29.0,NEW,2026-08-12 09:03:05,2026-09-08 04:03:05,Demo Region A,Synthetic defensive observation representing potential vulnerability exposure.,Initial Access,User Execution,
THR-2026-1629,2026-10-01 09:03:05,Synthetic Malware Indicator Cluster,MALWARE,FILE HASH,ad65bd6746d405631c771546241389f60de3a28995a0f195e3ced8374bea9007,Internal SOC,A,60,MEDIUM,54.0,NEW,2026-07-17 09:03:05,2026-08-07 04:03:05,Demo Region C,Synthetic defensive observation representing a suspicious file or malware-related indicator.,Execution,User Execution,
THR-2026-1630,2026-10-01 09:03:05,Synthetic Human-Factor Threat,SOCIAL ENGINEERING,FILE HASH,04a11762031580e86bbb0eb78be2f6e30c126ac2de9ccc7f4fb17273b31132bc,Security Vendor,A,91,HIGH,81.4,NEW,2026-05-04 09:03:05,2026-06-03 23:03:05,Demo Region B,Synthetic defensive observation representing a social-engineering-related risk.,Initial Access,Phishing,
THR-2026-1631,2026-10-01 09:03:05,Synthetic Network Infrastructure,NETWORK THREATS,DOMAIN,identity-check-1631.invalid,Research Report,B,88,LOW,50.2,NEW,2026-06-09 09:03:05,2026-06-28 18:03:05,Demo Region B,Synthetic defensive observation representing a network-related security risk.,Command and Control,Application Layer Protocol,
THR-2026-1632,2026-10-01 09:03:05,Social Engineering Risk Pattern,SOCIAL ENGINEERING,DOMAIN,secure-login-1632.invalid,Unknown Source,D,77,HIGH,75.8,FALSE_POSITIVE,2026-08-28 09:03:05,2026-09-16 13:03:05,Demo Region A,Synthetic defensive observation representing a social-engineering-related risk.,Initial Access,Phishing,
THR-2026-1633,2026-10-01 09:03:05,Synthetic Malware Indicator Cluster,MALWARE,CVE ID,CVE-2025-2633,Research Report,B,85,HIGH,79.0,NEW,2026-09-18 09:03:05,2026-09-24 03:03:05,Demo Region C,Synthetic defensive observation representing a suspicious file or malware-related indicator.,Execution,User Execution,CVE-2025-2633
THR-2026-1634,2026-10-01 09:03:05,Vulnerability Risk Assessment,VULNERABILITY EXPOSURE,EMAIL/SENDER DOMAIN,sender-1634.invalid,Internal SOC,A,58,MEDIUM,53.2,NEW,2026-08-12 09:03:05,2026-08-18 15:03:05,Demo Region B,Synthetic defensive observation representing potential vulnerability exposure.,Initial Access,User Execution,
THR-2026-1635,2026-10-01 09:03:05,Synthetic Ransomware Indicator Cluster,RANSOMWARE,URL,https://service-notice-1635.invalid/review,Public Threat Feed,B,50,CRITICAL,77.0,NEW,2026-06-20 09:03:05,2026-06-23 23:03:05,Synthetic Region,Synthetic defensive observation representing a ransomware-related risk pattern.,Impact,Data Encrypted for Impact,
THR-2026-1636,2026-10-01 09:03:05,Credential Abuse Observation,CREDENTIAL THREATS,DOMAIN,security-alert-1636.invalid,Internal SOC,A,45,INFORMATIONAL,24.0,FALSE_POSITIVE,2026-06-25 09:03:05,2026-06-28 16:03:05,Demo Region B,Synthetic defensive observation representing a credential-related security risk.,Credential Access,Valid Accounts,
THR-2026-1637,2026-10-01 09:03:05,Suspicious Network Indicator Cluster,NETWORK THREATS,DOMAIN,credential-review-1637.invalid,Public Threat Feed,B,98,MEDIUM,69.2,NEW,2026-06-26 09:03:05,2026-06-29 15:03:05,Synthetic Region,Synthetic defensive observation representing a network-related security risk.,Command and Control,Application Layer Protocol,
THR-2026-1638,2026-10-01 09:03:05,Synthetic Information Exposure,DATA EXPOSURE,URL,https://identity-check-1638.invalid/security/notice,Community Submission,C,46,MEDIUM,48.4,FALSE_POSITIVE,2026-07-10 09:03:05,2026-07-11 13:03:05,Demo Region C,Synthetic defensive observation representing a possible data exposure concern.,Collection,Data from Information Repositories,
THR-2026-1639,2026-10-01 09:03:05,Synthetic Login Impersonation Campaign,PHISHING,IP ADDRESS,198.51.100.116,Security Vendor,A,31,LOW,27.4,CLOSED,2026-06-07 09:03:05,2026-06-14 06:03:05,Demo Region A,Synthetic defensive observation representing a possible phishing-related indicator.,Initial Access,Phishing,
THR-2026-1640,2026-10-01 09:03:05,Impersonation Activity Observation,SOCIAL ENGINEERING,EMAIL/SENDER DOMAIN,sender-1640.invalid,Research Report,B,43,LOW,32.2,NEW,2026-05-26 09:03:05,2026-06-17 01:03:05,Demo Region B,Synthetic defensive observation representing a social-engineering-related risk.,Initial Access,Phishing,
THR-2026-1641,2026-10-01 09:03:05,Synthetic Login Impersonation Campaign,PHISHING,DOMAIN,security-alert-1641.invalid,Security Vendor,A,93,HIGH,82.2,UNDER_REVIEW,2026-09-04 09:03:05,2026-09-24 15:03:05,Not Available,Synthetic defensive observation representing a possible phishing-related indicator.,Initial Access,Phishing,
THR-2026-1642,2026-10-01 09:03:05,File Encryption Threat Pattern,RANSOMWARE,EMAIL/SENDER DOMAIN,sender-1642.invalid,Unknown Source,D,87,MEDIUM,64.8,UNDER_REVIEW,2026-04-08 09:03:05,2026-04-27 23:03:05,Synthetic Region,Synthetic defensive observation representing a ransomware-related risk pattern.,Impact,Data Encrypted for Impact,
THR-2026-1643,2026-10-01 09:03:05,Synthetic Data Exposure Observation,DATA EXPOSURE,DOMAIN,security-alert-1643.invalid,Community Submission,C,47,HIGH,63.8,UNDER_REVIEW,2026-04-09 09:03:05,2026-04-19 22:03:05,Demo Region C,Synthetic defensive observation representing a possible data exposure concern.,Collection,Data from Information Repositories,
THR-2026-1644,2026-10-01 09:03:05,Suspicious Account Activity,ACCOUNT SECURITY,FILE HASH,7e8778b117842c9581bc54de474aaccb8c594b8ad99532f07d00ff48ceb96eb9,Unknown Source,D,94,INFORMATIONAL,43.6,CLOSED,2026-04-21 09:03:05,2026-05-04 21:03:05,Synthetic Region,Synthetic defensive observation representing an account-security-related risk.,Credential Access,Valid Accounts,
THR-2026-1645,2026-10-01 09:03:05,Synthetic Login Impersonation Campaign,PHISHING,FILE HASH,01fdfbc68aff7d575a62aadee1db1c83070864c0ab4599e62ade070927f80994,Community Submission,C,76,MEDIUM,60.4,CLOSED,2026-08-24 09:03:05,2026-09-20 09:03:05,Demo Region A,Synthetic defensive observation representing a possible phishing-related indicator.,Initial Access,Phishing,
THR-2026-1646,2026-10-01 09:03:05,Sensitive Data Protection Alert,DATA EXPOSURE,DOMAIN,security-alert-1646.invalid,Security Vendor,A,46,MEDIUM,48.4,NEW,2026-08-04 09:03:05,2026-08-24 20:03:05,Demo Region B,Synthetic defensive observation representing a possible data exposure concern.,Collection,Data from Information Repositories,
THR-2026-1647,2026-10-01 09:03:05,Synthetic Vulnerability Observation,VULNERABILITY EXPOSURE,CVE ID,CVE-2024-2647,Community Submission,C,67,INFORMATIONAL,32.8,FALSE_POSITIVE,2026-06-08 09:03:05,2026-07-07 12:03:05,Synthetic Region,Synthetic defensive observation representing potential vulnerability exposure.,Initial Access,User Execution,CVE-2024-2647
THR-2026-1648,2026-10-01 09:03:05,Ransomware Awareness Simulation,RANSOMWARE,CVE ID,CVE-2022-2648,Internal SOC,A,47,MEDIUM,48.8,FALSE_POSITIVE,2026-05-07 09:03:05,2026-05-11 19:03:05,Synthetic Region,Synthetic defensive observation representing a ransomware-related risk pattern.,Impact,Data Encrypted for Impact,CVE-2022-2648
THR-2026-1649,2026-10-01 09:03:05,Synthetic Login Impersonation Campaign,PHISHING,EMAIL/SENDER DOMAIN,sender-1649.invalid,Security Vendor,A,59,MEDIUM,53.6,NEW,2026-06-12 09:03:05,2026-07-02 04:03:05,Not Available,Synthetic defensive observation representing a possible phishing-related indicator.,Initial Access,Phishing,
THR-2026-1650,2026-10-01 09:03:05,Ransomware Awareness Simulation,RANSOMWARE,DOMAIN,login-check-1650.invalid,Community Submission,C,29,HIGH,56.6,MONITORING,2026-04-06 09:03:05,2026-04-29 16:03:05,Not Available,Synthetic defensive observation representing a ransomware-related risk pattern.,Impact,Data Encrypted for Impact,
THR-2026-1651,2026-10-01 09:03:05,Synthetic Data Exposure Observation,DATA EXPOSURE,URL,https://account-verify-1651.invalid/security/notice,Unknown Source,D,68,HIGH,72.2,MONITORING,2026-04-27 09:03:05,2026-05-14 02:03:05,Demo Region A,Synthetic defensive observation representing a possible data exposure concern.,Collection,Data from Information Repositories,
THR-2026-1652,2026-10-01 09:03:05,Network Communication Anomaly,NETWORK THREATS,FILE HASH,fe9226a1b626871202031707fb5ee36c1abadd1530c7a6ba2e287d123a005bc5,Unknown Source,D,29,MEDIUM,41.6,UNDER_REVIEW,2026-04-16 09:03:05,2026-04-30 11:03:05,Demo Region B,Synthetic defensive observation representing a network-related security risk.,Command and Control,Application Layer Protocol,
THR-2026-1653,2026-10-01 09:03:05,Synthetic Information Exposure,DATA EXPOSURE,FILE HASH,a14bda9da7e47702ea2cf52670d216391143732a022b11a39138c9578c99fc8b,Unknown Source,D,94,MEDIUM,67.6,CLOSED,2026-08-14 09:03:05,2026-08-15 04:03:05,Demo Region C,Synthetic defensive observation representing a possible data exposure concern.,Collection,Data from Information Repositories,
THR-2026-1654,2026-10-01 09:03:05,Endpoint Malware Indicator Cluster,MALWARE,EMAIL/SENDER DOMAIN,sender-1654.invalid,Research Report,B,84,INFORMATIONAL,39.6,UNDER_REVIEW,2026-04-27 09:03:05,2026-05-15 00:03:05,Not Available,Synthetic defensive observation representing a suspicious file or malware-related indicator.,Execution,User Execution,
THR-2026-1655,2026-10-01 09:03:05,Authentication Risk Observation,ACCOUNT SECURITY,EMAIL/SENDER DOMAIN,sender-1655.invalid,Research Report,B,89,HIGH,80.6,MONITORING,2026-08-22 09:03:05,2026-09-17 13:03:05,Not Available,Synthetic defensive observation representing an account-security-related risk.,Credential Access,Valid Accounts,
THR-2026-1656,2026-10-01 09:03:05,Credential Abuse Observation,CREDENTIAL THREATS,FILE HASH,d4112a3b9d4b9a1a0f0afb6c982a2fc76f3c848641655a1a7995105cf49d810c,Public Threat Feed,B,93,INFORMATIONAL,43.2,UNDER_REVIEW,2026-04-09 09:03:05,2026-04-25 09:03:05,Demo Region B,Synthetic defensive observation representing a credential-related security risk.,Credential Access,Valid Accounts,
THR-2026-1657,2026-10-01 09:03:05,Synthetic Network Infrastructure,NETWORK THREATS,IP ADDRESS,203.0.113.134,Unknown Source,D,28,LOW,26.2,MONITORING,2026-06-30 09:03:05,2026-07-24 21:03:05,Not Available,Synthetic defensive observation representing a network-related security risk.,Command and Control,Application Layer Protocol,
THR-2026-1658,2026-10-01 09:03:05,Impersonation Activity Observation,SOCIAL ENGINEERING,EMAIL/SENDER DOMAIN,sender-1658.invalid,Security Vendor,A,40,INFORMATIONAL,22.0,MONITORING,2026-07-21 09:03:05,2026-08-19 02:03:05,Demo Region C,Synthetic defensive observation representing a social-engineering-related risk.,Initial Access,Phishing,
THR-2026-1659,2026-10-01 09:03:05,Web Application Threat Observation,WEB THREATS,URL,https://account-verify-1659.invalid/identity/verify,Security Vendor,A,75,MEDIUM,60.0,UNDER_REVIEW,2026-08-26 09:03:05,2026-09-07 04:03:05,Demo Region B,Synthetic defensive observation representing a suspicious web-related indicator.,Initial Access,Phishing,
THR-2026-1660,2026-10-01 09:03:05,Synthetic Ransomware Indicator Cluster,RANSOMWARE,CVE ID,CVE-2026-2660,Research Report,B,59,HIGH,68.6,CLOSED,2026-08-05 09:03:05,2026-09-01 15:03:05,Demo Region C,Synthetic defensive observation representing a ransomware-related risk pattern.,Impact,Data Encrypted for Impact,CVE-2026-2660
THR-2026-1661,2026-10-01 09:03:05,Ransomware Awareness Simulation,RANSOMWARE,URL,https://security-alert-1661.invalid/review,Security Vendor,A,66,HIGH,71.4,MONITORING,2026-05-17 09:03:05,2026-06-10 19:03:05,Demo Region B,Synthetic defensive observation representing a ransomware-related risk pattern.,Impact,Data Encrypted for Impact,
THR-2026-1662,2026-10-01 09:03:05,Synthetic Vulnerability Observation,VULNERABILITY EXPOSURE,DOMAIN,account-support-1662.invalid,Unknown Source,D,53,LOW,36.2,UNDER_REVIEW,2026-08-05 09:03:05,2026-08-16 01:03:05,Demo Region A,Synthetic defensive observation representing potential vulnerability exposure.,Initial Access,User Execution,
THR-2026-1663,2026-10-01 09:03:05,Synthetic Information Exposure,DATA EXPOSURE,IP ADDRESS,203.0.113.140,Public Threat Feed,B,72,HIGH,73.8,MONITORING,2026-09-24 09:03:05,2026-10-25 05:03:05,Not Available,Synthetic defensive observation representing a possible data exposure concern.,Collection,Data from Information Repositories,
THR-2026-1664,2026-10-01 09:03:05,Unpatched Software Awareness Record,VULNERABILITY EXPOSURE,EMAIL/SENDER DOMAIN,sender-1664.invalid,Research Report,B,66,LOW,41.4,UNDER_REVIEW,2026-04-09 09:03:05,2026-04-18 17:03:05,Demo Region A,Synthetic defensive observation representing potential vulnerability exposure.,Initial Access,User Execution,
THR-2026-1665,2026-10-01 09:03:05,Suspicious Web Resource Pattern,WEB THREATS,CVE ID,CVE-2026-2665,Community Submission,C,90,LOW,51.0,CLOSED,2026-09-11 09:03:05,2026-10-10 12:03:05,Not Available,Synthetic defensive observation representing a suspicious web-related indicator.,Initial Access,Phishing,CVE-2026-2665
THR-2026-1666,2026-10-01 09:03:05,Synthetic Ransomware Indicator Cluster,RANSOMWARE,IP ADDRESS,192.0.2.143,Community Submission,C,67,MEDIUM,56.8,UNDER_REVIEW,2026-08-01 09:03:05,2026-08-09 10:03:05,Demo Region C,Synthetic defensive observation representing a ransomware-related risk pattern.,Impact,Data Encrypted for Impact,
THR-2026-1667,2026-10-01 09:03:05,Unpatched Software Awareness Record,VULNERABILITY EXPOSURE,URL,https://security-alert-1667.invalid/security/notice,Public Threat Feed,B,38,LOW,30.2,MONITORING,2026-07-09 09:03:05,2026-07-15 12:03:05,Demo Region B,Synthetic defensive observation representing potential vulnerability exposure.,Initial Access,User Execution,
THR-2026-1668,2026-10-01 09:03:05,Account Protection Alert,ACCOUNT SECURITY,DOMAIN,secure-login-1668.invalid,Internal SOC,A,92,MEDIUM,66.8,NEW,2026-08-01 09:03:05,2026-08-26 22:03:05,Demo Region C,Synthetic defensive observation representing an account-security-related risk.,Credential Access,Valid Accounts,
THR-2026-1669,2026-10-01 09:03:05,Synthetic Login Impersonation Campaign,PHISHING,EMAIL/SENDER DOMAIN,sender-1669.invalid,Unknown Source,D,44,LOW,32.6,NEW,2026-04-19 09:03:05,2026-05-14 12:03:05,Demo Region A,Synthetic defensive observation representing a possible phishing-related indicator.,Initial Access,Phishing,
THR-2026-1670,2026-10-01 09:03:05,Synthetic Network Infrastructure,NETWORK THREATS,DOMAIN,credential-review-1670.invalid,Internal SOC,A,92,MEDIUM,66.8,NEW,2026-04-05 09:03:05,2026-04-24 01:03:05,Not Available,Synthetic defensive observation representing a network-related security risk.,Command and Control,Application Layer Protocol,
THR-2026-1671,2026-10-01 09:03:05,Authentication Risk Observation,ACCOUNT SECURITY,CVE ID,CVE-2023-2671,Public Threat Feed,B,25,HIGH,55.0,UNDER_REVIEW,2026-06-30 09:03:05,2026-07-04 16:03:05,Synthetic Region,Synthetic defensive observation representing an account-security-related risk.,Credential Access,Valid Accounts,CVE-2023-2671
THR-2026-1672,2026-10-01 09:03:05,Ransomware Awareness Simulation,RANSOMWARE,URL,https://system-alert-1672.invalid/login,Community Submission,C,66,MEDIUM,56.4,MONITORING,2026-05-24 09:03:05,2026-06-06 23:03:05,Demo Region C,Synthetic defensive observation representing a ransomware-related risk pattern.,Impact,Data Encrypted for Impact,
THR-2026-1673,2026-10-01 09:03:05,Synthetic Ransomware Infrastructure,RANSOMWARE,DOMAIN,credential-review-1673.invalid,Public Threat Feed,B,90,HIGH,81.0,UNDER_REVIEW,2026-04-12 09:03:05,2026-04-21 02:03:05,Not Available,Synthetic defensive observation representing a ransomware-related risk pattern.,Impact,Data Encrypted for Impact,
THR-2026-1674,2026-10-01 09:03:05,Synthetic Network Threat Observation,NETWORK THREATS,URL,https://account-support-1674.invalid/security/notice,Public Threat Feed,B,41,LOW,31.4,MONITORING,2026-04-26 09:03:05,2026-05-25 12:03:05,Synthetic Region,Synthetic defensive observation representing a network-related security risk.,Command and Control,Application Layer Protocol,
THR-2026-1675,2026-10-01 09:03:05,Fake Account Verification Activity,PHISHING,DOMAIN,login-check-1675.invalid,Security Vendor,A,30,HIGH,57.0,UNDER_REVIEW,2026-07-14 09:03:05,2026-07-26 05:03:05,Not Available,Synthetic defensive observation representing a possible phishing-related indicator.,Initial Access,Phishing,
THR-2026-1676,2026-10-01 09:03:05,Synthetic Malware Indicator Cluster,MALWARE,DOMAIN,account-verify-1676.invalid,Public Threat Feed,B,39,MEDIUM,45.6,MONITORING,2026-07-11 09:03:05,2026-07-13 15:03:05,Demo Region C,Synthetic defensive observation representing a suspicious file or malware-related indicator.,Execution,User Execution,
THR-2026-1677,2026-10-01 09:03:05,Social Engineering Risk Pattern,SOCIAL ENGINEERING,IP ADDRESS,203.0.113.154,Community Submission,C,79,LOW,46.6,MONITORING,2026-08-15 09:03:05,2026-09-05 12:03:05,Demo Region C,Synthetic defensive observation representing a social-engineering-related risk.,Initial Access,Phishing,
THR-2026-1678,2026-10-01 09:03:05,Potential Data Exposure Pattern,DATA EXPOSURE,EMAIL/SENDER DOMAIN,sender-1678.invalid,Community Submission,C,74,MEDIUM,59.6,UNDER_REVIEW,2026-04-25 09:03:05,2026-05-18 00:03:05,Synthetic Region,Synthetic defensive observation representing a possible data exposure concern.,Collection,Data from Information Repositories,
THR-2026-1679,2026-10-01 09:03:05,Synthetic Vulnerability Exposure,VULNERABILITY EXPOSURE,FILE HASH,2d6b587b32f02969bf0c9c36754a7fa495a2b1d8274ed23b518b9dbd304bc015,Unknown Source,D,62,HIGH,69.8,MONITORING,2026-06-17 09:03:05,2026-06-22 08:03:05,Demo Region B,Synthetic defensive observation representing potential vulnerability exposure.,Initial Access,User Execution,
THR-2026-1680,2026-10-01 09:03:05,Potential Data Exposure Pattern,DATA EXPOSURE,CVE ID,CVE-2023-2680,Security Vendor,A,61,HIGH,69.4,NEW,2026-09-13 09:03:05,2026-09-29 15:03:05,Not Available,Synthetic defensive observation representing a possible data exposure concern.,Collection,Data from Information Repositories,CVE-2023-2680
THR-2026-1681,2026-10-01 09:03:05,Synthetic Ransomware Indicator Cluster,RANSOMWARE,DOMAIN,security-alert-1681.invalid,Unknown Source,D,43,LOW,32.2,CLOSED,2026-09-29 09:03:05,2026-10-19 18:03:05,Demo Region A,Synthetic defensive observation representing a ransomware-related risk pattern.,Impact,Data Encrypted for Impact,
THR-2026-1682,2026-10-01 09:03:05,Suspicious Credential Collection Pattern,PHISHING,IP ADDRESS,203.0.113.159,Research Report,B,58,LOW,38.2,NEW,2026-08-21 09:03:05,2026-08-28 07:03:05,Demo Region C,Synthetic defensive observation representing a possible phishing-related indicator.,Initial Access,Phishing,
THR-2026-1683,2026-10-01 09:03:05,Sensitive Data Protection Alert,DATA EXPOSURE,DOMAIN,credential-review-1683.invalid,Unknown Source,D,36,MEDIUM,44.4,CLOSED,2026-06-06 09:03:05,2026-06-11 14:03:05,Synthetic Region,Synthetic defensive observation representing a possible data exposure concern.,Collection,Data from Information Repositories,
THR-2026-1684,2026-10-01 09:03:05,Synthetic Network Threat Observation,NETWORK THREATS,URL,https://service-notice-1684.invalid/identity/verify,Security Vendor,A,86,MEDIUM,64.4,UNDER_REVIEW,2026-06-25 09:03:05,2026-06-30 03:03:05,Demo Region C,Synthetic defensive observation representing a network-related security risk.,Command and Control,Application Layer Protocol,
THR-2026-1685,2026-10-01 09:03:05,Suspicious Account Activity,ACCOUNT SECURITY,IP ADDRESS,203.0.113.162,Research Report,B,83,HIGH,78.2,NEW,2026-04-15 09:03:05,2026-05-02 16:03:05,Synthetic Region,Synthetic defensive observation representing an account-security-related risk.,Credential Access,Valid Accounts,
THR-2026-1686,2026-10-01 09:03:05,Potential Data Exposure Pattern,DATA EXPOSURE,DOMAIN,credential-review-1686.invalid,Security Vendor,A,85,CRITICAL,91.0,UNDER_REVIEW,2026-09-14 09:03:05,2026-09-29 06:03:05,Demo Region B,Synthetic defensive observation representing a possible data exposure concern.,Collection,Data from Information Repositories,
THR-2026-1687,2026-10-01 09:03:05,Synthetic Account Credential Threat,CREDENTIAL THREATS,EMAIL/SENDER DOMAIN,sender-1687.invalid,Internal SOC,A,48,MEDIUM,49.2,FALSE_POSITIVE,2026-07-09 09:03:05,2026-07-14 14:03:05,Not Available,Synthetic defensive observation representing a credential-related security risk.,Credential Access,Valid Accounts,
THR-2026-1688,2026-10-01 09:03:05,Suspicious Account Activity,ACCOUNT SECURITY,DOMAIN,secure-login-1688.invalid,Unknown Source,D,37,HIGH,59.8,UNDER_REVIEW,2026-06-13 09:03:05,2026-07-08 19:03:05,Demo Region C,Synthetic defensive observation representing an account-security-related risk.,Credential Access,Valid Accounts,
THR-2026-1689,2026-10-01 09:03:05,Potential Data Exposure Pattern,DATA EXPOSURE,EMAIL/SENDER DOMAIN,sender-1689.invalid,Public Threat Feed,B,46,LOW,33.4,FALSE_POSITIVE,2026-04-16 09:03:05,2026-04-28 07:03:05,Not Available,Synthetic defensive observation representing a possible data exposure concern.,Collection,Data from Information Repositories,
THR-2026-1690,2026-10-01 09:03:05,Credential Abuse Observation,CREDENTIAL THREATS,URL,https://system-alert-1690.invalid/security/notice,Research Report,B,40,LOW,31.0,UNDER_REVIEW,2026-04-18 09:03:05,2026-05-03 08:03:05,Demo Region B,Synthetic defensive observation representing a credential-related security risk.,Credential Access,Valid Accounts,
THR-2026-1691,2026-10-01 09:03:05,Synthetic Vulnerability Exposure,VULNERABILITY EXPOSURE,URL,https://mail-protection-1691.invalid/verify,Public Threat Feed,B,58,MEDIUM,53.2,CLOSED,2026-05-06 09:03:05,2026-06-01 00:03:05,Demo Region B,Synthetic defensive observation representing potential vulnerability exposure.,Initial Access,User Execution,
THR-2026-1692,2026-10-01 09:03:05,Synthetic Account Security Event,ACCOUNT SECURITY,EMAIL/SENDER DOMAIN,sender-1692.invalid,Community Submission,C,48,MEDIUM,49.2,MONITORING,2026-08-17 09:03:05,2026-08-31 11:03:05,Demo Region A,Synthetic defensive observation representing an account-security-related risk.,Credential Access,Valid Accounts,
THR-2026-1693,2026-10-01 09:03:05,Suspicious Authentication Pattern,CREDENTIAL THREATS,CVE ID,CVE-2026-2693,Research Report,B,92,MEDIUM,66.8,FALSE_POSITIVE,2026-09-02 09:03:05,2026-09-09 00:03:05,Demo Region B,Synthetic defensive observation representing a credential-related security risk.,Credential Access,Valid Accounts,CVE-2026-2693
THR-2026-1694,2026-10-01 09:03:05,Potential Data Exposure Pattern,DATA EXPOSURE,EMAIL/SENDER DOMAIN,sender-1694.invalid,Internal SOC,A,44,LOW,32.6,CLOSED,2026-04-11 09:03:05,2026-05-05 12:03:05,Demo Region C,Synthetic defensive observation representing a possible data exposure concern.,Collection,Data from Information Repositories,
THR-2026-1695,2026-10-01 09:03:05,Suspicious Credential Collection Pattern,PHISHING,EMAIL/SENDER DOMAIN,sender-1695.invalid,Internal SOC,A,29,LOW,26.6,CLOSED,2026-07-25 09:03:05,2026-08-19 02:03:05,Not Available,Synthetic defensive observation representing a possible phishing-related indicator.,Initial Access,Phishing,
THR-2026-1696,2026-10-01 09:03:05,Sensitive Data Protection Alert,DATA EXPOSURE,EMAIL/SENDER DOMAIN,sender-1696.invalid,Research Report,B,97,MEDIUM,68.8,MONITORING,2026-07-03 09:03:05,2026-07-24 15:03:05,Not Available,Synthetic defensive observation representing a possible data exposure concern.,Collection,Data from Information Repositories,
THR-2026-1697,2026-10-01 09:03:05,Synthetic Ransomware Infrastructure,RANSOMWARE,DOMAIN,system-alert-1697.invalid,Internal SOC,A,32,MEDIUM,42.8,CLOSED,2026-08-10 09:03:05,2026-08-10 17:03:05,Demo Region B,Synthetic defensive observation representing a ransomware-related risk pattern.,Impact,Data Encrypted for Impact,
THR-2026-1698,2026-10-01 09:03:05,Synthetic Malicious File Pattern,MALWARE,EMAIL/SENDER DOMAIN,sender-1698.invalid,Public Threat Feed,B,98,HIGH,84.2,NEW,2026-09-02 09:03:05,2026-09-16 11:03:05,Demo Region B,Synthetic defensive observation representing a suspicious file or malware-related indicator.,Execution,User Execution,
THR-2026-1699,2026-10-01 09:03:05,Suspicious Account Activity,ACCOUNT SECURITY,IP ADDRESS,192.0.2.176,Security Vendor,A,98,HIGH,84.2,UNDER_REVIEW,2026-05-03 09:03:05,2026-05-26 20:03:05,Demo Region A,Synthetic defensive observation representing an account-security-related risk.,Credential Access,Valid Accounts,
THR-2026-1700,2026-10-01 09:03:05,Credential Exposure Indicator,CREDENTIAL THREATS,FILE HASH,0c3003ba6907a31fbc6ac850cfe5240826b68ec13cae5bc9d6e24f4e1fdb4e6f,Security Vendor,A,90,HIGH,81.0,UNDER_REVIEW,2026-09-16 09:03:05,2026-10-05 15:03:05,Not Available,Synthetic defensive observation representing a credential-related security risk.,Credential Access,Valid Accounts,
THR-2026-1701,2026-10-01 09:03:05,Impersonation Activity Observation,SOCIAL ENGINEERING,IP ADDRESS,192.0.2.178,Internal SOC,A,88,HIGH,80.2,NEW,2026-04-28 09:03:05,2026-05-28 12:03:05,Synthetic Region,Synthetic defensive observation representing a social-engineering-related risk.,Initial Access,Phishing,
THR-2026-1702,2026-10-01 09:03:05,Ransomware Awareness Simulation,RANSOMWARE,CVE ID,CVE-2023-2702,Internal SOC,A,45,LOW,33.0,CLOSED,2026-04-08 09:03:05,2026-05-08 07:03:05,Synthetic Region,Synthetic defensive observation representing a ransomware-related risk pattern.,Impact,Data Encrypted for Impact,CVE-2023-2702
THR-2026-1703,2026-10-01 09:03:05,Synthetic Ransomware Indicator Cluster,RANSOMWARE,IP ADDRESS,192.0.2.180,Internal SOC,A,36,MEDIUM,44.4,UNDER_REVIEW,2026-09-02 09:03:05,2026-09-14 21:03:05,Demo Region B,Synthetic defensive observation representing a ransomware-related risk pattern.,Impact,Data Encrypted for Impact,
THR-2026-1704,2026-10-01 09:03:05,Suspicious Credential Collection Pattern,PHISHING,IP ADDRESS,203.0.113.181,Security Vendor,A,82,HIGH,77.8,UNDER_REVIEW,2026-07-05 09:03:05,2026-07-27 08:03:05,Demo Region B,Synthetic defensive observation representing a possible phishing-related indicator.,Initial Access,Phishing,
THR-2026-1705,2026-10-01 09:03:05,Synthetic Account Security Event,ACCOUNT SECURITY,CVE ID,CVE-2023-2705,Security Vendor,A,98,INFORMATIONAL,45.2,NEW,2026-06-12 09:03:05,2026-06-24 19:03:05,Not Available,Synthetic defensive observation representing an account-security-related risk.,Credential Access,Valid Accounts,CVE-2023-2705
THR-2026-1706,2026-10-01 09:03:05,File Encryption Threat Pattern,RANSOMWARE,FILE HASH,3241a6e62b748f9a39dac3ee18ed5935b1797ec820b8671b3ed39cf9391e902c,Community Submission,C,63,MEDIUM,55.2,NEW,2026-09-04 09:03:05,2026-09-08 18:03:05,Demo Region A,Synthetic defensive observation representing a ransomware-related risk pattern.,Impact,Data Encrypted for Impact,
THR-2026-1707,2026-10-01 09:03:05,Web Application Threat Observation,WEB THREATS,IP ADDRESS,203.0.113.184,Security Vendor,A,92,HIGH,81.8,NEW,2026-07-06 09:03:05,2026-08-02 09:03:05,Demo Region B,Synthetic defensive observation representing a suspicious web-related indicator.,Initial Access,Phishing,
THR-2026-1708,2026-10-01 09:03:05,Account Protection Alert,ACCOUNT SECURITY,URL,https://secure-login-1708.invalid/account/check,Unknown Source,D,49,INFORMATIONAL,25.6,NEW,2026-06-29 09:03:05,2026-07-29 20:03:05,Demo Region A,Synthetic defensive observation representing an account-security-related risk.,Credential Access,Valid Accounts,
THR-2026-1709,2026-10-01 09:03:05,Credential Exposure Indicator,CREDENTIAL THREATS,CVE ID,CVE-2026-2709,Unknown Source,D,41,MEDIUM,46.4,CLOSED,2026-05-04 09:03:05,2026-05-19 09:03:05,Demo Region B,Synthetic defensive observation representing a credential-related security risk.,Credential Access,Valid Accounts,CVE-2026-2709
THR-2026-1710,2026-10-01 09:03:05,Endpoint Malware Indicator Cluster,MALWARE,DOMAIN,identity-check-1710.invalid,Community Submission,C,70,LOW,43.0,UNDER_REVIEW,2026-07-09 09:03:05,2026-07-26 20:03:05,Demo Region C,Synthetic defensive observation representing a suspicious file or malware-related indicator.,Execution,User Execution,
THR-2026-1711,2026-10-01 09:03:05,Credential Abuse Observation,CREDENTIAL THREATS,IP ADDRESS,198.51.100.188,Internal SOC,A,44,CRITICAL,74.6,MONITORING,2026-08-25 09:03:05,2026-09-09 10:03:05,Demo Region A,Synthetic defensive observation representing a credential-related security risk.,Credential Access,Valid Accounts,
THR-2026-1712,2026-10-01 09:03:05,Suspicious Account Activity,ACCOUNT SECURITY,DOMAIN,credential-review-1712.invalid,Public Threat Feed,B,88,LOW,50.2,NEW,2026-09-15 09:03:05,2026-09-21 04:03:05,Synthetic Region,Synthetic defensive observation representing an account-security-related risk.,Credential Access,Valid Accounts,
THR-2026-1713,2026-10-01 09:03:05,Synthetic Vulnerability Exposure,VULNERABILITY EXPOSURE,FILE HASH,c27bb4914e95cc793e4d810d7f07108e0f0b3aad8b770691efbb4f330c3d19a5,Security Vendor,A,54,INFORMATIONAL,27.6,MONITORING,2026-08-29 09:03:05,2026-09-25 18:03:05,Demo Region C,Synthetic defensive observation representing potential vulnerability exposure.,Initial Access,User Execution,
THR-2026-1714,2026-10-01 09:03:05,Suspicious Web Infrastructure,WEB THREATS,DOMAIN,login-check-1714.invalid,Internal SOC,A,61,LOW,39.4,MONITORING,2026-07-29 09:03:05,2026-07-30 12:03:05,Not Available,Synthetic defensive observation representing a suspicious web-related indicator.,Initial Access,Phishing,
THR-2026-1715,2026-10-01 09:03:05,Synthetic Vulnerability Exposure,VULNERABILITY EXPOSURE,FILE HASH,fd2b931bee4e3d878f6cc02bbfd0858e457125afeae98d63b744ad870b576a80,Public Threat Feed,B,82,HIGH,77.8,CLOSED,2026-06-14 09:03:05,2026-07-12 18:03:05,Demo Region C,Synthetic defensive observation representing potential vulnerability exposure.,Initial Access,User Execution,
THR-2026-1716,2026-10-01 09:03:05,Suspicious Account Activity,ACCOUNT SECURITY,CVE ID,CVE-2024-2716,Security Vendor,A,79,MEDIUM,61.6,MONITORING,2026-07-29 09:03:05,2026-08-07 00:03:05,Demo Region B,Synthetic defensive observation representing an account-security-related risk.,Credential Access,Valid Accounts,CVE-2024-2716
THR-2026-1717,2026-10-01 09:03:05,Impersonation Activity Observation,SOCIAL ENGINEERING,FILE HASH,4ca08115555ab5480f915cef28232aa9528bfc7d0350cf1183bf7d724307956e,Internal SOC,A,32,INFORMATIONAL,18.8,CLOSED,2026-05-22 09:03:05,2026-05-25 10:03:05,Demo Region A,Synthetic defensive observation representing a social-engineering-related risk.,Initial Access,Phishing,
THR-2026-1718,2026-10-01 09:03:05,Synthetic Data Exposure Observation,DATA EXPOSURE,DOMAIN,security-alert-1718.invalid,Internal SOC,A,60,MEDIUM,54.0,NEW,2026-05-28 09:03:05,2026-06-02 22:03:05,Not Available,Synthetic defensive observation representing a possible data exposure concern.,Collection,Data from Information Repositories,
THR-2026-1719,2026-10-01 09:03:05,Synthetic Data Exposure Observation,DATA EXPOSURE,IP ADDRESS,203.0.113.196,Internal SOC,A,82,MEDIUM,62.8,NEW,2026-08-24 09:03:05,2026-09-11 09:03:05,Demo Region C,Synthetic defensive observation representing a possible data exposure concern.,Collection,Data from Information Repositories,
THR-2026-1720,2026-10-01 09:03:05,Synthetic Human-Factor Threat,SOCIAL ENGINEERING,IP ADDRESS,192.0.2.197,Research Report,B,77,MEDIUM,60.8,MONITORING,2026-09-04 09:03:05,2026-09-11 10:03:05,Demo Region B,Synthetic defensive observation representing a social-engineering-related risk.,Initial Access,Phishing,
THR-2026-1721,2026-10-01 09:03:05,Endpoint Malware Indicator Cluster,MALWARE,IP ADDRESS,198.51.100.198,Public Threat Feed,B,92,MEDIUM,66.8,NEW,2026-05-28 09:03:05,2026-06-06 15:03:05,Demo Region B,Synthetic defensive observation representing a suspicious file or malware-related indicator.,Execution,User Execution,
THR-2026-1722,2026-10-01 09:03:05,Suspicious Authentication Pattern,CREDENTIAL THREATS,IP ADDRESS,192.0.2.199,Public Threat Feed,B,48,MEDIUM,49.2,CLOSED,2026-05-17 09:03:05,2026-06-14 01:03:05,Synthetic Region,Synthetic defensive observation representing a credential-related security risk.,Credential Access,Valid Accounts,
THR-2026-1723,2026-10-01 09:03:05,Synthetic Vulnerability Observation,VULNERABILITY EXPOSURE,EMAIL/SENDER DOMAIN,sender-1723.invalid,Security Vendor,A,28,LOW,26.2,UNDER_REVIEW,2026-08-31 09:03:05,2026-09-17 09:03:05,Demo Region B,Synthetic defensive observation representing potential vulnerability exposure.,Initial Access,User Execution,
THR-2026-1724,2026-10-01 09:03:05,Account Protection Alert,ACCOUNT SECURITY,FILE HASH,98f50a0e213e9105351f283850f56ab5c59671df467c415c3e3e0fd93cd92c29,Public Threat Feed,B,81,HIGH,77.4,NEW,2026-06-11 09:03:05,2026-07-09 21:03:05,Demo Region B,Synthetic defensive observation representing an account-security-related risk.,Credential Access,Valid Accounts,
THR-2026-1725,2026-10-01 09:03:05,Synthetic Network Threat Observation,NETWORK THREATS,EMAIL/SENDER DOMAIN,sender-1725.invalid,Security Vendor,A,55,INFORMATIONAL,28.0,NEW,2026-04-04 09:03:05,2026-05-02 00:03:05,Demo Region A,Synthetic defensive observation representing a network-related security risk.,Command and Control,Application Layer Protocol,
THR-2026-1726,2026-10-01 09:03:05,Suspicious Web Infrastructure,WEB THREATS,FILE HASH,872de0dd5e0580ecb44ad4d0fcc105917dd996957dfb771a245a5da6922c27da,Unknown Source,D,67,LOW,41.8,CLOSED,2026-05-03 09:03:05,2026-05-03 11:03:05,Demo Region A,Synthetic defensive observation representing a suspicious web-related indicator.,Initial Access,Phishing,
THR-2026-1727,2026-10-01 09:03:05,Authentication Risk Observation,ACCOUNT SECURITY,FILE HASH,4776742a265c41cb8f124d98396031ccb65f4101f17ad797eb6b0441fffcb899,Internal SOC,A,57,LOW,37.8,UNDER_REVIEW,2026-09-25 09:03:05,2026-10-19 05:03:05,Not Available,Synthetic defensive observation representing an account-security-related risk.,Credential Access,Valid Accounts,
THR-2026-1728,2026-10-01 09:03:05,Synthetic Data Exposure Observation,DATA EXPOSURE,EMAIL/SENDER DOMAIN,sender-1728.invalid,Unknown Source,D,97,INFORMATIONAL,44.8,UNDER_REVIEW,2026-04-22 09:03:05,2026-05-14 17:03:05,Demo Region C,Synthetic defensive observation representing a possible data exposure concern.,Collection,Data from Information Repositories,
THR-2026-1729,2026-10-01 09:03:05,Endpoint Malware Indicator Cluster,MALWARE,URL,https://account-verify-1729.invalid/verify,Internal SOC,A,89,LOW,50.6,FALSE_POSITIVE,2026-05-03 09:03:05,2026-05-13 05:03:05,Synthetic Region,Synthetic defensive observation representing a suspicious file or malware-related indicator.,Execution,User Execution,
THR-2026-1730,2026-10-01 09:03:05,Synthetic Data Exposure Observation,DATA EXPOSURE,FILE HASH,e1b06979c146c88fa8a84cb045ddeb63975a2c8d0c6a9299fb604681d1ec9f76,Research Report,B,50,MEDIUM,50.0,CLOSED,2026-05-02 09:03:05,2026-05-17 06:03:05,Synthetic Region,Synthetic defensive observation representing a possible data exposure concern.,Collection,Data from Information Repositories,
THR-2026-1731,2026-10-01 09:03:05,Synthetic Account Security Event,ACCOUNT SECURITY,EMAIL/SENDER DOMAIN,sender-1731.invalid,Research Report,B,38,HIGH,60.2,CLOSED,2026-06-25 09:03:05,2026-07-25 12:03:05,Demo Region B,Synthetic defensive observation representing an account-security-related risk.,Credential Access,Valid Accounts,
THR-2026-1732,2026-10-01 09:03:05,Web Application Threat Observation,WEB THREATS,IP ADDRESS,198.51.100.209,Security Vendor,A,59,MEDIUM,53.6,UNDER_REVIEW,2026-08-02 09:03:05,2026-08-28 14:03:05,Synthetic Region,Synthetic defensive observation representing a suspicious web-related indicator.,Initial Access,Phishing,
THR-2026-1733,2026-10-01 09:03:05,Credential Abuse Observation,CREDENTIAL THREATS,CVE ID,CVE-2026-2733,Community Submission,C,62,MEDIUM,54.8,NEW,2026-05-08 09:03:05,2026-06-06 12:03:05,Demo Region A,Synthetic defensive observation representing a credential-related security risk.,Credential Access,Valid Accounts,CVE-2026-2733
THR-2026-1734,2026-10-01 09:03:05,Suspicious Web Resource Pattern,WEB THREATS,DOMAIN,secure-login-1734.invalid,Internal SOC,A,42,HIGH,61.8,UNDER_REVIEW,2026-08-07 09:03:05,2026-08-21 10:03:05,Not Available,Synthetic defensive observation representing a suspicious web-related indicator.,Initial Access,Phishing,
THR-2026-1735,2026-10-01 09:03:05,Synthetic Malicious File Pattern,MALWARE,IP ADDRESS,198.51.100.212,Unknown Source,D,45,INFORMATIONAL,24.0,FALSE_POSITIVE,2026-04-13 09:03:05,2026-05-04 09:03:05,Demo Region A,Synthetic defensive observation representing a suspicious file or malware-related indicator.,Execution,User Execution,
THR-2026-1736,2026-10-01 09:03:05,Endpoint Malware Indicator Cluster,MALWARE,DOMAIN,service-notice-1736.invalid,Community Submission,C,98,HIGH,84.2,NEW,2026-05-01 09:03:05,2026-05-18 03:03:05,Demo Region B,Synthetic defensive observation representing a suspicious file or malware-related indicator.,Execution,User Execution,
THR-2026-1737,2026-10-01 09:03:05,Synthetic Malware Indicator Cluster,MALWARE,FILE HASH,82408a2d57ddf930172aefb100519424ad543d339354aa2bddec1d352fa7d5c9,Community Submission,C,93,HIGH,82.2,MONITORING,2026-04-23 09:03:05,2026-05-11 18:03:05,Demo Region A,Synthetic defensive observation representing a suspicious file or malware-related indicator.,Execution,User Execution,
THR-2026-1738,2026-10-01 09:03:05,Unpatched Software Awareness Record,VULNERABILITY EXPOSURE,URL,https://identity-check-1738.invalid/identity/verify,Research Report,B,40,LOW,31.0,CLOSED,2026-07-01 09:03:05,2026-07-18 01:03:05,Not Available,Synthetic defensive observation representing potential vulnerability exposure.,Initial Access,User Execution,
THR-2026-1739,2026-10-01 09:03:05,Synthetic Information Exposure,DATA EXPOSURE,URL,https://credential-review-1739.invalid/verify,Internal SOC,A,32,MEDIUM,42.8,MONITORING,2026-07-26 09:03:05,2026-08-12 10:03:05,Synthetic Region,Synthetic defensive observation representing a possible data exposure concern.,Collection,Data from Information Repositories,
THR-2026-1740,2026-10-01 09:03:05,Social Engineering Risk Pattern,SOCIAL ENGINEERING,CVE ID,CVE-2022-2740,Security Vendor,A,48,HIGH,64.2,CLOSED,2026-06-25 09:03:05,2026-07-13 11:03:05,Not Available,Synthetic defensive observation representing a social-engineering-related risk.,Initial Access,Phishing,CVE-2022-2740
THR-2026-1741,2026-10-01 09:03:05,Synthetic Malicious File Pattern,MALWARE,CVE ID,CVE-2022-2741,Research Report,B,90,CRITICAL,93.0,MONITORING,2026-04-11 09:03:05,2026-05-08 03:03:05,Demo Region B,Synthetic defensive observation representing a suspicious file or malware-related indicator.,Execution,User Execution,CVE-2022-2741
THR-2026-1742,2026-10-01 09:03:05,Vulnerability Risk Assessment,VULNERABILITY EXPOSURE,EMAIL/SENDER DOMAIN,sender-1742.invalid,Research Report,B,44,HIGH,62.6,MONITORING,2026-06-22 09:03:05,2026-07-11 06:03:05,Demo Region A,Synthetic defensive observation representing potential vulnerability exposure.,Initial Access,User Execution,
THR-2026-1743,2026-10-01 09:03:05,Suspicious Credential Collection Pattern,PHISHING,EMAIL/SENDER DOMAIN,sender-1743.invalid,Public Threat Feed,B,40,MEDIUM,46.0,MONITORING,2026-09-08 09:03:05,2026-10-04 03:03:05,Demo Region A,Synthetic defensive observation representing a possible phishing-related indicator.,Initial Access,Phishing,
THR-2026-1744,2026-10-01 09:03:05,Unpatched Software Awareness Record,VULNERABILITY EXPOSURE,IP ADDRESS,198.51.100.221,Security Vendor,A,56,HIGH,67.4,CLOSED,2026-05-29 09:03:05,2026-06-08 06:03:05,Demo Region C,Synthetic defensive observation representing potential vulnerability exposure.,Initial Access,User Execution,
THR-2026-1745,2026-10-01 09:03:05,Synthetic Network Infrastructure,NETWORK THREATS,IP ADDRESS,198.51.100.222,Security Vendor,A,75,MEDIUM,60.0,FALSE_POSITIVE,2026-07-18 09:03:05,2026-08-07 10:03:05,Demo Region C,Synthetic defensive observation representing a network-related security risk.,Command and Control,Application Layer Protocol,
THR-2026-1746,2026-10-01 09:03:05,Synthetic Vulnerability Observation,VULNERABILITY EXPOSURE,FILE HASH,d8bd3cea974d17355546e2c8f64e6c96ca6efce9cc0103d16dad4f1f779a2a36,Internal SOC,A,79,HIGH,76.6,NEW,2026-07-24 09:03:05,2026-08-08 01:03:05,Demo Region B,Synthetic defensive observation representing potential vulnerability exposure.,Initial Access,User Execution,
THR-2026-1747,2026-10-01 09:03:05,Impersonation Activity Observation,SOCIAL ENGINEERING,IP ADDRESS,192.0.2.224,Research Report,B,38,MEDIUM,45.2,MONITORING,2026-08-25 09:03:05,2026-08-30 20:03:05,Synthetic Region,Synthetic defensive observation representing a social-engineering-related risk.,Initial Access,Phishing,
THR-2026-1748,2026-10-01 09:03:05,Synthetic Information Exposure,DATA EXPOSURE,EMAIL/SENDER DOMAIN,sender-1748.invalid,Community Submission,C,89,LOW,50.6,FALSE_POSITIVE,2026-08-05 09:03:05,2026-08-14 02:03:05,Not Available,Synthetic defensive observation representing a possible data exposure concern.,Collection,Data from Information Repositories,
THR-2026-1749,2026-10-01 09:03:05,Synthetic Account Credential Threat,CREDENTIAL THREATS,EMAIL/SENDER DOMAIN,sender-1749.invalid,Security Vendor,A,80,INFORMATIONAL,38.0,CLOSED,2026-07-26 09:03:05,2026-08-08 00:03:05,Not Available,Synthetic defensive observation representing a credential-related security risk.,Credential Access,Valid Accounts,
THR-2026-1750,2026-10-01 09:03:05,Suspicious Account Activity,ACCOUNT SECURITY,EMAIL/SENDER DOMAIN,sender-1750.invalid,Community Submission,C,27,INFORMATIONAL,16.8,NEW,2026-09-14 09:03:05,2026-09-16 18:03:05,Demo Region B,Synthetic defensive observation representing an account-security-related risk.,Credential Access,Valid Accounts,
THR-2026-1751,2026-10-01 09:03:05,Synthetic Account Security Event,ACCOUNT SECURITY,CVE ID,CVE-2023-2751,Security Vendor,A,45,MEDIUM,48.0,CLOSED,2026-06-18 09:03:05,2026-06-21 16:03:05,Synthetic Region,Synthetic defensive observation representing an account-security-related risk.,Credential Access,Valid Accounts,CVE-2023-2751
THR-2026-1752,2026-10-01 09:03:05,Suspicious Credential Collection Pattern,PHISHING,URL,https://account-verify-1752.invalid/account/check,Public Threat Feed,B,57,INFORMATIONAL,28.8,NEW,2026-05-11 09:03:05,2026-05-27 12:03:05,Demo Region C,Synthetic defensive observation representing a possible phishing-related indicator.,Initial Access,Phishing,
THR-2026-1753,2026-10-01 09:03:05,Synthetic Ransomware Infrastructure,RANSOMWARE,URL,https://identity-check-1753.invalid/security/notice,Internal SOC,A,58,MEDIUM,53.2,UNDER_REVIEW,2026-04-26 09:03:05,2026-04-29 22:03:05,Demo Region A,Synthetic defensive observation representing a ransomware-related risk pattern.,Impact,Data Encrypted for Impact,
THR-2026-1754,2026-10-01 09:03:05,Suspicious Web Infrastructure,WEB THREATS,URL,https://login-check-1754.invalid/identity/verify,Research Report,B,33,MEDIUM,43.2,UNDER_REVIEW,2026-05-30 09:03:05,2026-06-28 08:03:05,Not Available,Synthetic defensive observation representing a suspicious web-related indicator.,Initial Access,Phishing,
THR-2026-1755,2026-10-01 09:03:05,Suspicious Web Infrastructure,WEB THREATS,EMAIL/SENDER DOMAIN,sender-1755.invalid,Unknown Source,D,94,MEDIUM,67.6,CLOSED,2026-09-20 09:03:05,2026-10-08 02:03:05,Synthetic Region,Synthetic defensive observation representing a suspicious web-related indicator.,Initial Access,Phishing,
THR-2026-1756,2026-10-01 09:03:05,Potential Data Exposure Pattern,DATA EXPOSURE,DOMAIN,security-alert-1756.invalid,Public Threat Feed,B,81,LOW,47.4,FALSE_POSITIVE,2026-06-17 09:03:05,2026-07-03 12:03:05,Demo Region C,Synthetic defensive observation representing a possible data exposure concern.,Collection,Data from Information Repositories,
THR-2026-1757,2026-10-01 09:03:05,File Encryption Threat Pattern,RANSOMWARE,FILE HASH,fcf0e8b00be04a315e03624f6efff4f80b7de00c9bf2aced74873d2a33ed3b18,Research Report,B,94,CRITICAL,94.6,UNDER_REVIEW,2026-04-26 09:03:05,2026-05-18 02:03:05,Not Available,Synthetic defensive observation representing a ransomware-related risk pattern.,Impact,Data Encrypted for Impact,
THR-2026-1758,2026-10-01 09:03:05,Suspicious Account Activity,ACCOUNT SECURITY,EMAIL/SENDER DOMAIN,sender-1758.invalid,Research Report,B,89,MEDIUM,65.6,MONITORING,2026-05-08 09:03:05,2026-05-18 07:03:05,Demo Region C,Synthetic defensive observation representing an account-security-related risk.,Credential Access,Valid Accounts,
THR-2026-1759,2026-10-01 09:03:05,Synthetic Account Security Event,ACCOUNT SECURITY,URL,https://service-notice-1759.invalid/review,Community Submission,C,40,INFORMATIONAL,22.0,CLOSED,2026-08-27 09:03:05,2026-09-20 04:03:05,Demo Region A,Synthetic defensive observation representing an account-security-related risk.,Credential Access,Valid Accounts,
THR-2026-1760,2026-10-01 09:03:05,Synthetic Network Threat Observation,NETWORK THREATS,DOMAIN,secure-login-1760.invalid,Public Threat Feed,B,30,HIGH,57.0,NEW,2026-09-01 09:03:05,2026-09-04 00:03:05,Synthetic Region,Synthetic defensive observation representing a network-related security risk.,Command and Control,Application Layer Protocol,
THR-2026-1761,2026-10-01 09:03:05,Synthetic Account Credential Threat,CREDENTIAL THREATS,EMAIL/SENDER DOMAIN,sender-1761.invalid,Research Report,B,96,MEDIUM,68.4,UNDER_REVIEW,2026-08-08 09:03:05,2026-08-21 19:03:05,Synthetic Region,Synthetic defensive observation representing a credential-related security risk.,Credential Access,Valid Accounts,
THR-2026-1762,2026-10-01 09:03:05,Endpoint Malware Indicator Cluster,MALWARE,EMAIL/SENDER DOMAIN,sender-1762.invalid,Public Threat Feed,B,66,MEDIUM,56.4,NEW,2026-04-30 09:03:05,2026-05-01 21:03:05,Demo Region A,Synthetic defensive observation representing a suspicious file or malware-related indicator.,Execution,User Execution,
THR-2026-1763,2026-10-01 09:03:05,Synthetic Login Impersonation Campaign,PHISHING,EMAIL/SENDER DOMAIN,sender-1763.invalid,Public Threat Feed,B,98,MEDIUM,69.2,NEW,2026-08-27 09:03:05,2026-09-06 01:03:05,Demo Region B,Synthetic defensive observation representing a possible phishing-related indicator.,Initial Access,Phishing,
THR-2026-1764,2026-10-01 09:03:05,Suspicious Web Resource Pattern,WEB THREATS,FILE HASH,217df8f069d237a68a718f57ee60ba5c6258b97c1cd36c865c8edc1c1a0bfbb6,Unknown Source,D,60,HIGH,69.0,CLOSED,2026-05-11 09:03:05,2026-05-30 22:03:05,Synthetic Region,Synthetic defensive observation representing a suspicious web-related indicator.,Initial Access,Phishing,
THR-2026-1765,2026-10-01 09:03:05,Suspicious Credential Collection Pattern,PHISHING,URL,https://secure-login-1765.invalid/security/notice,Public Threat Feed,B,64,LOW,40.6,MONITORING,2026-06-14 09:03:05,2026-07-11 20:03:05,Synthetic Region,Synthetic defensive observation representing a possible phishing-related indicator.,Initial Access,Phishing,
THR-2026-1766,2026-10-01 09:03:05,Synthetic Data Exposure Observation,DATA EXPOSURE,IP ADDRESS,203.0.113.243,Public Threat Feed,B,64,MEDIUM,55.6,UNDER_REVIEW,2026-08-05 09:03:05,2026-08-12 01:03:05,Synthetic Region,Synthetic defensive observation representing a possible data exposure concern.,Collection,Data from Information Repositories,
THR-2026-1767,2026-10-01 09:03:05,Suspicious Authentication Pattern,CREDENTIAL THREATS,URL,https://identity-check-1767.invalid/login,Unknown Source,D,41,HIGH,61.4,NEW,2026-08-14 09:03:05,2026-09-07 22:03:05,Demo Region C,Synthetic defensive observation representing a credential-related security risk.,Credential Access,Valid Accounts,
THR-2026-1768,2026-10-01 09:03:05,Endpoint Malware Indicator Cluster,MALWARE,FILE HASH,7386275bbb5a34bf1ff6d02a48aa7837f8c1359959a7db7c414a038f1d21aa26,Security Vendor,A,69,MEDIUM,57.6,UNDER_REVIEW,2026-09-17 09:03:05,2026-09-18 07:03:05,Demo Region B,Synthetic defensive observation representing a suspicious file or malware-related indicator.,Execution,User Execution,
THR-2026-1769,2026-10-01 09:03:05,Endpoint Malware Indicator Cluster,MALWARE,DOMAIN,account-verify-1769.invalid,Research Report,B,82,LOW,47.8,CLOSED,2026-05-31 09:03:05,2026-06-23 06:03:05,Demo Region C,Synthetic defensive observation representing a suspicious file or malware-related indicator.,Execution,User Execution,
THR-2026-1770,2026-10-01 09:03:05,Synthetic Ransomware Indicator Cluster,RANSOMWARE,URL,https://account-support-1770.invalid/verify,Internal SOC,A,38,MEDIUM,45.2,MONITORING,2026-08-16 09:03:05,2026-08-25 07:03:05,Demo Region A,Synthetic defensive observation representing a ransomware-related risk pattern.,Impact,Data Encrypted for Impact,
THR-2026-1771,2026-10-01 09:03:05,Synthetic Information Exposure,DATA EXPOSURE,URL,https://system-alert-1771.invalid/identity/verify,Internal SOC,A,32,MEDIUM,42.8,FALSE_POSITIVE,2026-05-16 09:03:05,2026-05-16 12:03:05,Not Available,Synthetic defensive observation representing a possible data exposure concern.,Collection,Data from Information Repositories,
THR-2026-1772,2026-10-01 09:03:05,Synthetic Vulnerability Observation,VULNERABILITY EXPOSURE,FILE HASH,8f339631087fd81a6f300f5602bcdec854f0201d60129437292f26a4f78dee49,Security Vendor,A,41,CRITICAL,73.4,NEW,2026-09-10 09:03:05,2026-09-16 03:03:05,Synthetic Region,Synthetic defensive observation representing potential vulnerability exposure.,Initial Access,User Execution,
THR-2026-1773,2026-10-01 09:03:05,Suspicious Web Infrastructure,WEB THREATS,FILE HASH,604db5765803570a1b458dfe57eea4db5a88f26d5682057b3ea6d4a81d1d4311,Security Vendor,A,58,HIGH,68.2,NEW,2026-04-20 09:03:05,2026-05-15 22:03:05,Demo Region B,Synthetic defensive observation representing a suspicious web-related indicator.,Initial Access,Phishing,
THR-2026-1774,2026-10-01 09:03:05,Ransomware Awareness Simulation,RANSOMWARE,IP ADDRESS,192.0.2.251,Unknown Source,D,54,MEDIUM,51.6,FALSE_POSITIVE,2026-05-31 09:03:05,2026-06-10 16:03:05,Demo Region C,Synthetic defensive observation representing a ransomware-related risk pattern.,Impact,Data Encrypted for Impact,
THR-2026-1775,2026-10-01 09:03:05,Synthetic Vulnerability Observation,VULNERABILITY EXPOSURE,EMAIL/SENDER DOMAIN,sender-1775.invalid,Public Threat Feed,B,95,INFORMATIONAL,44.0,UNDER_REVIEW,2026-04-21 09:03:05,2026-04-26 20:03:05,Not Available,Synthetic defensive observation representing potential vulnerability exposure.,Initial Access,User Execution,
THR-2026-1776,2026-10-01 09:03:05,Web Application Threat Observation,WEB THREATS,DOMAIN,security-alert-1776.invalid,Community Submission,C,54,MEDIUM,51.6,NEW,2026-07-09 09:03:05,2026-08-06 17:03:05,Demo Region C,Synthetic defensive observation representing a suspicious web-related indicator.,Initial Access,Phishing,
THR-2026-1777,2026-10-01 09:03:05,Fake Account Verification Activity,PHISHING,CVE ID,CVE-2025-2777,Public Threat Feed,B,72,LOW,43.8,NEW,2026-04-17 09:03:05,2026-05-01 19:03:05,Demo Region B,Synthetic defensive observation representing a possible phishing-related indicator.,Initial Access,Phishing,CVE-2025-2777
THR-2026-1778,2026-10-01 09:03:05,Endpoint Malware Indicator Cluster,MALWARE,DOMAIN,mail-protection-1778.invalid,Public Threat Feed,B,82,LOW,47.8,NEW,2026-05-16 09:03:05,2026-06-05 08:03:05,Not Available,Synthetic defensive observation representing a suspicious file or malware-related indicator.,Execution,User Execution,
THR-2026-1779,2026-10-01 09:03:05,Impersonation Activity Observation,SOCIAL ENGINEERING,FILE HASH,6fe0bf780757e9fa52bacdc253e5831b4f534ecc44df867987965efb3debe269,Security Vendor,A,51,MEDIUM,50.4,UNDER_REVIEW,2026-04-13 09:03:05,2026-04-23 05:03:05,Synthetic Region,Synthetic defensive observation representing a social-engineering-related risk.,Initial Access,Phishing,
THR-2026-1780,2026-10-01 09:03:05,Synthetic Credential Phishing Campaign,PHISHING,DOMAIN,system-alert-1780.invalid,Internal SOC,A,46,MEDIUM,48.4,NEW,2026-06-01 09:03:05,2026-06-13 07:03:05,Not Available,Synthetic defensive observation representing a possible phishing-related indicator.,Initial Access,Phishing,
THR-2026-1781,2026-10-01 09:03:05,Suspicious File Hash Observation,MALWARE,EMAIL/SENDER DOMAIN,sender-1781.invalid,Internal SOC,A,56,HIGH,67.4,CLOSED,2026-07-27 09:03:05,2026-08-07 07:03:05,Demo Region A,Synthetic defensive observation representing a suspicious file or malware-related indicator.,Execution,User Execution,
THR-2026-1782,2026-10-01 09:03:05,Authentication Risk Observation,ACCOUNT SECURITY,DOMAIN,service-notice-1782.invalid,Security Vendor,A,89,HIGH,80.6,UNDER_REVIEW,2026-07-24 09:03:05,2026-08-12 16:03:05,Demo Region B,Synthetic defensive observation representing an account-security-related risk.,Credential Access,Valid Accounts,
THR-2026-1783,2026-10-01 09:03:05,Suspicious Credential Collection Pattern,PHISHING,IP ADDRESS,203.0.113.6,Community Submission,C,38,HIGH,60.2,FALSE_POSITIVE,2026-09-13 09:03:05,2026-10-05 21:03:05,Synthetic Region,Synthetic defensive observation representing a possible phishing-related indicator.,Initial Access,Phishing,
THR-2026-1784,2026-10-01 09:03:05,Web Application Threat Observation,WEB THREATS,EMAIL/SENDER DOMAIN,sender-1784.invalid,Public Threat Feed,B,79,HIGH,76.6,MONITORING,2026-08-17 09:03:05,2026-08-25 17:03:05,Demo Region C,Synthetic defensive observation representing a suspicious web-related indicator.,Initial Access,Phishing,
THR-2026-1785,2026-10-01 09:03:05,Synthetic Web Threat Cluster,WEB THREATS,FILE HASH,6cefdaf76c1118ee313e35bb28264dc618484807e584a3c02ce19d4fcf2a4e19,Public Threat Feed,B,93,MEDIUM,67.2,FALSE_POSITIVE,2026-04-07 09:03:05,2026-04-10 00:03:05,Synthetic Region,Synthetic defensive observation representing a suspicious web-related indicator.,Initial Access,Phishing,
THR-2026-1786,2026-10-01 09:03:05,Suspicious File Hash Observation,MALWARE,IP ADDRESS,203.0.113.9,Security Vendor,A,66,HIGH,71.4,CLOSED,2026-04-19 09:03:05,2026-05-08 12:03:05,Not Available,Synthetic defensive observation representing a suspicious file or malware-related indicator.,Execution,User Execution,
THR-2026-1787,2026-10-01 09:03:05,Synthetic Information Exposure,DATA EXPOSURE,EMAIL/SENDER DOMAIN,sender-1787.invalid,Unknown Source,D,93,MEDIUM,67.2,FALSE_POSITIVE,2026-06-24 09:03:05,2026-07-20 04:03:05,Not Available,Synthetic defensive observation representing a possible data exposure concern.,Collection,Data from Information Repositories,
THR-2026-1788,2026-10-01 09:03:05,Synthetic Information Exposure,DATA EXPOSURE,DOMAIN,account-support-1788.invalid,Research Report,B,65,INFORMATIONAL,32.0,MONITORING,2026-05-05 09:03:05,2026-05-27 13:03:05,Demo Region A,Synthetic defensive observation representing a possible data exposure concern.,Collection,Data from Information Repositories,
THR-2026-1789,2026-10-01 09:03:05,Synthetic Human-Factor Threat,SOCIAL ENGINEERING,CVE ID,CVE-2023-2789,Internal SOC,A,54,LOW,36.6,UNDER_REVIEW,2026-09-08 09:03:05,2026-10-06 08:03:05,Demo Region C,Synthetic defensive observation representing a social-engineering-related risk.,Initial Access,Phishing,CVE-2023-2789
THR-2026-1790,2026-10-01 09:03:05,Synthetic Web Threat Cluster,WEB THREATS,DOMAIN,mail-protection-1790.invalid,Community Submission,C,53,HIGH,66.2,FALSE_POSITIVE,2026-06-07 09:03:05,2026-06-13 01:03:05,Demo Region B,Synthetic defensive observation representing a suspicious web-related indicator.,Initial Access,Phishing,
THR-2026-1791,2026-10-01 09:03:05,Suspicious File Hash Observation,MALWARE,DOMAIN,security-alert-1791.invalid,Research Report,B,95,CRITICAL,95.0,MONITORING,2026-09-23 09:03:05,2026-10-05 14:03:05,Demo Region B,Synthetic defensive observation representing a suspicious file or malware-related indicator.,Execution,User Execution,
THR-2026-1792,2026-10-01 09:03:05,Synthetic Data Exposure Observation,DATA EXPOSURE,IP ADDRESS,203.0.113.15,Security Vendor,A,52,MEDIUM,50.8,UNDER_REVIEW,2026-08-24 09:03:05,2026-08-27 10:03:05,Demo Region A,Synthetic defensive observation representing a possible data exposure concern.,Collection,Data from Information Repositories,
THR-2026-1793,2026-10-01 09:03:05,Credential Exposure Indicator,CREDENTIAL THREATS,DOMAIN,login-check-1793.invalid,Research Report,B,91,INFORMATIONAL,42.4,NEW,2026-06-04 09:03:05,2026-06-17 21:03:05,Demo Region A,Synthetic defensive observation representing a credential-related security risk.,Credential Access,Valid Accounts,
THR-2026-1794,2026-10-01 09:03:05,Synthetic Data Exposure Observation,DATA EXPOSURE,CVE ID,CVE-2026-2794,Unknown Source,D,96,MEDIUM,68.4,FALSE_POSITIVE,2026-05-30 09:03:05,2026-06-21 21:03:05,Demo Region A,Synthetic defensive observation representing a possible data exposure concern.,Collection,Data from Information Repositories,CVE-2026-2794
THR-2026-1795,2026-10-01 09:03:05,Suspicious File Hash Observation,MALWARE,URL,https://mail-protection-1795.invalid/security/notice,Public Threat Feed,B,36,MEDIUM,44.4,MONITORING,2026-09-15 09:03:05,2026-10-15 08:03:05,Not Available,Synthetic defensive observation representing a suspicious file or malware-related indicator.,Execution,User Execution,
THR-2026-1796,2026-10-01 09:03:05,Synthetic Network Infrastructure,NETWORK THREATS,CVE ID,CVE-2023-2796,Community Submission,C,35,MEDIUM,44.0,CLOSED,2026-05-23 09:03:05,2026-06-16 10:03:05,Demo Region C,Synthetic defensive observation representing a network-related security risk.,Command and Control,Application Layer Protocol,CVE-2023-2796
THR-2026-1797,2026-10-01 09:03:05,Synthetic Data Exposure Observation,DATA EXPOSURE,CVE ID,CVE-2023-2797,Research Report,B,64,LOW,40.6,NEW,2026-05-03 09:03:05,2026-05-14 06:03:05,Demo Region A,Synthetic defensive observation representing a possible data exposure concern.,Collection,Data from Information Repositories,CVE-2023-2797
THR-2026-1798,2026-10-01 09:03:05,Suspicious Authentication Pattern,CREDENTIAL THREATS,CVE ID,CVE-2022-2798,Security Vendor,A,76,MEDIUM,60.4,CLOSED,2026-09-30 09:03:05,2026-10-11 17:03:05,Not Available,Synthetic defensive observation representing a credential-related security risk.,Credential Access,Valid Accounts,CVE-2022-2798
THR-2026-1799,2026-10-01 09:03:05,Synthetic Human-Factor Threat,SOCIAL ENGINEERING,IP ADDRESS,198.51.100.22,Research Report,B,30,INFORMATIONAL,18.0,MONITORING,2026-06-12 09:03:05,2026-07-11 06:03:05,Synthetic Region,Synthetic defensive observation representing a social-engineering-related risk.,Initial Access,Phishing,
THR-2026-1800,2026-10-01 09:03:05,Synthetic Malware Indicator Cluster,MALWARE,IP ADDRESS,192.0.2.23,Public Threat Feed,B,75,HIGH,75.0,MONITORING,2026-07-16 09:03:05,2026-08-12 11:03:05,Demo Region B,Synthetic defensive observation representing a suspicious file or malware-related indicator.,Execution,User Execution,
THR-2026-1801,2026-10-01 09:03:05,Synthetic Credential Phishing Campaign,PHISHING,FILE HASH,d97b82c72d29c52f5d11033fb6f1c17240d39c155f4c0edbff29bf581838af20,Community Submission,C,59,LOW,38.6,FALSE_POSITIVE,2026-06-02 09:03:05,2026-06-04 01:03:05,Demo Region C,Synthetic defensive observation representing a possible phishing-related indicator.,Initial Access,Phishing,
THR-2026-1802,2026-10-01 09:03:05,Credential Abuse Observation,CREDENTIAL THREATS,FILE HASH,5c5eed78c73c1cd85efc398a9e869713cae890e901ab6a2534731c6989b33312,Security Vendor,A,95,LOW,53.0,CLOSED,2026-06-26 09:03:05,2026-07-14 08:03:05,Demo Region B,Synthetic defensive observation representing a credential-related security risk.,Credential Access,Valid Accounts,
THR-2026-1803,2026-10-01 09:03:05,Suspicious Account Activity,ACCOUNT SECURITY,FILE HASH,bc79e765cadab7a659b7a5761838403cefd7636481bd3862e3278ddc59e519d1,Research Report,B,94,MEDIUM,67.6,FALSE_POSITIVE,2026-05-11 09:03:05,2026-05-29 01:03:05,Synthetic Region,Synthetic defensive observation representing an account-security-related risk.,Credential Access,Valid Accounts,
THR-2026-1804,2026-10-01 09:03:05,Social Engineering Risk Pattern,SOCIAL ENGINEERING,EMAIL/SENDER DOMAIN,sender-1804.invalid,Public Threat Feed,B,28,INFORMATIONAL,17.2,NEW,2026-05-02 09:03:05,2026-05-15 14:03:05,Synthetic Region,Synthetic defensive observation representing a social-engineering-related risk.,Initial Access,Phishing,
THR-2026-1805,2026-10-01 09:03:05,Synthetic Account Security Event,ACCOUNT SECURITY,FILE HASH,77968556cec24ef47950fcf63e9e573964608e6c97c722ac525496a62b3ff559,Security Vendor,A,55,INFORMATIONAL,28.0,MONITORING,2026-09-25 09:03:05,2026-10-25 11:03:05,Synthetic Region,Synthetic defensive observation representing an account-security-related risk.,Credential Access,Valid Accounts,
THR-2026-1806,2026-10-01 09:03:05,Synthetic Social Engineering Campaign,SOCIAL ENGINEERING,CVE ID,CVE-2026-2806,Research Report,B,48,MEDIUM,49.2,MONITORING,2026-09-27 09:03:05,2026-10-06 11:03:05,Not Available,Synthetic defensive observation representing a social-engineering-related risk.,Initial Access,Phishing,CVE-2026-2806
THR-2026-1807,2026-10-01 09:03:05,Ransomware Awareness Simulation,RANSOMWARE,IP ADDRESS,198.51.100.30,Public Threat Feed,B,90,MEDIUM,66.0,NEW,2026-08-31 09:03:05,2026-09-15 00:03:05,Demo Region C,Synthetic defensive observation representing a ransomware-related risk pattern.,Impact,Data Encrypted for Impact,
THR-2026-1808,2026-10-01 09:03:05,File Encryption Threat Pattern,RANSOMWARE,FILE HASH,cceaeda24a9f180de5f50d89b5ffa628d726e1e4d338a68e99d76fc21d1a7008,Internal SOC,A,34,MEDIUM,43.6,NEW,2026-05-15 09:03:05,2026-06-06 05:03:05,Demo Region C,Synthetic defensive observation representing a ransomware-related risk pattern.,Impact,Data Encrypted for Impact,
THR-2026-1809,2026-10-01 09:03:05,Synthetic Account Security Event,ACCOUNT SECURITY,CVE ID,CVE-2026-2809,Research Report,B,42,MEDIUM,46.8,CLOSED,2026-07-24 09:03:05,2026-07-29 14:03:05,Not Available,Synthetic defensive observation representing an account-security-related risk.,Credential Access,Valid Accounts,CVE-2026-2809
THR-2026-1810,2026-10-01 09:03:05,Network Communication Anomaly,NETWORK THREATS,EMAIL/SENDER DOMAIN,sender-1810.invalid,Internal SOC,A,82,MEDIUM,62.8,UNDER_REVIEW,2026-07-25 09:03:05,2026-08-18 08:03:05,Demo Region C,Synthetic defensive observation representing a network-related security risk.,Command and Control,Application Layer Protocol,
THR-2026-1811,2026-10-01 09:03:05,Synthetic Malicious File Pattern,MALWARE,EMAIL/SENDER DOMAIN,sender-1811.invalid,Public Threat Feed,B,62,MEDIUM,54.8,FALSE_POSITIVE,2026-05-29 09:03:05,2026-06-24 10:03:05,Synthetic Region,Synthetic defensive observation representing a suspicious file or malware-related indicator.,Execution,User Execution,
THR-2026-1812,2026-10-01 09:03:05,Synthetic Ransomware Indicator Cluster,RANSOMWARE,IP ADDRESS,203.0.113.35,Research Report,B,71,LOW,43.4,NEW,2026-09-30 09:03:05,2026-10-23 03:03:05,Demo Region A,Synthetic defensive observation representing a ransomware-related risk pattern.,Impact,Data Encrypted for Impact,
THR-2026-1813,2026-10-01 09:03:05,Synthetic Vulnerability Observation,VULNERABILITY EXPOSURE,DOMAIN,service-notice-1813.invalid,Research Report,B,31,MEDIUM,42.4,UNDER_REVIEW,2026-08-18 09:03:05,2026-08-24 13:03:05,Synthetic Region,Synthetic defensive observation representing potential vulnerability exposure.,Initial Access,User Execution,
THR-2026-1814,2026-10-01 09:03:05,Potential Data Exposure Pattern,DATA EXPOSURE,DOMAIN,system-alert-1814.invalid,Internal SOC,A,60,MEDIUM,54.0,MONITORING,2026-09-16 09:03:05,2026-09-19 00:03:05,Demo Region B,Synthetic defensive observation representing a possible data exposure concern.,Collection,Data from Information Repositories,
THR-2026-1815,2026-10-01 09:03:05,Social Engineering Risk Pattern,SOCIAL ENGINEERING,DOMAIN,security-alert-1815.invalid,Internal SOC,A,78,LOW,46.2,CLOSED,2026-06-23 09:03:05,2026-07-24 02:03:05,Demo Region A,Synthetic defensive observation representing a social-engineering-related risk.,Initial Access,Phishing,
THR-2026-1816,2026-10-01 09:03:05,Synthetic Malware Indicator Cluster,MALWARE,IP ADDRESS,198.51.100.39,Internal SOC,A,32,CRITICAL,69.8,UNDER_REVIEW,2026-09-01 09:03:05,2026-09-19 20:03:05,Not Available,Synthetic defensive observation representing a suspicious file or malware-related indicator.,Execution,User Execution,
THR-2026-1817,2026-10-01 09:03:05,Social Engineering Risk Pattern,SOCIAL ENGINEERING,IP ADDRESS,203.0.113.40,Research Report,B,48,LOW,34.2,CLOSED,2026-09-10 09:03:05,2026-10-03 10:03:05,Demo Region B,Synthetic defensive observation representing a social-engineering-related risk.,Initial Access,Phishing,
THR-2026-1818,2026-10-01 09:03:05,Synthetic Login Impersonation Campaign,PHISHING,EMAIL/SENDER DOMAIN,sender-1818.invalid,Internal SOC,A,30,LOW,27.0,NEW,2026-06-04 09:03:05,2026-06-06 22:03:05,Demo Region A,Synthetic defensive observation representing a possible phishing-related indicator.,Initial Access,Phishing,
THR-2026-1819,2026-10-01 09:03:05,Impersonation Activity Observation,SOCIAL ENGINEERING,URL,https://security-alert-1819.invalid/identity/verify,Community Submission,C,64,MEDIUM,55.6,FALSE_POSITIVE,2026-07-09 09:03:05,2026-07-31 18:03:05,Demo Region B,Synthetic defensive observation representing a social-engineering-related risk.,Initial Access,Phishing,
THR-2026-1820,2026-10-01 09:03:05,Sensitive Data Protection Alert,DATA EXPOSURE,FILE HASH,aa381abd22ffc61477e4e23171cf4171d89c4e9736e64d6932c420c7bc226458,Research Report,B,52,MEDIUM,50.8,CLOSED,2026-07-04 09:03:05,2026-07-09 04:03:05,Demo Region C,Synthetic defensive observation representing a possible data exposure concern.,Collection,Data from Information Repositories,
THR-2026-1821,2026-10-01 09:03:05,Synthetic Malware Indicator Cluster,MALWARE,FILE HASH,1998c9d24a09dddc1df195c83ff8d8e4f09e18a94ef147b2ad28466e1b0993ef,Security Vendor,A,90,LOW,51.0,NEW,2026-06-01 09:03:05,2026-06-07 18:03:05,Demo Region B,Synthetic defensive observation representing a suspicious file or malware-related indicator.,Execution,User Execution,
THR-2026-1822,2026-10-01 09:03:05,Fake Account Verification Activity,PHISHING,URL,https://service-notice-1822.invalid/verify,Unknown Source,D,96,LOW,53.4,CLOSED,2026-04-27 09:03:05,2026-05-09 16:03:05,Demo Region A,Synthetic defensive observation representing a possible phishing-related indicator.,Initial Access,Phishing,
THR-2026-1823,2026-10-01 09:03:05,Suspicious Web Resource Pattern,WEB THREATS,DOMAIN,service-notice-1823.invalid,Security Vendor,A,92,MEDIUM,66.8,NEW,2026-07-06 09:03:05,2026-08-02 13:03:05,Not Available,Synthetic defensive observation representing a suspicious web-related indicator.,Initial Access,Phishing,
THR-2026-1824,2026-10-01 09:03:05,Unpatched Software Awareness Record,VULNERABILITY EXPOSURE,URL,https://system-alert-1824.invalid/login,Research Report,B,79,INFORMATIONAL,37.6,MONITORING,2026-08-12 09:03:05,2026-08-31 02:03:05,Demo Region C,Synthetic defensive observation representing potential vulnerability exposure.,Initial Access,User Execution,
THR-2026-1825,2026-10-01 09:03:05,Synthetic Information Exposure,DATA EXPOSURE,EMAIL/SENDER DOMAIN,sender-1825.invalid,Security Vendor,A,63,LOW,40.2,CLOSED,2026-07-11 09:03:05,2026-08-05 16:03:05,Demo Region C,Synthetic defensive observation representing a possible data exposure concern.,Collection,Data from Information Repositories,
THR-2026-1826,2026-10-01 09:03:05,Synthetic Ransomware Infrastructure,RANSOMWARE,EMAIL/SENDER DOMAIN,sender-1826.invalid,Internal SOC,A,67,INFORMATIONAL,32.8,CLOSED,2026-06-08 09:03:05,2026-07-04 23:03:05,Demo Region A,Synthetic defensive observation representing a ransomware-related risk pattern.,Impact,Data Encrypted for Impact,
THR-2026-1827,2026-10-01 09:03:05,Suspicious Network Indicator Cluster,NETWORK THREATS,FILE HASH,6ce3106dc20fc7db9181b207b74674d5fb796fbf8299372ba7de82214753d99b,Research Report,B,71,MEDIUM,58.4,FALSE_POSITIVE,2026-08-21 09:03:05,2026-08-28 03:03:05,Demo Region A,Synthetic defensive observation representing a network-related security risk.,Command and Control,Application Layer Protocol,
THR-2026-1828,2026-10-01 09:03:05,Synthetic Login Impersonation Campaign,PHISHING,EMAIL/SENDER DOMAIN,sender-1828.invalid,Internal SOC,A,66,CRITICAL,83.4,MONITORING,2026-09-20 09:03:05,2026-10-06 05:03:05,Demo Region A,Synthetic defensive observation representing a possible phishing-related indicator.,Initial Access,Phishing,
THR-2026-1829,2026-10-01 09:03:05,Account Protection Alert,ACCOUNT SECURITY,IP ADDRESS,192.0.2.52,Internal SOC,A,35,LOW,29.0,FALSE_POSITIVE,2026-06-04 09:03:05,2026-06-29 01:03:05,Demo Region A,Synthetic defensive observation representing an account-security-related risk.,Credential Access,Valid Accounts,
THR-2026-1830,2026-10-01 09:03:05,Fake Account Verification Activity,PHISHING,DOMAIN,service-notice-1830.invalid,Unknown Source,D,81,HIGH,77.4,NEW,2026-06-23 09:03:05,2026-06-25 06:03:05,Demo Region B,Synthetic defensive observation representing a possible phishing-related indicator.,Initial Access,Phishing,
THR-2026-1831,2026-10-01 09:03:05,Unpatched Software Awareness Record,VULNERABILITY EXPOSURE,CVE ID,CVE-2026-2831,Public Threat Feed,B,54,MEDIUM,51.6,NEW,2026-07-24 09:03:05,2026-08-15 11:03:05,Demo Region A,Synthetic defensive observation representing potential vulnerability exposure.,Initial Access,User Execution,CVE-2026-2831
THR-2026-1832,2026-10-01 09:03:05,Ransomware Awareness Simulation,RANSOMWARE,DOMAIN,credential-review-1832.invalid,Public Threat Feed,B,97,HIGH,83.8,NEW,2026-09-15 09:03:05,2026-09-15 14:03:05,Demo Region A,Synthetic defensive observation representing a ransomware-related risk pattern.,Impact,Data Encrypted for Impact,
THR-2026-1833,2026-10-01 09:03:05,Network Communication Anomaly,NETWORK THREATS,IP ADDRESS,198.51.100.56,Public Threat Feed,B,48,LOW,34.2,FALSE_POSITIVE,2026-04-16 09:03:05,2026-05-08 06:03:05,Synthetic Region,Synthetic defensive observation representing a network-related security risk.,Command and Control,Application Layer Protocol,
THR-2026-1834,2026-10-01 09:03:05,Suspicious Network Indicator Cluster,NETWORK THREATS,IP ADDRESS,198.51.100.57,Internal SOC,A,88,LOW,50.2,FALSE_POSITIVE,2026-06-09 09:03:05,2026-07-01 15:03:05,Synthetic Region,Synthetic defensive observation representing a network-related security risk.,Command and Control,Application Layer Protocol,
THR-2026-1835,2026-10-01 09:03:05,Synthetic Data Exposure Observation,DATA EXPOSURE,IP ADDRESS,198.51.100.58,Unknown Source,D,71,HIGH,73.4,NEW,2026-09-23 09:03:05,2026-10-22 16:03:05,Demo Region A,Synthetic defensive observation representing a possible data exposure concern.,Collection,Data from Information Repositories,
THR-2026-1836,2026-10-01 09:03:05,Synthetic Vulnerability Exposure,VULNERABILITY EXPOSURE,URL,https://account-support-1836.invalid/account/check,Security Vendor,A,26,CRITICAL,67.4,MONITORING,2026-04-07 09:03:05,2026-05-06 03:03:05,Demo Region A,Synthetic defensive observation representing potential vulnerability exposure.,Initial Access,User Execution,
THR-2026-1837,2026-10-01 09:03:05,Network Communication Anomaly,NETWORK THREATS,DOMAIN,login-check-1837.invalid,Internal SOC,A,79,HIGH,76.6,NEW,2026-05-24 09:03:05,2026-06-13 07:03:05,Demo Region A,Synthetic defensive observation representing a network-related security risk.,Command and Control,Application Layer Protocol,
THR-2026-1838,2026-10-01 09:03:05,Sensitive Data Protection Alert,DATA EXPOSURE,URL,https://account-support-1838.invalid/verify,Community Submission,C,68,CRITICAL,84.2,NEW,2026-04-26 09:03:05,2026-05-24 14:03:05,Demo Region C,Synthetic defensive observation representing a possible data exposure concern.,Collection,Data from Information Repositories,
THR-2026-1839,2026-10-01 09:03:05,Synthetic Network Threat Observation,NETWORK THREATS,CVE ID,CVE-2026-2839,Public Threat Feed,B,30,MEDIUM,42.0,CLOSED,2026-06-23 09:03:05,2026-06-25 10:03:05,Synthetic Region,Synthetic defensive observation representing a network-related security risk.,Command and Control,Application Layer Protocol,CVE-2026-2839
THR-2026-1840,2026-10-01 09:03:05,Suspicious Account Activity,ACCOUNT SECURITY,EMAIL/SENDER DOMAIN,sender-1840.invalid,Research Report,B,27,INFORMATIONAL,16.8,FALSE_POSITIVE,2026-05-07 09:03:05,2026-05-21 02:03:05,Demo Region A,Synthetic defensive observation representing an account-security-related risk.,Credential Access,Valid Accounts,
THR-2026-1841,2026-10-01 09:03:05,Synthetic Vulnerability Observation,VULNERABILITY EXPOSURE,CVE ID,CVE-2025-2841,Unknown Source,D,30,MEDIUM,42.0,UNDER_REVIEW,2026-07-31 09:03:05,2026-08-16 01:03:05,Demo Region B,Synthetic defensive observation representing potential vulnerability exposure.,Initial Access,User Execution,CVE-2025-2841
THR-2026-1842,2026-10-01 09:03:05,Synthetic Account Credential Threat,CREDENTIAL THREATS,EMAIL/SENDER DOMAIN,sender-1842.invalid,Community Submission,C,64,HIGH,70.6,NEW,2026-04-05 09:03:05,2026-05-05 20:03:05,Demo Region A,Synthetic defensive observation representing a credential-related security risk.,Credential Access,Valid Accounts,
THR-2026-1843,2026-10-01 09:03:05,Unpatched Software Awareness Record,VULNERABILITY EXPOSURE,FILE HASH,363d9ade79fbb5b76da961d641b4fe1687443f583743b2bf6f37126898b742d7,Public Threat Feed,B,45,HIGH,63.0,NEW,2026-07-09 09:03:05,2026-07-09 15:03:05,Demo Region C,Synthetic defensive observation representing potential vulnerability exposure.,Initial Access,User Execution,
THR-2026-1844,2026-10-01 09:03:05,Synthetic Malware Indicator Cluster,MALWARE,FILE HASH,31e67391291f997c7105e0c1f5ec3f416a5fd17138b508f75a460e7ce6076fc5,Security Vendor,A,57,MEDIUM,52.8,FALSE_POSITIVE,2026-06-22 09:03:05,2026-06-27 18:03:05,Synthetic Region,Synthetic defensive observation representing a suspicious file or malware-related indicator.,Execution,User Execution,
THR-2026-1845,2026-10-01 09:03:05,Synthetic Web Threat Cluster,WEB THREATS,DOMAIN,account-support-1845.invalid,Unknown Source,D,48,INFORMATIONAL,25.2,MONITORING,2026-05-07 09:03:05,2026-05-29 13:03:05,Demo Region B,Synthetic defensive observation representing a suspicious web-related indicator.,Initial Access,Phishing,
THR-2026-1846,2026-10-01 09:03:05,Synthetic Network Threat Observation,NETWORK THREATS,IP ADDRESS,192.0.2.69,Community Submission,C,29,INFORMATIONAL,17.6,UNDER_REVIEW,2026-09-20 09:03:05,2026-10-10 22:03:05,Demo Region C,Synthetic defensive observation representing a network-related security risk.,Command and Control,Application Layer Protocol,
THR-2026-1847,2026-10-01 09:03:05,Fake Account Verification Activity,PHISHING,CVE ID,CVE-2026-2847,Community Submission,C,77,MEDIUM,60.8,NEW,2026-07-28 09:03:05,2026-08-04 09:03:05,Demo Region A,Synthetic defensive observation representing a possible phishing-related indicator.,Initial Access,Phishing,CVE-2026-2847
THR-2026-1848,2026-10-01 09:03:05,Synthetic Vulnerability Observation,VULNERABILITY EXPOSURE,FILE HASH,38d8f78d670b21d66436c870dbdf8ec58642133981f7e2ecb4b42ed8c79c35c0,Public Threat Feed,B,25,HIGH,55.0,FALSE_POSITIVE,2026-04-10 09:03:05,2026-04-20 23:03:05,Not Available,Synthetic defensive observation representing potential vulnerability exposure.,Initial Access,User Execution,
THR-2026-1849,2026-10-01 09:03:05,Synthetic Information Exposure,DATA EXPOSURE,FILE HASH,d0431b667599c0a03403d970815e4478ba91d0b8d5b97d9b68ab474ecf5b32d8,Internal SOC,A,48,MEDIUM,49.2,UNDER_REVIEW,2026-08-18 09:03:05,2026-09-06 08:03:05,Demo Region C,Synthetic defensive observation representing a possible data exposure concern.,Collection,Data from Information Repositories,
THR-2026-1850,2026-10-01 09:03:05,Synthetic Vulnerability Exposure,VULNERABILITY EXPOSURE,IP ADDRESS,192.0.2.73,Research Report,B,55,CRITICAL,79.0,CLOSED,2026-04-12 09:03:05,2026-05-07 14:03:05,Demo Region B,Synthetic defensive observation representing potential vulnerability exposure.,Initial Access,User Execution,
THR-2026-1851,2026-10-01 09:03:05,Suspicious Network Indicator Cluster,NETWORK THREATS,URL,https://system-alert-1851.invalid/account/check,Research Report,B,84,INFORMATIONAL,39.6,CLOSED,2026-09-24 09:03:05,2026-10-17 04:03:05,Demo Region A,Synthetic defensive observation representing a network-related security risk.,Command and Control,Application Layer Protocol,
THR-2026-1852,2026-10-01 09:03:05,Suspicious File Hash Observation,MALWARE,IP ADDRESS,198.51.100.75,Unknown Source,D,53,HIGH,66.2,UNDER_REVIEW,2026-05-13 09:03:05,2026-05-13 14:03:05,Synthetic Region,Synthetic defensive observation representing a suspicious file or malware-related indicator.,Execution,User Execution,
THR-2026-1853,2026-10-01 09:03:05,Synthetic Malware Indicator Cluster,MALWARE,CVE ID,CVE-2026-2853,Internal SOC,A,46,HIGH,63.4,FALSE_POSITIVE,2026-07-02 09:03:05,2026-08-01 01:03:05,Not Available,Synthetic defensive observation representing a suspicious file or malware-related indicator.,Execution,User Execution,CVE-2026-2853
THR-2026-1854,2026-10-01 09:03:05,Synthetic Human-Factor Threat,SOCIAL ENGINEERING,CVE ID,CVE-2022-2854,Internal SOC,A,97,HIGH,83.8,MONITORING,2026-06-11 09:03:05,2026-06-14 12:03:05,Demo Region B,Synthetic defensive observation representing a social-engineering-related risk.,Initial Access,Phishing,CVE-2022-2854
THR-2026-1855,2026-10-01 09:03:05,Suspicious Network Indicator Cluster,NETWORK THREATS,URL,https://system-alert-1855.invalid/identity/verify,Community Submission,C,65,LOW,41.0,CLOSED,2026-06-04 09:03:05,2026-06-27 00:03:05,Demo Region A,Synthetic defensive observation representing a network-related security risk.,Command and Control,Application Layer Protocol,
THR-2026-1856,2026-10-01 09:03:05,Potential Data Exposure Pattern,DATA EXPOSURE,EMAIL/SENDER DOMAIN,sender-1856.invalid,Public Threat Feed,B,31,INFORMATIONAL,18.4,FALSE_POSITIVE,2026-08-01 09:03:05,2026-08-17 02:03:05,Demo Region A,Synthetic defensive observation representing a possible data exposure concern.,Collection,Data from Information Repositories,
THR-2026-1857,2026-10-01 09:03:05,Synthetic Vulnerability Observation,VULNERABILITY EXPOSURE,EMAIL/SENDER DOMAIN,sender-1857.invalid,Community Submission,C,90,CRITICAL,93.0,UNDER_REVIEW,2026-05-31 09:03:05,2026-06-28 14:03:05,Demo Region C,Synthetic defensive observation representing potential vulnerability exposure.,Initial Access,User Execution,
THR-2026-1858,2026-10-01 09:03:05,Synthetic Credential Phishing Campaign,PHISHING,CVE ID,CVE-2022-2858,Security Vendor,A,42,CRITICAL,73.8,FALSE_POSITIVE,2026-05-31 09:03:05,2026-06-05 09:03:05,Demo Region B,Synthetic defensive observation representing a possible phishing-related indicator.,Initial Access,Phishing,CVE-2022-2858
THR-2026-1859,2026-10-01 09:03:05,Synthetic Account Credential Threat,CREDENTIAL THREATS,EMAIL/SENDER DOMAIN,sender-1859.invalid,Unknown Source,D,41,LOW,31.4,MONITORING,2026-08-03 09:03:05,2026-08-08 06:03:05,Demo Region A,Synthetic defensive observation representing a credential-related security risk.,Credential Access,Valid Accounts,
THR-2026-1860,2026-10-01 09:03:05,Synthetic Malware Indicator Cluster,MALWARE,URL,https://identity-check-1860.invalid/login,Unknown Source,D,52,CRITICAL,77.8,CLOSED,2026-08-28 09:03:05,2026-09-27 08:03:05,Demo Region A,Synthetic defensive observation representing a suspicious file or malware-related indicator.,Execution,User Execution,
THR-2026-1861,2026-10-01 09:03:05,Synthetic Network Threat Observation,NETWORK THREATS,EMAIL/SENDER DOMAIN,sender-1861.invalid,Unknown Source,D,50,MEDIUM,50.0,NEW,2026-09-28 09:03:05,2026-10-19 13:03:05,Demo Region B,Synthetic defensive observation representing a network-related security risk.,Command and Control,Application Layer Protocol,
THR-2026-1862,2026-10-01 09:03:05,Credential Abuse Observation,CREDENTIAL THREATS,IP ADDRESS,198.51.100.85,Security Vendor,A,44,CRITICAL,74.6,MONITORING,2026-08-28 09:03:05,2026-09-02 07:03:05,Synthetic Region,Synthetic defensive observation representing a credential-related security risk.,Credential Access,Valid Accounts,
THR-2026-1863,2026-10-01 09:03:05,Ransomware Awareness Simulation,RANSOMWARE,CVE ID,CVE-2022-2863,Internal SOC,A,49,LOW,34.6,NEW,2026-08-28 09:03:05,2026-09-13 11:03:05,Demo Region C,Synthetic defensive observation representing a ransomware-related risk pattern.,Impact,Data Encrypted for Impact,CVE-2022-2863
THR-2026-1864,2026-10-01 09:03:05,Vulnerability Risk Assessment,VULNERABILITY EXPOSURE,URL,https://secure-login-1864.invalid/account/check,Public Threat Feed,B,32,INFORMATIONAL,18.8,MONITORING,2026-05-01 09:03:05,2026-05-08 23:03:05,Synthetic Region,Synthetic defensive observation representing potential vulnerability exposure.,Initial Access,User Execution,
THR-2026-1865,2026-10-01 09:03:05,Synthetic Vulnerability Exposure,VULNERABILITY EXPOSURE,EMAIL/SENDER DOMAIN,sender-1865.invalid,Security Vendor,A,93,LOW,52.2,FALSE_POSITIVE,2026-08-28 09:03:05,2026-09-21 11:03:05,Demo Region B,Synthetic defensive observation representing potential vulnerability exposure.,Initial Access,User Execution,
THR-2026-1866,2026-10-01 09:03:05,Synthetic Malware Indicator Cluster,MALWARE,FILE HASH,a8e1145c740fa9083d6d9760b4d60e6611041ef069c9b6f0c9b24fcb6061cb84,Research Report,B,34,HIGH,58.6,FALSE_POSITIVE,2026-07-16 09:03:05,2026-07-29 04:03:05,Demo Region B,Synthetic defensive observation representing a suspicious file or malware-related indicator.,Execution,User Execution,
THR-2026-1867,2026-10-01 09:03:05,Sensitive Data Protection Alert,DATA EXPOSURE,DOMAIN,security-alert-1867.invalid,Public Threat Feed,B,28,CRITICAL,68.2,FALSE_POSITIVE,2026-07-29 09:03:05,2026-08-25 08:03:05,Demo Region A,Synthetic defensive observation representing a possible data exposure concern.,Collection,Data from Information Repositories,
THR-2026-1868,2026-10-01 09:03:05,Synthetic Vulnerability Exposure,VULNERABILITY EXPOSURE,FILE HASH,2c07ddb37c10f51a0119fb714b93c5952b994f2e82b3204e837ce73b3a4438c7,Internal SOC,A,50,MEDIUM,50.0,CLOSED,2026-06-15 09:03:05,2026-06-30 09:03:05,Demo Region C,Synthetic defensive observation representing potential vulnerability exposure.,Initial Access,User Execution,
THR-2026-1869,2026-10-01 09:03:05,Potential Data Exposure Pattern,DATA EXPOSURE,URL,https://secure-login-1869.invalid/login,Research Report,B,30,MEDIUM,42.0,FALSE_POSITIVE,2026-08-02 09:03:05,2026-08-24 21:03:05,Demo Region A,Synthetic defensive observation representing a possible data exposure concern.,Collection,Data from Information Repositories,
THR-2026-1870,2026-10-01 09:03:05,Synthetic Information Exposure,DATA EXPOSURE,FILE HASH,3c796c033e08a50c6bc1076d2e55bbb7ae636e8a5328e7392ffb83cf60fe8aaf,Public Threat Feed,B,61,INFORMATIONAL,30.4,CLOSED,2026-07-16 09:03:05,2026-08-05 10:03:05,Synthetic Region,Synthetic defensive observation representing a possible data exposure concern.,Collection,Data from Information Repositories,
THR-2026-1871,2026-10-01 09:03:05,Suspicious Authentication Pattern,CREDENTIAL THREATS,CVE ID,CVE-2024-2871,Unknown Source,D,49,MEDIUM,49.6,MONITORING,2026-08-04 09:03:05,2026-08-22 22:03:05,Demo Region A,Synthetic defensive observation representing a credential-related security risk.,Credential Access,Valid Accounts,CVE-2024-2871
THR-2026-1872,2026-10-01 09:03:05,Suspicious Account Activity,ACCOUNT SECURITY,FILE HASH,5a414ccc36eed63f667f487344637f0bc31fd88239e2abaea25a5af0f65beb7e,Research Report,B,46,LOW,33.4,UNDER_REVIEW,2026-08-27 09:03:05,2026-09-09 12:03:05,Demo Region C,Synthetic defensive observation representing an account-security-related risk.,Credential Access,Valid Accounts,
THR-2026-1873,2026-10-01 09:03:05,Web Application Threat Observation,WEB THREATS,DOMAIN,secure-login-1873.invalid,Unknown Source,D,68,MEDIUM,57.2,NEW,2026-05-11 09:03:05,2026-06-02 19:03:05,Demo Region B,Synthetic defensive observation representing a suspicious web-related indicator.,Initial Access,Phishing,
THR-2026-1874,2026-10-01 09:03:05,Synthetic Data Exposure Observation,DATA EXPOSURE,EMAIL/SENDER DOMAIN,sender-1874.invalid,Community Submission,C,30,MEDIUM,42.0,CLOSED,2026-05-27 09:03:05,2026-06-27 04:03:05,Not Available,Synthetic defensive observation representing a possible data exposure concern.,Collection,Data from Information Repositories,
THR-2026-1875,2026-10-01 09:03:05,Ransomware Awareness Simulation,RANSOMWARE,CVE ID,CVE-2023-2875,Unknown Source,D,35,HIGH,59.0,UNDER_REVIEW,2026-04-30 09:03:05,2026-05-19 06:03:05,Demo Region C,Synthetic defensive observation representing a ransomware-related risk pattern.,Impact,Data Encrypted for Impact,CVE-2023-2875
THR-2026-1876,2026-10-01 09:03:05,Synthetic Account Credential Threat,CREDENTIAL THREATS,EMAIL/SENDER DOMAIN,sender-1876.invalid,Security Vendor,A,55,MEDIUM,52.0,NEW,2026-07-20 09:03:05,2026-08-19 23:03:05,Demo Region C,Synthetic defensive observation representing a credential-related security risk.,Credential Access,Valid Accounts,
THR-2026-1877,2026-10-01 09:03:05,Suspicious Network Indicator Cluster,NETWORK THREATS,EMAIL/SENDER DOMAIN,sender-1877.invalid,Public Threat Feed,B,56,LOW,37.4,NEW,2026-08-10 09:03:05,2026-09-09 10:03:05,Demo Region A,Synthetic defensive observation representing a network-related security risk.,Command and Control,Application Layer Protocol,
THR-2026-1878,2026-10-01 09:03:05,Synthetic Network Infrastructure,NETWORK THREATS,CVE ID,CVE-2026-2878,Public Threat Feed,B,28,MEDIUM,41.2,MONITORING,2026-07-24 09:03:05,2026-08-04 23:03:05,Not Available,Synthetic defensive observation representing a network-related security risk.,Command and Control,Application Layer Protocol,CVE-2026-2878
THR-2026-1879,2026-10-01 09:03:05,Social Engineering Risk Pattern,SOCIAL ENGINEERING,URL,https://credential-review-1879.invalid/login,Unknown Source,D,59,MEDIUM,53.6,CLOSED,2026-04-21 09:03:05,2026-05-01 15:03:05,Demo Region B,Synthetic defensive observation representing a social-engineering-related risk.,Initial Access,Phishing,
THR-2026-1880,2026-10-01 09:03:05,Synthetic Network Infrastructure,NETWORK THREATS,EMAIL/SENDER DOMAIN,sender-1880.invalid,Research Report,B,59,MEDIUM,53.6,CLOSED,2026-06-24 09:03:05,2026-07-24 08:03:05,Demo Region A,Synthetic defensive observation representing a network-related security risk.,Command and Control,Application Layer Protocol,
THR-2026-1881,2026-10-01 09:03:05,Credential Exposure Indicator,CREDENTIAL THREATS,URL,https://account-verify-1881.invalid/verify,Public Threat Feed,B,61,LOW,39.4,MONITORING,2026-09-25 09:03:05,2026-10-13 07:03:05,Not Available,Synthetic defensive observation representing a credential-related security risk.,Credential Access,Valid Accounts,
THR-2026-1882,2026-10-01 09:03:05,Authentication Risk Observation,ACCOUNT SECURITY,URL,https://system-alert-1882.invalid/verify,Research Report,B,48,HIGH,64.2,CLOSED,2026-05-01 09:03:05,2026-05-05 19:03:05,Not Available,Synthetic defensive observation representing an account-security-related risk.,Credential Access,Valid Accounts,
THR-2026-1883,2026-10-01 09:03:05,Unpatched Software Awareness Record,VULNERABILITY EXPOSURE,URL,https://credential-review-1883.invalid/account/check,Internal SOC,A,55,LOW,37.0,MONITORING,2026-06-06 09:03:05,2026-07-03 17:03:05,Demo Region B,Synthetic defensive observation representing potential vulnerability exposure.,Initial Access,User Execution,
THR-2026-1884,2026-10-01 09:03:05,Synthetic Account Security Event,ACCOUNT SECURITY,IP ADDRESS,198.51.100.107,Public Threat Feed,B,40,LOW,31.0,UNDER_REVIEW,2026-09-17 09:03:05,2026-10-08 17:03:05,Demo Region B,Synthetic defensive observation representing an account-security-related risk.,Credential Access,Valid Accounts,
THR-2026-1885,2026-10-01 09:03:05,Vulnerability Risk Assessment,VULNERABILITY EXPOSURE,IP ADDRESS,198.51.100.108,Security Vendor,A,64,HIGH,70.6,CLOSED,2026-09-16 09:03:05,2026-10-01 03:03:05,Demo Region B,Synthetic defensive observation representing potential vulnerability exposure.,Initial Access,User Execution,
THR-2026-1886,2026-10-01 09:03:05,Credential Exposure Indicator,CREDENTIAL THREATS,IP ADDRESS,203.0.113.109,Community Submission,C,28,HIGH,56.2,FALSE_POSITIVE,2026-04-18 09:03:05,2026-05-10 08:03:05,Synthetic Region,Synthetic defensive observation representing a credential-related security risk.,Credential Access,Valid Accounts,
THR-2026-1887,2026-10-01 09:03:05,Network Communication Anomaly,NETWORK THREATS,DOMAIN,account-verify-1887.invalid,Public Threat Feed,B,35,CRITICAL,71.0,UNDER_REVIEW,2026-05-13 09:03:05,2026-05-27 11:03:05,Demo Region C,Synthetic defensive observation representing a network-related security risk.,Command and Control,Application Layer Protocol,
THR-2026-1888,2026-10-01 09:03:05,Credential Abuse Observation,CREDENTIAL THREATS,URL,https://identity-check-1888.invalid/review,Community Submission,C,80,HIGH,77.0,NEW,2026-06-05 09:03:05,2026-06-13 17:03:05,Demo Region A,Synthetic defensive observation representing a credential-related security risk.,Credential Access,Valid Accounts,
THR-2026-1889,2026-10-01 09:03:05,Impersonation Activity Observation,SOCIAL ENGINEERING,DOMAIN,account-verify-1889.invalid,Unknown Source,D,28,HIGH,56.2,CLOSED,2026-05-18 09:03:05,2026-05-31 19:03:05,Demo Region B,Synthetic defensive observation representing a social-engineering-related risk.,Initial Access,Phishing,
THR-2026-1890,2026-10-01 09:03:05,Synthetic Social Engineering Campaign,SOCIAL ENGINEERING,FILE HASH,51c2a3ad916f64a178f9a438e374657f403ebaad8c1d4eec51dc60ab27ec7c16,Research Report,B,66,MEDIUM,56.4,MONITORING,2026-08-13 09:03:05,2026-08-19 23:03:05,Demo Region A,Synthetic defensive observation representing a social-engineering-related risk.,Initial Access,Phishing,
THR-2026-1891,2026-10-01 09:03:05,Synthetic Credential Phishing Campaign,PHISHING,CVE ID,CVE-2022-2891,Security Vendor,A,70,CRITICAL,85.0,UNDER_REVIEW,2026-06-10 09:03:05,2026-07-10 02:03:05,Demo Region A,Synthetic defensive observation representing a possible phishing-related indicator.,Initial Access,Phishing,CVE-2022-2891
THR-2026-1892,2026-10-01 09:03:05,Synthetic Network Infrastructure,NETWORK THREATS,CVE ID,CVE-2026-2892,Internal SOC,A,30,MEDIUM,42.0,UNDER_REVIEW,2026-09-24 09:03:05,2026-10-23 13:03:05,Demo Region B,Synthetic defensive observation representing a network-related security risk.,Command and Control,Application Layer Protocol,CVE-2026-2892
THR-2026-1893,2026-10-01 09:03:05,Synthetic Malicious File Pattern,MALWARE,URL,https://account-verify-1893.invalid/security/notice,Internal SOC,A,49,MEDIUM,49.6,FALSE_POSITIVE,2026-06-14 09:03:05,2026-06-15 04:03:05,Demo Region B,Synthetic defensive observation representing a suspicious file or malware-related indicator.,Execution,User Execution,
THR-2026-1894,2026-10-01 09:03:05,Suspicious File Hash Observation,MALWARE,DOMAIN,secure-login-1894.invalid,Research Report,B,36,MEDIUM,44.4,UNDER_REVIEW,2026-08-19 09:03:05,2026-09-17 10:03:05,Demo Region A,Synthetic defensive observation representing a suspicious file or malware-related indicator.,Execution,User Execution,
THR-2026-1895,2026-10-01 09:03:05,Synthetic Vulnerability Exposure,VULNERABILITY EXPOSURE,EMAIL/SENDER DOMAIN,sender-1895.invalid,Community Submission,C,44,MEDIUM,47.6,UNDER_REVIEW,2026-06-22 09:03:05,2026-06-28 08:03:05,Not Available,Synthetic defensive observation representing potential vulnerability exposure.,Initial Access,User Execution,
THR-2026-1896,2026-10-01 09:03:05,Authentication Risk Observation,ACCOUNT SECURITY,CVE ID,CVE-2025-2896,Security Vendor,A,69,HIGH,72.6,UNDER_REVIEW,2026-06-27 09:03:05,2026-07-28 04:03:05,Demo Region B,Synthetic defensive observation representing an account-security-related risk.,Credential Access,Valid Accounts,CVE-2025-2896
THR-2026-1897,2026-10-01 09:03:05,File Encryption Threat Pattern,RANSOMWARE,DOMAIN,account-verify-1897.invalid,Security Vendor,A,81,MEDIUM,62.4,MONITORING,2026-04-04 09:03:05,2026-04-23 15:03:05,Demo Region A,Synthetic defensive observation representing a ransomware-related risk pattern.,Impact,Data Encrypted for Impact,
THR-2026-1898,2026-10-01 09:03:05,Synthetic Network Infrastructure,NETWORK THREATS,FILE HASH,067da795682002373a41678ec330cdae48f99a9c8a40e775e67483523768b29a,Public Threat Feed,B,53,HIGH,66.2,NEW,2026-08-04 09:03:05,2026-08-08 16:03:05,Synthetic Region,Synthetic defensive observation representing a network-related security risk.,Command and Control,Application Layer Protocol,
THR-2026-1899,2026-10-01 09:03:05,Potential Data Exposure Pattern,DATA EXPOSURE,URL,https://login-check-1899.invalid/login,Community Submission,C,31,MEDIUM,42.4,FALSE_POSITIVE,2026-06-05 09:03:05,2026-06-07 01:03:05,Synthetic Region,Synthetic defensive observation representing a possible data exposure concern.,Collection,Data from Information Repositories,
THR-2026-1900,2026-10-01 09:03:05,Synthetic Human-Factor Threat,SOCIAL ENGINEERING,IP ADDRESS,203.0.113.123,Research Report,B,50,HIGH,65.0,UNDER_REVIEW,2026-09-21 09:03:05,2026-09-24 09:03:05,Demo Region A,Synthetic defensive observation representing a social-engineering-related risk.,Initial Access,Phishing,
THR-2026-1901,2026-10-01 09:03:05,Unpatched Software Awareness Record,VULNERABILITY EXPOSURE,IP ADDRESS,198.51.100.124,Security Vendor,A,95,MEDIUM,68.0,CLOSED,2026-05-11 09:03:05,2026-06-02 02:03:05,Demo Region A,Synthetic defensive observation representing potential vulnerability exposure.,Initial Access,User Execution,
THR-2026-1902,2026-10-01 09:03:05,Vulnerability Risk Assessment,VULNERABILITY EXPOSURE,CVE ID,CVE-2024-2902,Research Report,B,58,MEDIUM,53.2,UNDER_REVIEW,2026-05-31 09:03:05,2026-06-06 19:03:05,Demo Region C,Synthetic defensive observation representing potential vulnerability exposure.,Initial Access,User Execution,CVE-2024-2902
THR-2026-1903,2026-10-01 09:03:05,Synthetic Ransomware Indicator Cluster,RANSOMWARE,DOMAIN,mail-protection-1903.invalid,Security Vendor,A,44,CRITICAL,74.6,FALSE_POSITIVE,2026-08-20 09:03:05,2026-09-19 07:03:05,Demo Region A,Synthetic defensive observation representing a ransomware-related risk pattern.,Impact,Data Encrypted for Impact,
THR-2026-1904,2026-10-01 09:03:05,Synthetic Web Threat Cluster,WEB THREATS,URL,https://account-verify-1904.invalid/security/notice,Security Vendor,A,97,MEDIUM,68.8,MONITORING,2026-04-13 09:03:05,2026-05-05 05:03:05,Demo Region B,Synthetic defensive observation representing a suspicious web-related indicator.,Initial Access,Phishing,
THR-2026-1905,2026-10-01 09:03:05,Vulnerability Risk Assessment,VULNERABILITY EXPOSURE,IP ADDRESS,198.51.100.128,Security Vendor,A,68,LOW,42.2,CLOSED,2026-06-27 09:03:05,2026-07-17 10:03:05,Demo Region B,Synthetic defensive observation representing potential vulnerability exposure.,Initial Access,User Execution,
THR-2026-1906,2026-10-01 09:03:05,Suspicious Authentication Pattern,CREDENTIAL THREATS,IP ADDRESS,203.0.113.129,Public Threat Feed,B,32,LOW,27.8,UNDER_REVIEW,2026-06-21 09:03:05,2026-07-13 00:03:05,Demo Region A,Synthetic defensive observation representing a credential-related security risk.,Credential Access,Valid Accounts,
THR-2026-1907,2026-10-01 09:03:05,Synthetic Login Impersonation Campaign,PHISHING,FILE HASH,4dfffe002ea135e85d80b1f3ab7699a2f5496d122fd919223e3cca7cd8deee65,Public Threat Feed,B,96,LOW,53.4,NEW,2026-08-30 09:03:05,2026-09-20 02:03:05,Demo Region B,Synthetic defensive observation representing a possible phishing-related indicator.,Initial Access,Phishing,
THR-2026-1908,2026-10-01 09:03:05,Suspicious File Hash Observation,MALWARE,DOMAIN,secure-login-1908.invalid,Community Submission,C,32,LOW,27.8,CLOSED,2026-07-19 09:03:05,2026-08-09 21:03:05,Not Available,Synthetic defensive observation representing a suspicious file or malware-related indicator.,Execution,User Execution,
THR-2026-1909,2026-10-01 09:03:05,Synthetic Network Threat Observation,NETWORK THREATS,FILE HASH,62655cbe6b8a1cf9eb4988a21271fdba6ca31e7fa01287dd5829f1c5150977e0,Internal SOC,A,85,HIGH,79.0,NEW,2026-06-30 09:03:05,2026-07-10 17:03:05,Demo Region B,Synthetic defensive observation representing a network-related security risk.,Command and Control,Application Layer Protocol,
THR-2026-1910,2026-10-01 09:03:05,Network Communication Anomaly,NETWORK THREATS,IP ADDRESS,198.51.100.133,Internal SOC,A,59,CRITICAL,80.6,UNDER_REVIEW,2026-09-11 09:03:05,2026-09-30 06:03:05,Demo Region C,Synthetic defensive observation representing a network-related security risk.,Command and Control,Application Layer Protocol,
THR-2026-1911,2026-10-01 09:03:05,Web Application Threat Observation,WEB THREATS,IP ADDRESS,203.0.113.134,Community Submission,C,36,CRITICAL,71.4,FALSE_POSITIVE,2026-06-26 09:03:05,2026-07-14 15:03:05,Synthetic Region,Synthetic defensive observation representing a suspicious web-related indicator.,Initial Access,Phishing,
THR-2026-1912,2026-10-01 09:03:05,Synthetic Human-Factor Threat,SOCIAL ENGINEERING,URL,https://account-verify-1912.invalid/verify,Security Vendor,A,25,MEDIUM,40.0,NEW,2026-09-26 09:03:05,2026-10-04 14:03:05,Demo Region B,Synthetic defensive observation representing a social-engineering-related risk.,Initial Access,Phishing,
THR-2026-1913,2026-10-01 09:03:05,Synthetic Malware Indicator Cluster,MALWARE,EMAIL/SENDER DOMAIN,sender-1913.invalid,Internal SOC,A,88,HIGH,80.2,UNDER_REVIEW,2026-08-27 09:03:05,2026-09-20 06:03:05,Demo Region B,Synthetic defensive observation representing a suspicious file or malware-related indicator.,Execution,User Execution,
THR-2026-1914,2026-10-01 09:03:05,Endpoint Malware Indicator Cluster,MALWARE,DOMAIN,account-support-1914.invalid,Community Submission,C,80,LOW,47.0,NEW,2026-06-19 09:03:05,2026-07-04 02:03:05,Synthetic Region,Synthetic defensive observation representing a suspicious file or malware-related indicator.,Execution,User Execution,
THR-2026-1915,2026-10-01 09:03:05,Synthetic Account Security Event,ACCOUNT SECURITY,EMAIL/SENDER DOMAIN,sender-1915.invalid,Security Vendor,A,34,MEDIUM,43.6,FALSE_POSITIVE,2026-06-13 09:03:05,2026-06-29 00:03:05,Demo Region A,Synthetic defensive observation representing an account-security-related risk.,Credential Access,Valid Accounts,
THR-2026-1916,2026-10-01 09:03:05,Ransomware Awareness Simulation,RANSOMWARE,DOMAIN,credential-review-1916.invalid,Research Report,B,28,MEDIUM,41.2,CLOSED,2026-07-06 09:03:05,2026-07-29 03:03:05,Not Available,Synthetic defensive observation representing a ransomware-related risk pattern.,Impact,Data Encrypted for Impact,
THR-2026-1917,2026-10-01 09:03:05,Synthetic Network Threat Observation,NETWORK THREATS,DOMAIN,mail-protection-1917.invalid,Unknown Source,D,98,CRITICAL,96.2,NEW,2026-04-06 09:03:05,2026-04-15 15:03:05,Not Available,Synthetic defensive observation representing a network-related security risk.,Command and Control,Application Layer Protocol,
THR-2026-1918,2026-10-01 09:03:05,Unpatched Software Awareness Record,VULNERABILITY EXPOSURE,URL,https://identity-check-1918.invalid/account/check,Unknown Source,D,90,INFORMATIONAL,42.0,NEW,2026-05-05 09:03:05,2026-05-25 19:03:05,Demo Region B,Synthetic defensive observation representing potential vulnerability exposure.,Initial Access,User Execution,
THR-2026-1919,2026-10-01 09:03:05,Ransomware Awareness Simulation,RANSOMWARE,IP ADDRESS,192.0.2.142,Public Threat Feed,B,33,LOW,28.2,MONITORING,2026-09-24 09:03:05,2026-10-18 20:03:05,Synthetic Region,Synthetic defensive observation representing a ransomware-related risk pattern.,Impact,Data Encrypted for Impact,
THR-2026-1920,2026-10-01 09:03:05,Suspicious Web Infrastructure,WEB THREATS,EMAIL/SENDER DOMAIN,sender-1920.invalid,Research Report,B,61,MEDIUM,54.4,CLOSED,2026-09-29 09:03:05,2026-10-21 10:03:05,Demo Region B,Synthetic defensive observation representing a suspicious web-related indicator.,Initial Access,Phishing,
THR-2026-1921,2026-10-01 09:03:05,Synthetic Information Exposure,DATA EXPOSURE,FILE HASH,fbf2257fd3fb170f8f6f340b654938311549a502261801c484b5e0da6bb0edce,Research Report,B,80,LOW,47.0,CLOSED,2026-06-20 09:03:05,2026-06-30 03:03:05,Not Available,Synthetic defensive observation representing a possible data exposure concern.,Collection,Data from Information Repositories,
THR-2026-1922,2026-10-01 09:03:05,Web Application Threat Observation,WEB THREATS,IP ADDRESS,198.51.100.145,Public Threat Feed,B,74,HIGH,74.6,NEW,2026-06-13 09:03:05,2026-07-05 10:03:05,Demo Region C,Synthetic defensive observation representing a suspicious web-related indicator.,Initial Access,Phishing,
THR-2026-1923,2026-10-01 09:03:05,Suspicious Credential Collection Pattern,PHISHING,FILE HASH,92a4bca42b29e1ba1c6139f164803c9b9ce23a3b4286712dac8af3623bf616ff,Research Report,B,53,LOW,36.2,FALSE_POSITIVE,2026-08-11 09:03:05,2026-08-13 03:03:05,Demo Region C,Synthetic defensive observation representing a possible phishing-related indicator.,Initial Access,Phishing,
THR-2026-1924,2026-10-01 09:03:05,Synthetic Vulnerability Observation,VULNERABILITY EXPOSURE,EMAIL/SENDER DOMAIN,sender-1924.invalid,Research Report,B,84,LOW,48.6,FALSE_POSITIVE,2026-09-10 09:03:05,2026-09-14 05:03:05,Demo Region B,Synthetic defensive observation representing potential vulnerability exposure.,Initial Access,User Execution,
THR-2026-1925,2026-10-01 09:03:05,Unpatched Software Awareness Record,VULNERABILITY EXPOSURE,DOMAIN,service-notice-1925.invalid,Community Submission,C,72,LOW,43.8,MONITORING,2026-06-03 09:03:05,2026-06-26 09:03:05,Demo Region C,Synthetic defensive observation representing potential vulnerability exposure.,Initial Access,User Execution,
THR-2026-1926,2026-10-01 09:03:05,Suspicious File Hash Observation,MALWARE,DOMAIN,system-alert-1926.invalid,Unknown Source,D,77,LOW,45.8,MONITORING,2026-08-09 09:03:05,2026-08-22 18:03:05,Demo Region A,Synthetic defensive observation representing a suspicious file or malware-related indicator.,Execution,User Execution,
THR-2026-1927,2026-10-01 09:03:05,Authentication Risk Observation,ACCOUNT SECURITY,URL,https://system-alert-1927.invalid/identity/verify,Public Threat Feed,B,97,HIGH,83.8,MONITORING,2026-04-27 09:03:05,2026-05-09 20:03:05,Synthetic Region,Synthetic defensive observation representing an account-security-related risk.,Credential Access,Valid Accounts,
THR-2026-1928,2026-10-01 09:03:05,Synthetic Vulnerability Observation,VULNERABILITY EXPOSURE,DOMAIN,identity-check-1928.invalid,Public Threat Feed,B,58,CRITICAL,80.2,UNDER_REVIEW,2026-08-05 09:03:05,2026-08-15 07:03:05,Demo Region A,Synthetic defensive observation representing potential vulnerability exposure.,Initial Access,User Execution,
THR-2026-1929,2026-10-01 09:03:05,Authentication Risk Observation,ACCOUNT SECURITY,IP ADDRESS,198.51.100.152,Community Submission,C,56,MEDIUM,52.4,FALSE_POSITIVE,2026-07-30 09:03:05,2026-08-26 07:03:05,Demo Region C,Synthetic defensive observation representing an account-security-related risk.,Credential Access,Valid Accounts,
THR-2026-1930,2026-10-01 09:03:05,Impersonation Activity Observation,SOCIAL ENGINEERING,URL,https://mail-protection-1930.invalid/identity/verify,Public Threat Feed,B,77,HIGH,75.8,UNDER_REVIEW,2026-09-26 09:03:05,2026-10-13 06:03:05,Demo Region B,Synthetic defensive observation representing a social-engineering-related risk.,Initial Access,Phishing,
THR-2026-1931,2026-10-01 09:03:05,Fake Account Verification Activity,PHISHING,EMAIL/SENDER DOMAIN,sender-1931.invalid,Security Vendor,A,78,LOW,46.2,FALSE_POSITIVE,2026-04-29 09:03:05,2026-05-23 00:03:05,Not Available,Synthetic defensive observation representing a possible phishing-related indicator.,Initial Access,Phishing,
THR-2026-1932,2026-10-01 09:03:05,Synthetic Data Exposure Observation,DATA EXPOSURE,EMAIL/SENDER DOMAIN,sender-1932.invalid,Internal SOC,A,59,HIGH,68.6,CLOSED,2026-07-29 09:03:05,2026-08-03 12:03:05,Not Available,Synthetic defensive observation representing a possible data exposure concern.,Collection,Data from Information Repositories,
THR-2026-1933,2026-10-01 09:03:05,Synthetic Ransomware Infrastructure,RANSOMWARE,IP ADDRESS,203.0.113.156,Internal SOC,A,86,LOW,49.4,MONITORING,2026-05-31 09:03:05,2026-06-10 18:03:05,Demo Region B,Synthetic defensive observation representing a ransomware-related risk pattern.,Impact,Data Encrypted for Impact,
THR-2026-1934,2026-10-01 09:03:05,Synthetic Vulnerability Exposure,VULNERABILITY EXPOSURE,URL,https://service-notice-1934.invalid/login,Security Vendor,A,41,HIGH,61.4,MONITORING,2026-09-21 09:03:05,2026-09-28 09:03:05,Demo Region C,Synthetic defensive observation representing potential vulnerability exposure.,Initial Access,User Execution,
THR-2026-1935,2026-10-01 09:03:05,Suspicious Account Activity,ACCOUNT SECURITY,FILE HASH,ad16eeb07c14724d2ebedaa93605e65d74ae4a5d963a9f8f2c5fd2c68a250b6e,Security Vendor,A,33,MEDIUM,43.2,UNDER_REVIEW,2026-04-27 09:03:05,2026-05-05 03:03:05,Demo Region A,Synthetic defensive observation representing an account-security-related risk.,Credential Access,Valid Accounts,
THR-2026-1936,2026-10-01 09:03:05,Network Communication Anomaly,NETWORK THREATS,IP ADDRESS,192.0.2.159,Unknown Source,D,51,HIGH,65.4,FALSE_POSITIVE,2026-06-04 09:03:05,2026-06-14 21:03:05,Not Available,Synthetic defensive observation representing a network-related security risk.,Command and Control,Application Layer Protocol,
THR-2026-1937,2026-10-01 09:03:05,Synthetic Vulnerability Exposure,VULNERABILITY EXPOSURE,DOMAIN,service-notice-1937.invalid,Internal SOC,A,85,MEDIUM,64.0,FALSE_POSITIVE,2026-05-11 09:03:05,2026-06-10 22:03:05,Not Available,Synthetic defensive observation representing potential vulnerability exposure.,Initial Access,User Execution,
THR-2026-1938,2026-10-01 09:03:05,Suspicious Authentication Pattern,CREDENTIAL THREATS,IP ADDRESS,198.51.100.161,Public Threat Feed,B,95,HIGH,83.0,UNDER_REVIEW,2026-08-13 09:03:05,2026-08-22 07:03:05,Synthetic Region,Synthetic defensive observation representing a credential-related security risk.,Credential Access,Valid Accounts,
THR-2026-1939,2026-10-01 09:03:05,Suspicious Authentication Pattern,CREDENTIAL THREATS,IP ADDRESS,192.0.2.162,Community Submission,C,94,LOW,52.6,UNDER_REVIEW,2026-06-28 09:03:05,2026-06-29 15:03:05,Demo Region B,Synthetic defensive observation representing a credential-related security risk.,Credential Access,Valid Accounts,
THR-2026-1940,2026-10-01 09:03:05,Unpatched Software Awareness Record,VULNERABILITY EXPOSURE,DOMAIN,account-verify-1940.invalid,Security Vendor,A,56,INFORMATIONAL,28.4,CLOSED,2026-07-13 09:03:05,2026-07-27 18:03:05,Demo Region C,Synthetic defensive observation representing potential vulnerability exposure.,Initial Access,User Execution,
THR-2026-1941,2026-10-01 09:03:05,Credential Abuse Observation,CREDENTIAL THREATS,CVE ID,CVE-2022-2941,Unknown Source,D,54,INFORMATIONAL,27.6,CLOSED,2026-06-07 09:03:05,2026-06-30 03:03:05,Not Available,Synthetic defensive observation representing a credential-related security risk.,Credential Access,Valid Accounts,CVE-2022-2941
THR-2026-1942,2026-10-01 09:03:05,Synthetic Information Exposure,DATA EXPOSURE,IP ADDRESS,192.0.2.165,Unknown Source,D,65,MEDIUM,56.0,NEW,2026-08-25 09:03:05,2026-09-12 17:03:05,Not Available,Synthetic defensive observation representing a possible data exposure concern.,Collection,Data from Information Repositories,
THR-2026-1943,2026-10-01 09:03:05,Synthetic Ransomware Infrastructure,RANSOMWARE,CVE ID,CVE-2022-2943,Research Report,B,87,MEDIUM,64.8,NEW,2026-07-19 09:03:05,2026-07-21 23:03:05,Demo Region B,Synthetic defensive observation representing a ransomware-related risk pattern.,Impact,Data Encrypted for Impact,CVE-2022-2943
THR-2026-1944,2026-10-01 09:03:05,Synthetic Web Threat Cluster,WEB THREATS,DOMAIN,service-notice-1944.invalid,Community Submission,C,54,INFORMATIONAL,27.6,FALSE_POSITIVE,2026-06-29 09:03:05,2026-07-29 10:03:05,Demo Region B,Synthetic defensive observation representing a suspicious web-related indicator.,Initial Access,Phishing,
THR-2026-1945,2026-10-01 09:03:05,Synthetic Account Security Event,ACCOUNT SECURITY,URL,https://secure-login-1945.invalid/login,Public Threat Feed,B,82,MEDIUM,62.8,UNDER_REVIEW,2026-08-21 09:03:05,2026-08-27 15:03:05,Not Available,Synthetic defensive observation representing an account-security-related risk.,Credential Access,Valid Accounts,
THR-2026-1946,2026-10-01 09:03:05,Synthetic Account Security Event,ACCOUNT SECURITY,DOMAIN,login-check-1946.invalid,Public Threat Feed,B,42,LOW,31.8,NEW,2026-06-20 09:03:05,2026-07-08 12:03:05,Demo Region B,Synthetic defensive observation representing an account-security-related risk.,Credential Access,Valid Accounts,
THR-2026-1947,2026-10-01 09:03:05,Credential Exposure Indicator,CREDENTIAL THREATS,IP ADDRESS,192.0.2.170,Research Report,B,77,LOW,45.8,CLOSED,2026-06-10 09:03:05,2026-06-13 08:03:05,Synthetic Region,Synthetic defensive observation representing a credential-related security risk.,Credential Access,Valid Accounts,
THR-2026-1948,2026-10-01 09:03:05,Network Communication Anomaly,NETWORK THREATS,IP ADDRESS,198.51.100.171,Research Report,B,43,HIGH,62.2,NEW,2026-04-27 09:03:05,2026-05-16 20:03:05,Demo Region B,Synthetic defensive observation representing a network-related security risk.,Command and Control,Application Layer Protocol,
THR-2026-1949,2026-10-01 09:03:05,Ransomware Awareness Simulation,RANSOMWARE,URL,https://service-notice-1949.invalid/account/check,Security Vendor,A,47,INFORMATIONAL,24.8,UNDER_REVIEW,2026-05-05 09:03:05,2026-05-22 17:03:05,Demo Region B,Synthetic defensive observation representing a ransomware-related risk pattern.,Impact,Data Encrypted for Impact,
THR-2026-1950,2026-10-01 09:03:05,Suspicious Credential Collection Pattern,PHISHING,DOMAIN,identity-check-1950.invalid,Internal SOC,A,41,HIGH,61.4,FALSE_POSITIVE,2026-08-29 09:03:05,2026-09-15 18:03:05,Demo Region A,Synthetic defensive observation representing a possible phishing-related indicator.,Initial Access,Phishing,
THR-2026-1951,2026-10-01 09:03:05,Synthetic Login Impersonation Campaign,PHISHING,IP ADDRESS,198.51.100.174,Unknown Source,D,45,HIGH,63.0,CLOSED,2026-08-28 09:03:05,2026-09-06 10:03:05,Demo Region A,Synthetic defensive observation representing a possible phishing-related indicator.,Initial Access,Phishing,
THR-2026-1952,2026-10-01 09:03:05,Vulnerability Risk Assessment,VULNERABILITY EXPOSURE,URL,https://system-alert-1952.invalid/login,Research Report,B,38,HIGH,60.2,MONITORING,2026-04-19 09:03:05,2026-05-10 07:03:05,Demo Region C,Synthetic defensive observation representing potential vulnerability exposure.,Initial Access,User Execution,
THR-2026-1953,2026-10-01 09:03:05,Unpatched Software Awareness Record,VULNERABILITY EXPOSURE,IP ADDRESS,203.0.113.176,Public Threat Feed,B,48,HIGH,64.2,CLOSED,2026-09-18 09:03:05,2026-09-30 20:03:05,Not Available,Synthetic defensive observation representing potential vulnerability exposure.,Initial Access,User Execution,
THR-2026-1954,2026-10-01 09:03:05,Synthetic Ransomware Infrastructure,RANSOMWARE,CVE ID,CVE-2025-2954,Community Submission,C,68,MEDIUM,57.2,NEW,2026-09-14 09:03:05,2026-09-19 13:03:05,Not Available,Synthetic defensive observation representing a ransomware-related risk pattern.,Impact,Data Encrypted for Impact,CVE-2025-2954
THR-2026-1955,2026-10-01 09:03:05,Synthetic Account Security Event,ACCOUNT SECURITY,CVE ID,CVE-2024-2955,Public Threat Feed,B,93,MEDIUM,67.2,CLOSED,2026-07-27 09:03:05,2026-08-26 01:03:05,Demo Region B,Synthetic defensive observation representing an account-security-related risk.,Credential Access,Valid Accounts,CVE-2024-2955
THR-2026-1956,2026-10-01 09:03:05,Credential Exposure Indicator,CREDENTIAL THREATS,CVE ID,CVE-2023-2956,Security Vendor,A,34,MEDIUM,43.6,NEW,2026-09-05 09:03:05,2026-09-09 11:03:05,Demo Region A,Synthetic defensive observation representing a credential-related security risk.,Credential Access,Valid Accounts,CVE-2023-2956
THR-2026-1957,2026-10-01 09:03:05,Synthetic Data Exposure Observation,DATA EXPOSURE,FILE HASH,c3300cb536d40401f715cd9166a370ac4b48d25cd3351afca483d9d34a8f60e6,Unknown Source,D,69,INFORMATIONAL,33.6,CLOSED,2026-05-12 09:03:05,2026-05-26 08:03:05,Demo Region A,Synthetic defensive observation representing a possible data exposure concern.,Collection,Data from Information Repositories,
THR-2026-1958,2026-10-01 09:03:05,Synthetic Login Impersonation Campaign,PHISHING,FILE HASH,301b2d1ad93169b069543ce0807fedd8218b99e506e9dede106d353c7cea842b,Community Submission,C,53,INFORMATIONAL,27.2,UNDER_REVIEW,2026-08-23 09:03:05,2026-09-03 12:03:05,Demo Region C,Synthetic defensive observation representing a possible phishing-related indicator.,Initial Access,Phishing,
THR-2026-1959,2026-10-01 09:03:05,Authentication Risk Observation,ACCOUNT SECURITY,URL,https://security-alert-1959.invalid/login,Security Vendor,A,47,LOW,33.8,UNDER_REVIEW,2026-05-27 09:03:05,2026-06-26 21:03:05,Demo Region B,Synthetic defensive observation representing an account-security-related risk.,Credential Access,Valid Accounts,
THR-2026-1960,2026-10-01 09:03:05,Potential Data Exposure Pattern,DATA EXPOSURE,FILE HASH,df79bed6348c040828a5b42c6aa1cb3797374bbb241f8dc81002e560aea86ea9,Security Vendor,A,62,INFORMATIONAL,30.8,MONITORING,2026-08-25 09:03:05,2026-08-28 21:03:05,Synthetic Region,Synthetic defensive observation representing a possible data exposure concern.,Collection,Data from Information Repositories,
THR-2026-1961,2026-10-01 09:03:05,Suspicious Web Infrastructure,WEB THREATS,EMAIL/SENDER DOMAIN,sender-1961.invalid,Security Vendor,A,73,HIGH,74.2,UNDER_REVIEW,2026-08-12 09:03:05,2026-09-05 08:03:05,Not Available,Synthetic defensive observation representing a suspicious web-related indicator.,Initial Access,Phishing,
THR-2026-1962,2026-10-01 09:03:05,Credential Abuse Observation,CREDENTIAL THREATS,URL,https://identity-check-1962.invalid/security/notice,Public Threat Feed,B,27,MEDIUM,40.8,FALSE_POSITIVE,2026-05-25 09:03:05,2026-06-21 01:03:05,Not Available,Synthetic defensive observation representing a credential-related security risk.,Credential Access,Valid Accounts,
THR-2026-1963,2026-10-01 09:03:05,Account Protection Alert,ACCOUNT SECURITY,URL,https://login-check-1963.invalid/security/notice,Internal SOC,A,46,MEDIUM,48.4,MONITORING,2026-06-27 09:03:05,2026-07-17 06:03:05,Not Available,Synthetic defensive observation representing an account-security-related risk.,Credential Access,Valid Accounts,
THR-2026-1964,2026-10-01 09:03:05,Synthetic Malicious File Pattern,MALWARE,EMAIL/SENDER DOMAIN,sender-1964.invalid,Security Vendor,A,65,HIGH,71.0,UNDER_REVIEW,2026-04-09 09:03:05,2026-04-24 00:03:05,Not Available,Synthetic defensive observation representing a suspicious file or malware-related indicator.,Execution,User Execution,
THR-2026-1965,2026-10-01 09:03:05,Vulnerability Risk Assessment,VULNERABILITY EXPOSURE,FILE HASH,cfa1cb8521bcba4bd15337b769dbcc91ecac8eb1beb848c0ca357226c10b6271,Research Report,B,65,LOW,41.0,CLOSED,2026-08-02 09:03:05,2026-08-10 14:03:05,Synthetic Region,Synthetic defensive observation representing potential vulnerability exposure.,Initial Access,User Execution,
THR-2026-1966,2026-10-01 09:03:05,Synthetic Network Infrastructure,NETWORK THREATS,DOMAIN,account-verify-1966.invalid,Security Vendor,A,97,HIGH,83.8,MONITORING,2026-09-26 09:03:05,2026-10-09 11:03:05,Demo Region C,Synthetic defensive observation representing a network-related security risk.,Command and Control,Application Layer Protocol,
THR-2026-1967,2026-10-01 09:03:05,Synthetic Malicious File Pattern,MALWARE,DOMAIN,account-support-1967.invalid,Community Submission,C,72,LOW,43.8,NEW,2026-08-21 09:03:05,2026-08-26 03:03:05,Demo Region A,Synthetic defensive observation representing a suspicious file or malware-related indicator.,Execution,User Execution,
THR-2026-1968,2026-10-01 09:03:05,Synthetic Network Infrastructure,NETWORK THREATS,FILE HASH,f73c3ea07d65f90f4a784266ff8d512642068727af333cf6c9f06f09651ffdca,Public Threat Feed,B,65,LOW,41.0,CLOSED,2026-04-13 09:03:05,2026-05-06 03:03:05,Demo Region B,Synthetic defensive observation representing a network-related security risk.,Command and Control,Application Layer Protocol,
THR-2026-1969,2026-10-01 09:03:05,Synthetic Account Credential Threat,CREDENTIAL THREATS,FILE HASH,97d0c1fefb9dd8bc67a3668f7092fcb8a2039eb87729cf577cc8aa3ea99e7b51,Security Vendor,A,77,HIGH,75.8,CLOSED,2026-04-24 09:03:05,2026-05-17 18:03:05,Demo Region A,Synthetic defensive observation representing a credential-related security risk.,Credential Access,Valid Accounts,
THR-2026-1970,2026-10-01 09:03:05,Synthetic Vulnerability Observation,VULNERABILITY EXPOSURE,IP ADDRESS,198.51.100.193,Internal SOC,A,90,MEDIUM,66.0,UNDER_REVIEW,2026-04-18 09:03:05,2026-05-10 02:03:05,Demo Region A,Synthetic defensive observation representing potential vulnerability exposure.,Initial Access,User Execution,
THR-2026-1971,2026-10-01 09:03:05,Synthetic Account Credential Threat,CREDENTIAL THREATS,CVE ID,CVE-2022-2971,Internal SOC,A,93,LOW,52.2,NEW,2026-09-19 09:03:05,2026-09-28 03:03:05,Demo Region B,Synthetic defensive observation representing a credential-related security risk.,Credential Access,Valid Accounts,CVE-2022-2971
THR-2026-1972,2026-10-01 09:03:05,Synthetic Malware Indicator Cluster,MALWARE,DOMAIN,account-verify-1972.invalid,Internal SOC,A,47,LOW,33.8,FALSE_POSITIVE,2026-06-27 09:03:05,2026-07-20 18:03:05,Demo Region C,Synthetic defensive observation representing a suspicious file or malware-related indicator.,Execution,User Execution,
THR-2026-1973,2026-10-01 09:03:05,Synthetic Ransomware Indicator Cluster,RANSOMWARE,FILE HASH,c78701648e707b7cd1485d3cd1b4c7299150f1eff79c105c53f29d77d7d49fd3,Public Threat Feed,B,76,MEDIUM,60.4,MONITORING,2026-09-28 09:03:05,2026-10-02 03:03:05,Not Available,Synthetic defensive observation representing a ransomware-related risk pattern.,Impact,Data Encrypted for Impact,
THR-2026-1974,2026-10-01 09:03:05,Suspicious Web Infrastructure,WEB THREATS,EMAIL/SENDER DOMAIN,sender-1974.invalid,Public Threat Feed,B,74,MEDIUM,59.6,CLOSED,2026-07-14 09:03:05,2026-08-07 13:03:05,Demo Region A,Synthetic defensive observation representing a suspicious web-related indicator.,Initial Access,Phishing,
THR-2026-1975,2026-10-01 09:03:05,File Encryption Threat Pattern,RANSOMWARE,EMAIL/SENDER DOMAIN,sender-1975.invalid,Research Report,B,88,CRITICAL,92.2,MONITORING,2026-04-20 09:03:05,2026-05-07 00:03:05,Demo Region C,Synthetic defensive observation representing a ransomware-related risk pattern.,Impact,Data Encrypted for Impact,
THR-2026-1976,2026-10-01 09:03:05,Synthetic Network Threat Observation,NETWORK THREATS,CVE ID,CVE-2025-2976,Research Report,B,61,MEDIUM,54.4,CLOSED,2026-07-13 09:03:05,2026-08-07 08:03:05,Not Available,Synthetic defensive observation representing a network-related security risk.,Command and Control,Application Layer Protocol,CVE-2025-2976
THR-2026-1977,2026-10-01 09:03:05,File Encryption Threat Pattern,RANSOMWARE,DOMAIN,identity-check-1977.invalid,Community Submission,C,39,MEDIUM,45.6,NEW,2026-08-25 09:03:05,2026-09-16 22:03:05,Demo Region B,Synthetic defensive observation representing a ransomware-related risk pattern.,Impact,Data Encrypted for Impact,
THR-2026-1978,2026-10-01 09:03:05,Suspicious Authentication Pattern,CREDENTIAL THREATS,DOMAIN,login-check-1978.invalid,Internal SOC,A,33,LOW,28.2,UNDER_REVIEW,2026-07-20 09:03:05,2026-07-26 04:03:05,Not Available,Synthetic defensive observation representing a credential-related security risk.,Credential Access,Valid Accounts,
THR-2026-1979,2026-10-01 09:03:05,Endpoint Malware Indicator Cluster,MALWARE,URL,https://credential-review-1979.invalid/identity/verify,Unknown Source,D,97,HIGH,83.8,UNDER_REVIEW,2026-09-02 09:03:05,2026-09-05 00:03:05,Demo Region B,Synthetic defensive observation representing a suspicious file or malware-related indicator.,Execution,User Execution,
THR-2026-1980,2026-10-01 09:03:05,Synthetic Account Security Event,ACCOUNT SECURITY,EMAIL/SENDER DOMAIN,sender-1980.invalid,Community Submission,C,60,MEDIUM,54.0,UNDER_REVIEW,2026-04-07 09:03:05,2026-04-23 12:03:05,Not Available,Synthetic defensive observation representing an account-security-related risk.,Credential Access,Valid Accounts,
THR-2026-1981,2026-10-01 09:03:05,Suspicious File Hash Observation,MALWARE,CVE ID,CVE-2026-2981,Research Report,B,53,INFORMATIONAL,27.2,NEW,2026-06-14 09:03:05,2026-06-27 09:03:05,Demo Region A,Synthetic defensive observation representing a suspicious file or malware-related indicator.,Execution,User Execution,CVE-2026-2981
THR-2026-1982,2026-10-01 09:03:05,Synthetic Credential Phishing Campaign,PHISHING,URL,https://mail-protection-1982.invalid/review,Security Vendor,A,68,LOW,42.2,MONITORING,2026-05-14 09:03:05,2026-05-26 15:03:05,Demo Region A,Synthetic defensive observation representing a possible phishing-related indicator.,Initial Access,Phishing,
THR-2026-1983,2026-10-01 09:03:05,Synthetic Login Impersonation Campaign,PHISHING,URL,https://account-verify-1983.invalid/security/notice,Security Vendor,A,92,LOW,51.8,UNDER_REVIEW,2026-05-13 09:03:05,2026-06-04 09:03:05,Not Available,Synthetic defensive observation representing a possible phishing-related indicator.,Initial Access,Phishing,
THR-2026-1984,2026-10-01 09:03:05,Vulnerability Risk Assessment,VULNERABILITY EXPOSURE,EMAIL/SENDER DOMAIN,sender-1984.invalid,Community Submission,C,97,LOW,53.8,CLOSED,2026-09-15 09:03:05,2026-09-16 23:03:05,Not Available,Synthetic defensive observation representing potential vulnerability exposure.,Initial Access,User Execution,
THR-2026-1985,2026-10-01 09:03:05,Ransomware Awareness Simulation,RANSOMWARE,FILE HASH,9d1e7820f4bc844396586caaf35e024cd2b9fd10059f550966c58cd967d23ca7,Security Vendor,A,54,CRITICAL,78.6,UNDER_REVIEW,2026-05-11 09:03:05,2026-06-08 15:03:05,Demo Region B,Synthetic defensive observation representing a ransomware-related risk pattern.,Impact,Data Encrypted for Impact,
THR-2026-1986,2026-10-01 09:03:05,Synthetic Human-Factor Threat,SOCIAL ENGINEERING,FILE HASH,caca212b11645d4bd327adc6fb68b02c487af5b972a2b7b1662aa28bc93abd15,Unknown Source,D,68,LOW,42.2,CLOSED,2026-09-01 09:03:05,2026-09-30 05:03:05,Demo Region B,Synthetic defensive observation representing a social-engineering-related risk.,Initial Access,Phishing,
THR-2026-1987,2026-10-01 09:03:05,Impersonation Activity Observation,SOCIAL ENGINEERING,IP ADDRESS,192.0.2.210,Internal SOC,A,64,MEDIUM,55.6,UNDER_REVIEW,2026-09-30 09:03:05,2026-10-02 15:03:05,Not Available,Synthetic defensive observation representing a social-engineering-related risk.,Initial Access,Phishing,
THR-2026-1988,2026-10-01 09:03:05,Credential Abuse Observation,CREDENTIAL THREATS,DOMAIN,account-support-1988.invalid,Community Submission,C,94,LOW,52.6,NEW,2026-08-04 09:03:05,2026-08-15 14:03:05,Not Available,Synthetic defensive observation representing a credential-related security risk.,Credential Access,Valid Accounts,
THR-2026-1989,2026-10-01 09:03:05,Synthetic Data Exposure Observation,DATA EXPOSURE,FILE HASH,2b5e8e1e698dc281e3516a11dfed46949849a73b96b5cd1a338951493178c0b2,Research Report,B,27,CRITICAL,67.8,CLOSED,2026-05-30 09:03:05,2026-06-14 21:03:05,Demo Region A,Synthetic defensive observation representing a possible data exposure concern.,Collection,Data from Information Repositories,
THR-2026-1990,2026-10-01 09:03:05,Network Communication Anomaly,NETWORK THREATS,EMAIL/SENDER DOMAIN,sender-1990.invalid,Community Submission,C,93,LOW,52.2,NEW,2026-09-05 09:03:05,2026-10-03 05:03:05,Demo Region B,Synthetic defensive observation representing a network-related security risk.,Command and Control,Application Layer Protocol,
THR-2026-1991,2026-10-01 09:03:05,Suspicious Account Activity,ACCOUNT SECURITY,DOMAIN,credential-review-1991.invalid,Internal SOC,A,77,MEDIUM,60.8,FALSE_POSITIVE,2026-06-05 09:03:05,2026-07-05 01:03:05,Demo Region C,Synthetic defensive observation representing an account-security-related risk.,Credential Access,Valid Accounts,
THR-2026-1992,2026-10-01 09:03:05,Vulnerability Risk Assessment,VULNERABILITY EXPOSURE,EMAIL/SENDER DOMAIN,sender-1992.invalid,Community Submission,C,56,HIGH,67.4,NEW,2026-04-06 09:03:05,2026-04-15 20:03:05,Demo Region B,Synthetic defensive observation representing potential vulnerability exposure.,Initial Access,User Execution,
THR-2026-1993,2026-10-01 09:03:05,Synthetic Ransomware Infrastructure,RANSOMWARE,CVE ID,CVE-2025-2993,Community Submission,C,76,MEDIUM,60.4,NEW,2026-06-24 09:03:05,2026-07-18 14:03:05,Not Available,Synthetic defensive observation representing a ransomware-related risk pattern.,Impact,Data Encrypted for Impact,CVE-2025-2993
THR-2026-1994,2026-10-01 09:03:05,Synthetic Ransomware Infrastructure,RANSOMWARE,URL,https://credential-review-1994.invalid/account/check,Community Submission,C,89,LOW,50.6,UNDER_REVIEW,2026-05-09 09:03:05,2026-06-06 14:03:05,Demo Region C,Synthetic defensive observation representing a ransomware-related risk pattern.,Impact,Data Encrypted for Impact,
THR-2026-1995,2026-10-01 09:03:05,Suspicious Account Activity,ACCOUNT SECURITY,URL,https://secure-login-1995.invalid/review,Unknown Source,D,81,MEDIUM,62.4,MONITORING,2026-07-16 09:03:05,2026-08-13 13:03:05,Synthetic Region,Synthetic defensive observation representing an account-security-related risk.,Credential Access,Valid Accounts,
THR-2026-1996,2026-10-01 09:03:05,Synthetic Human-Factor Threat,SOCIAL ENGINEERING,DOMAIN,account-support-1996.invalid,Internal SOC,A,63,MEDIUM,55.2,NEW,2026-06-10 09:03:05,2026-06-29 04:03:05,Synthetic Region,Synthetic defensive observation representing a social-engineering-related risk.,Initial Access,Phishing,
THR-2026-1997,2026-10-01 09:03:05,Sensitive Data Protection Alert,DATA EXPOSURE,IP ADDRESS,203.0.113.220,Public Threat Feed,B,83,HIGH,78.2,MONITORING,2026-04-08 09:03:05,2026-04-30 00:03:05,Not Available,Synthetic defensive observation representing a possible data exposure concern.,Collection,Data from Information Repositories,
THR-2026-1998,2026-10-01 09:03:05,Authentication Risk Observation,ACCOUNT SECURITY,EMAIL/SENDER DOMAIN,sender-1998.invalid,Internal SOC,A,60,LOW,39.0,CLOSED,2026-05-23 09:03:05,2026-05-30 04:03:05,Demo Region A,Synthetic defensive observation representing an account-security-related risk.,Credential Access,Valid Accounts,
THR-2026-1999,2026-10-01 09:03:05,Synthetic Social Engineering Campaign,SOCIAL ENGINEERING,DOMAIN,identity-check-1999.invalid,Unknown Source,D,91,HIGH,81.4,UNDER_REVIEW,2026-07-05 09:03:05,2026-07-11 21:03:05,Synthetic Region,Synthetic defensive observation representing a social-engineering-related risk.,Initial Access,Phishing,
THR-2026-2000,2026-10-01 09:03:05,Synthetic Account Security Event,ACCOUNT SECURITY,EMAIL/SENDER DOMAIN,sender-2000.invalid,Public Threat Feed,B,62,INFORMATIONAL,30.8,CLOSED,2026-09-28 09:03:05,2026-10-24 04:03:05,Not Available,Synthetic defensive observation representing an account-security-related risk.,Credential Access,Valid Accounts,
THR-2026-2001,2026-10-01 09:03:05,Synthetic Credential Phishing Campaign,PHISHING,URL,https://account-verify-2001.invalid/verify,Security Vendor,A,29,HIGH,56.6,CLOSED,2026-06-20 09:03:05,2026-06-24 23:03:05,Synthetic Region,Synthetic defensive observation representing a possible phishing-related indicator.,Initial Access,Phishing,
THR-2026-2002,2026-10-01 09:03:05,Web Application Threat Observation,WEB THREATS,EMAIL/SENDER DOMAIN,sender-2002.invalid,Internal SOC,A,32,MEDIUM,42.8,FALSE_POSITIVE,2026-05-14 09:03:05,2026-05-19 17:03:05,Demo Region C,Synthetic defensive observation representing a suspicious web-related indicator.,Initial Access,Phishing,
THR-2026-2003,2026-10-01 09:03:05,Synthetic Malware Indicator Cluster,MALWARE,DOMAIN,login-check-2003.invalid,Community Submission,C,94,MEDIUM,67.6,CLOSED,2026-05-11 09:03:05,2026-05-18 06:03:05,Demo Region C,Synthetic defensive observation representing a suspicious file or malware-related indicator.,Execution,User Execution,
THR-2026-2004,2026-10-01 09:03:05,Suspicious Web Resource Pattern,WEB THREATS,CVE ID,CVE-2026-3004,Public Threat Feed,B,85,MEDIUM,64.0,NEW,2026-09-03 09:03:05,2026-09-20 20:03:05,Demo Region B,Synthetic defensive observation representing a suspicious web-related indicator.,Initial Access,Phishing,CVE-2026-3004
THR-2026-2005,2026-10-01 09:03:05,Synthetic Ransomware Infrastructure,RANSOMWARE,FILE HASH,e8ffbc75f88eebd46221525f780498465176872a102810865f1415d77247a252,Internal SOC,A,31,HIGH,57.4,CLOSED,2026-08-07 09:03:05,2026-08-09 06:03:05,Synthetic Region,Synthetic defensive observation representing a ransomware-related risk pattern.,Impact,Data Encrypted for Impact,
THR-2026-2006,2026-10-01 09:03:05,Endpoint Malware Indicator Cluster,MALWARE,EMAIL/SENDER DOMAIN,sender-2006.invalid,Unknown Source,D,70,HIGH,73.0,NEW,2026-08-09 09:03:05,2026-08-09 20:03:05,Demo Region C,Synthetic defensive observation representing a suspicious file or malware-related indicator.,Execution,User Execution,
THR-2026-2007,2026-10-01 09:03:05,Synthetic Data Exposure Observation,DATA EXPOSURE,URL,https://account-support-2007.invalid/account/check,Unknown Source,D,94,HIGH,82.6,UNDER_REVIEW,2026-07-17 09:03:05,2026-07-30 23:03:05,Not Available,Synthetic defensive observation representing a possible data exposure concern.,Collection,Data from Information Repositories,
THR-2026-2008,2026-10-01 09:03:05,Synthetic Credential Phishing Campaign,PHISHING,CVE ID,CVE-2022-3008,Research Report,B,45,MEDIUM,48.0,UNDER_REVIEW,2026-04-19 09:03:05,2026-05-14 10:03:05,Demo Region A,Synthetic defensive observation representing a possible phishing-related indicator.,Initial Access,Phishing,CVE-2022-3008
THR-2026-2009,2026-10-01 09:03:05,Synthetic Vulnerability Exposure,VULNERABILITY EXPOSURE,URL,https://security-alert-2009.invalid/verify,Public Threat Feed,B,62,LOW,39.8,CLOSED,2026-07-28 09:03:05,2026-08-02 04:03:05,Synthetic Region,Synthetic defensive observation representing potential vulnerability exposure.,Initial Access,User Execution,
THR-2026-2010,2026-10-01 09:03:05,Suspicious Web Infrastructure,WEB THREATS,CVE ID,CVE-2024-3010,Research Report,B,96,CRITICAL,95.4,NEW,2026-06-27 09:03:05,2026-07-02 18:03:05,Synthetic Region,Synthetic defensive observation representing a suspicious web-related indicator.,Initial Access,Phishing,CVE-2024-3010
THR-2026-2011,2026-10-01 09:03:05,File Encryption Threat Pattern,RANSOMWARE,IP ADDRESS,198.51.100.234,Research Report,B,80,HIGH,77.0,UNDER_REVIEW,2026-08-26 09:03:05,2026-09-05 22:03:05,Demo Region B,Synthetic defensive observation representing a ransomware-related risk pattern.,Impact,Data Encrypted for Impact,
THR-2026-2012,2026-10-01 09:03:05,Synthetic Malicious File Pattern,MALWARE,EMAIL/SENDER DOMAIN,sender-2012.invalid,Security Vendor,A,55,INFORMATIONAL,28.0,NEW,2026-04-21 09:03:05,2026-05-12 06:03:05,Synthetic Region,Synthetic defensive observation representing a suspicious file or malware-related indicator.,Execution,User Execution,
THR-2026-2013,2026-10-01 09:03:05,Web Application Threat Observation,WEB THREATS,FILE HASH,6b27b3a73aef482892e693d983a7dee6aaff9ee775bb13ac531425ee7044bb29,Community Submission,C,63,HIGH,70.2,UNDER_REVIEW,2026-07-19 09:03:05,2026-08-09 19:03:05,Not Available,Synthetic defensive observation representing a suspicious web-related indicator.,Initial Access,Phishing,
THR-2026-2014,2026-10-01 09:03:05,Account Protection Alert,ACCOUNT SECURITY,FILE HASH,c5ae50ae8ec8ec1fb1ddd1be1b0ad1e36fbc9c5ce90a24c96404d9e5cc406624,Community Submission,C,54,LOW,36.6,UNDER_REVIEW,2026-08-04 09:03:05,2026-08-14 09:03:05,Demo Region A,Synthetic defensive observation representing an account-security-related risk.,Credential Access,Valid Accounts,
THR-2026-2015,2026-10-01 09:03:05,Synthetic Web Threat Cluster,WEB THREATS,URL,https://service-notice-2015.invalid/account/check,Internal SOC,A,32,LOW,27.8,NEW,2026-07-29 09:03:05,2026-08-10 13:03:05,Demo Region A,Synthetic defensive observation representing a suspicious web-related indicator.,Initial Access,Phishing,
THR-2026-2016,2026-10-01 09:03:05,Impersonation Activity Observation,SOCIAL ENGINEERING,DOMAIN,account-verify-2016.invalid,Research Report,B,84,MEDIUM,63.6,MONITORING,2026-08-21 09:03:05,2026-09-03 17:03:05,Not Available,Synthetic defensive observation representing a social-engineering-related risk.,Initial Access,Phishing,
THR-2026-2017,2026-10-01 09:03:05,Sensitive Data Protection Alert,DATA EXPOSURE,URL,https://service-notice-2017.invalid/identity/verify,Community Submission,C,48,LOW,34.2,MONITORING,2026-04-12 09:03:05,2026-04-21 14:03:05,Demo Region B,Synthetic defensive observation representing a possible data exposure concern.,Collection,Data from Information Repositories,
THR-2026-2018,2026-10-01 09:03:05,Synthetic Malware Indicator Cluster,MALWARE,FILE HASH,35349700cfb222f89efd91a9290b09965315bd0ab78d5623b440ca7246486873,Public Threat Feed,B,87,MEDIUM,64.8,MONITORING,2026-04-26 09:03:05,2026-04-28 23:03:05,Demo Region A,Synthetic defensive observation representing a suspicious file or malware-related indicator.,Execution,User Execution,
THR-2026-2019,2026-10-01 09:03:05,Synthetic Login Impersonation Campaign,PHISHING,EMAIL/SENDER DOMAIN,sender-2019.invalid,Public Threat Feed,B,31,HIGH,57.4,CLOSED,2026-07-14 09:03:05,2026-08-02 11:03:05,Synthetic Region,Synthetic defensive observation representing a possible phishing-related indicator.,Initial Access,Phishing,
THR-2026-2020,2026-10-01 09:03:05,Web Application Threat Observation,WEB THREATS,URL,https://credential-review-2020.invalid/account/check,Public Threat Feed,B,52,HIGH,65.8,CLOSED,2026-08-25 09:03:05,2026-09-03 23:03:05,Demo Region A,Synthetic defensive observation representing a suspicious web-related indicator.,Initial Access,Phishing,
THR-2026-2021,2026-10-01 09:03:05,Suspicious File Hash Observation,MALWARE,URL,https://account-support-2021.invalid/security/notice,Research Report,B,98,HIGH,84.2,UNDER_REVIEW,2026-08-10 09:03:05,2026-08-18 18:03:05,Demo Region A,Synthetic defensive observation representing a suspicious file or malware-related indicator.,Execution,User Execution,
THR-2026-2022,2026-10-01 09:03:05,Credential Exposure Indicator,CREDENTIAL THREATS,FILE HASH,77d2f72470389c5e886f6461ad16c64377e85be7db45b287f614fb59134ef73d,Internal SOC,A,49,INFORMATIONAL,25.6,UNDER_REVIEW,2026-05-18 09:03:05,2026-05-24 22:03:05,Demo Region A,Synthetic defensive observation representing a credential-related security risk.,Credential Access,Valid Accounts,
THR-2026-2023,2026-10-01 09:03:05,Synthetic Account Credential Threat,CREDENTIAL THREATS,CVE ID,CVE-2026-3023,Research Report,B,48,HIGH,64.2,NEW,2026-09-21 09:03:05,2026-10-08 00:03:05,Not Available,Synthetic defensive observation representing a credential-related security risk.,Credential Access,Valid Accounts,CVE-2026-3023
THR-2026-2024,2026-10-01 09:03:05,Synthetic Network Infrastructure,NETWORK THREATS,DOMAIN,credential-review-2024.invalid,Internal SOC,A,50,MEDIUM,50.0,MONITORING,2026-07-19 09:03:05,2026-08-15 02:03:05,Demo Region B,Synthetic defensive observation representing a network-related security risk.,Command and Control,Application Layer Protocol,
THR-2026-2025,2026-10-01 09:03:05,Suspicious File Hash Observation,MALWARE,URL,https://account-verify-2025.invalid/verify,Research Report,B,64,MEDIUM,55.6,UNDER_REVIEW,2026-07-09 09:03:05,2026-08-05 06:03:05,Demo Region C,Synthetic defensive observation representing a suspicious file or malware-related indicator.,Execution,User Execution,
THR-2026-2026,2026-10-01 09:03:05,Synthetic Human-Factor Threat,SOCIAL ENGINEERING,EMAIL/SENDER DOMAIN,sender-2026.invalid,Community Submission,C,90,INFORMATIONAL,42.0,MONITORING,2026-09-03 09:03:05,2026-09-14 22:03:05,Demo Region B,Synthetic defensive observation representing a social-engineering-related risk.,Initial Access,Phishing,
THR-2026-2027,2026-10-01 09:03:05,Suspicious Web Resource Pattern,WEB THREATS,FILE HASH,a25152ca97e1d8240e998029bf22bf76f7b5f754ca2a653be986d810c6bdfbee,Unknown Source,D,81,HIGH,77.4,NEW,2026-06-26 09:03:05,2026-07-25 14:03:05,Not Available,Synthetic defensive observation representing a suspicious web-related indicator.,Initial Access,Phishing,
THR-2026-2028,2026-10-01 09:03:05,Suspicious Web Resource Pattern,WEB THREATS,DOMAIN,mail-protection-2028.invalid,Community Submission,C,42,HIGH,61.8,MONITORING,2026-04-29 09:03:05,2026-05-17 17:03:05,Synthetic Region,Synthetic defensive observation representing a suspicious web-related indicator.,Initial Access,Phishing,
THR-2026-2029,2026-10-01 09:03:05,Network Communication Anomaly,NETWORK THREATS,IP ADDRESS,203.0.113.252,Unknown Source,D,28,MEDIUM,41.2,UNDER_REVIEW,2026-09-21 09:03:05,2026-09-24 10:03:05,Synthetic Region,Synthetic defensive observation representing a network-related security risk.,Command and Control,Application Layer Protocol,
THR-2026-2030,2026-10-01 09:03:05,Account Protection Alert,ACCOUNT SECURITY,IP ADDRESS,203.0.113.253,Security Vendor,A,68,HIGH,72.2,MONITORING,2026-09-06 09:03:05,2026-09-28 11:03:05,Not Available,Synthetic defensive observation representing an account-security-related risk.,Credential Access,Valid Accounts,
THR-2026-2031,2026-10-01 09:03:05,Suspicious Web Resource Pattern,WEB THREATS,DOMAIN,identity-check-2031.invalid,Community Submission,C,90,MEDIUM,66.0,MONITORING,2026-07-16 09:03:05,2026-08-05 06:03:05,Not Available,Synthetic defensive observation representing a suspicious web-related indicator.,Initial Access,Phishing,
THR-2026-2032,2026-10-01 09:03:05,Social Engineering Risk Pattern,SOCIAL ENGINEERING,DOMAIN,system-alert-2032.invalid,Research Report,B,72,HIGH,73.8,UNDER_REVIEW,2026-07-08 09:03:05,2026-07-29 07:03:05,Not Available,Synthetic defensive observation representing a social-engineering-related risk.,Initial Access,Phishing,
THR-2026-2033,2026-10-01 09:03:05,Synthetic Information Exposure,DATA EXPOSURE,CVE ID,CVE-2022-3033,Security Vendor,A,31,HIGH,57.4,FALSE_POSITIVE,2026-08-25 09:03:05,2026-08-27 23:03:05,Not Available,Synthetic defensive observation representing a possible data exposure concern.,Collection,Data from Information Repositories,CVE-2022-3033
THR-2026-2034,2026-10-01 09:03:05,Synthetic Malware Indicator Cluster,MALWARE,DOMAIN,identity-check-2034.invalid,Unknown Source,D,49,MEDIUM,49.6,NEW,2026-04-28 09:03:05,2026-05-27 23:03:05,Synthetic Region,Synthetic defensive observation representing a suspicious file or malware-related indicator.,Execution,User Execution,
THR-2026-2035,2026-10-01 09:03:05,Suspicious Network Indicator Cluster,NETWORK THREATS,EMAIL/SENDER DOMAIN,sender-2035.invalid,Public Threat Feed,B,58,MEDIUM,53.2,CLOSED,2026-09-05 09:03:05,2026-09-30 17:03:05,Synthetic Region,Synthetic defensive observation representing a network-related security risk.,Command and Control,Application Layer Protocol,
THR-2026-2036,2026-10-01 09:03:05,File Encryption Threat Pattern,RANSOMWARE,EMAIL/SENDER DOMAIN,sender-2036.invalid,Internal SOC,A,91,CRITICAL,93.4,NEW,2026-09-09 09:03:05,2026-09-15 08:03:05,Demo Region A,Synthetic defensive observation representing a ransomware-related risk pattern.,Impact,Data Encrypted for Impact,
THR-2026-2037,2026-10-01 09:03:05,Potential Data Exposure Pattern,DATA EXPOSURE,EMAIL/SENDER DOMAIN,sender-2037.invalid,Community Submission,C,80,MEDIUM,62.0,CLOSED,2026-09-01 09:03:05,2026-09-25 11:03:05,Not Available,Synthetic defensive observation representing a possible data exposure concern.,Collection,Data from Information Repositories,
THR-2026-2038,2026-10-01 09:03:05,Potential Data Exposure Pattern,DATA EXPOSURE,IP ADDRESS,198.51.100.7,Community Submission,C,68,CRITICAL,84.2,UNDER_REVIEW,2026-09-28 09:03:05,2026-10-26 09:03:05,Demo Region A,Synthetic defensive observation representing a possible data exposure concern.,Collection,Data from Information Repositories,
THR-2026-2039,2026-10-01 09:03:05,Synthetic Human-Factor Threat,SOCIAL ENGINEERING,EMAIL/SENDER DOMAIN,sender-2039.invalid,Security Vendor,A,65,INFORMATIONAL,32.0,UNDER_REVIEW,2026-05-10 09:03:05,2026-06-06 22:03:05,Not Available,Synthetic defensive observation representing a social-engineering-related risk.,Initial Access,Phishing,
THR-2026-2040,2026-10-01 09:03:05,Credential Abuse Observation,CREDENTIAL THREATS,URL,https://security-alert-2040.invalid/review,Unknown Source,D,65,HIGH,71.0,MONITORING,2026-05-24 09:03:05,2026-06-10 09:03:05,Demo Region A,Synthetic defensive observation representing a credential-related security risk.,Credential Access,Valid Accounts,
THR-2026-2041,2026-10-01 09:03:05,Credential Exposure Indicator,CREDENTIAL THREATS,DOMAIN,secure-login-2041.invalid,Internal SOC,A,40,INFORMATIONAL,22.0,UNDER_REVIEW,2026-05-06 09:03:05,2026-05-14 03:03:05,Demo Region A,Synthetic defensive observation representing a credential-related security risk.,Credential Access,Valid Accounts,
THR-2026-2042,2026-10-01 09:03:05,Sensitive Data Protection Alert,DATA EXPOSURE,DOMAIN,account-support-2042.invalid,Security Vendor,A,64,CRITICAL,82.6,NEW,2026-04-18 09:03:05,2026-05-15 19:03:05,Demo Region A,Synthetic defensive observation representing a possible data exposure concern.,Collection,Data from Information Repositories,
THR-2026-2043,2026-10-01 09:03:05,Synthetic Vulnerability Exposure,VULNERABILITY EXPOSURE,IP ADDRESS,203.0.113.12,Public Threat Feed,B,92,INFORMATIONAL,42.8,MONITORING,2026-05-17 09:03:05,2026-06-11 12:03:05,Demo Region A,Synthetic defensive observation representing potential vulnerability exposure.,Initial Access,User Execution,
THR-2026-2044,2026-10-01 09:03:05,Synthetic Network Infrastructure,NETWORK THREATS,IP ADDRESS,192.0.2.13,Security Vendor,A,84,LOW,48.6,CLOSED,2026-06-20 09:03:05,2026-06-22 19:03:05,Demo Region B,Synthetic defensive observation representing a network-related security risk.,Command and Control,Application Layer Protocol,
THR-2026-2045,2026-10-01 09:03:05,Unpatched Software Awareness Record,VULNERABILITY EXPOSURE,DOMAIN,credential-review-2045.invalid,Community Submission,C,69,INFORMATIONAL,33.6,MONITORING,2026-04-30 09:03:05,2026-05-13 03:03:05,Demo Region B,Synthetic defensive observation representing potential vulnerability exposure.,Initial Access,User Execution,
THR-2026-2046,2026-10-01 09:03:05,Credential Abuse Observation,CREDENTIAL THREATS,EMAIL/SENDER DOMAIN,sender-2046.invalid,Unknown Source,D,25,INFORMATIONAL,16.0,MONITORING,2026-07-07 09:03:05,2026-07-24 19:03:05,Demo Region A,Synthetic defensive observation representing a credential-related security risk.,Credential Access,Valid Accounts,
THR-2026-2047,2026-10-01 09:03:05,Suspicious Web Resource Pattern,WEB THREATS,FILE HASH,6109ea1ee1e29296c66f13bd3f740e58e7a8da0a6ba0d98ee7d6901a66822066,Research Report,B,67,LOW,41.8,UNDER_REVIEW,2026-06-26 09:03:05,2026-07-04 03:03:05,Not Available,Synthetic defensive observation representing a suspicious web-related indicator.,Initial Access,Phishing,
THR-2026-2048,2026-10-01 09:03:05,Suspicious Network Indicator Cluster,NETWORK THREATS,URL,https://security-alert-2048.invalid/verify,Research Report,B,56,MEDIUM,52.4,UNDER_REVIEW,2026-04-10 09:03:05,2026-04-29 10:03:05,Not Available,Synthetic defensive observation representing a network-related security risk.,Command and Control,Application Layer Protocol,
THR-2026-2049,2026-10-01 09:03:05,Synthetic Human-Factor Threat,SOCIAL ENGINEERING,FILE HASH,4db86d755a00e94634de0b00a4840e97c6ce114469cd38225220ffed84b4a8c4,Community Submission,C,45,INFORMATIONAL,24.0,NEW,2026-05-01 09:03:05,2026-05-15 05:03:05,Synthetic Region,Synthetic defensive observation representing a social-engineering-related risk.,Initial Access,Phishing,
THR-2026-2050,2026-10-01 09:03:05,Synthetic Network Infrastructure,NETWORK THREATS,DOMAIN,identity-check-2050.invalid,Research Report,B,35,LOW,29.0,NEW,2026-07-27 09:03:05,2026-08-04 11:03:05,Demo Region A,Synthetic defensive observation representing a network-related security risk.,Command and Control,Application Layer Protocol,
THR-2026-2051,2026-10-01 09:03:05,Synthetic Malicious File Pattern,MALWARE,EMAIL/SENDER DOMAIN,sender-2051.invalid,Public Threat Feed,B,84,CRITICAL,90.6,MONITORING,2026-04-21 09:03:05,2026-05-19 15:03:05,Not Available,Synthetic defensive observation representing a suspicious file or malware-related indicator.,Execution,User Execution,
THR-2026-2052,2026-10-01 09:03:05,Suspicious Web Infrastructure,WEB THREATS,FILE HASH,ffe6e6e326d7f9a8a0e64a19616b0ecab74686b4d319e3290fe2c0e521c4e62d,Internal SOC,A,72,INFORMATIONAL,34.8,CLOSED,2026-09-21 09:03:05,2026-09-28 06:03:05,Demo Region B,Synthetic defensive observation representing a suspicious web-related indicator.,Initial Access,Phishing,
THR-2026-2053,2026-10-01 09:03:05,Credential Exposure Indicator,CREDENTIAL THREATS,IP ADDRESS,198.51.100.22,Security Vendor,A,78,LOW,46.2,MONITORING,2026-06-14 09:03:05,2026-06-19 01:03:05,Demo Region C,Synthetic defensive observation representing a credential-related security risk.,Credential Access,Valid Accounts,
THR-2026-2054,2026-10-01 09:03:05,Suspicious Web Infrastructure,WEB THREATS,FILE HASH,08baecded0682bf7eef618857e38cbd8f0b0a7d296f8e23fb1c0d04302604837,Community Submission,C,54,HIGH,66.6,CLOSED,2026-07-11 09:03:05,2026-08-05 15:03:05,Not Available,Synthetic defensive observation representing a suspicious web-related indicator.,Initial Access,Phishing,
THR-2026-2055,2026-10-01 09:03:05,Suspicious Account Activity,ACCOUNT SECURITY,IP ADDRESS,198.51.100.24,Unknown Source,D,58,MEDIUM,53.2,UNDER_REVIEW,2026-04-15 09:03:05,2026-05-13 04:03:05,Not Available,Synthetic defensive observation representing an account-security-related risk.,Credential Access,Valid Accounts,
THR-2026-2056,2026-10-01 09:03:05,Synthetic Ransomware Infrastructure,RANSOMWARE,EMAIL/SENDER DOMAIN,sender-2056.invalid,Community Submission,C,60,MEDIUM,54.0,NEW,2026-05-23 09:03:05,2026-06-06 17:03:05,Demo Region C,Synthetic defensive observation representing a ransomware-related risk pattern.,Impact,Data Encrypted for Impact,
THR-2026-2057,2026-10-01 09:03:05,Synthetic Account Credential Threat,CREDENTIAL THREATS,URL,https://system-alert-2057.invalid/review,Research Report,B,42,HIGH,61.8,CLOSED,2026-08-30 09:03:05,2026-09-13 17:03:05,Demo Region A,Synthetic defensive observation representing a credential-related security risk.,Credential Access,Valid Accounts,
THR-2026-2058,2026-10-01 09:03:05,Synthetic Data Exposure Observation,DATA EXPOSURE,EMAIL/SENDER DOMAIN,sender-2058.invalid,Research Report,B,38,CRITICAL,72.2,MONITORING,2026-07-23 09:03:05,2026-08-17 08:03:05,Demo Region B,Synthetic defensive observation representing a possible data exposure concern.,Collection,Data from Information Repositories,
THR-2026-2059,2026-10-01 09:03:05,Credential Abuse Observation,CREDENTIAL THREATS,EMAIL/SENDER DOMAIN,sender-2059.invalid,Internal SOC,A,91,MEDIUM,66.4,MONITORING,2026-05-24 09:03:05,2026-06-08 15:03:05,Synthetic Region,Synthetic defensive observation representing a credential-related security risk.,Credential Access,Valid Accounts,
THR-2026-2060,2026-10-01 09:03:05,Synthetic Data Exposure Observation,DATA EXPOSURE,DOMAIN,mail-protection-2060.invalid,Research Report,B,61,LOW,39.4,NEW,2026-06-07 09:03:05,2026-06-07 17:03:05,Demo Region B,Synthetic defensive observation representing a possible data exposure concern.,Collection,Data from Information Repositories,
THR-2026-2061,2026-10-01 09:03:05,Account Protection Alert,ACCOUNT SECURITY,IP ADDRESS,203.0.113.30,Security Vendor,A,69,HIGH,72.6,UNDER_REVIEW,2026-05-22 09:03:05,2026-06-18 05:03:05,Demo Region A,Synthetic defensive observation representing an account-security-related risk.,Credential Access,Valid Accounts,
THR-2026-2062,2026-10-01 09:03:05,Synthetic Data Exposure Observation,DATA EXPOSURE,DOMAIN,secure-login-2062.invalid,Security Vendor,A,58,LOW,38.2,UNDER_REVIEW,2026-09-20 09:03:05,2026-10-19 17:03:05,Demo Region B,Synthetic defensive observation representing a possible data exposure concern.,Collection,Data from Information Repositories,
THR-2026-2063,2026-10-01 09:03:05,Synthetic Malicious File Pattern,MALWARE,EMAIL/SENDER DOMAIN,sender-2063.invalid,Research Report,B,70,INFORMATIONAL,34.0,NEW,2026-06-04 09:03:05,2026-06-08 09:03:05,Demo Region C,Synthetic defensive observation representing a suspicious file or malware-related indicator.,Execution,User Execution,
THR-2026-2064,2026-10-01 09:03:05,Synthetic Login Impersonation Campaign,PHISHING,IP ADDRESS,203.0.113.33,Internal SOC,A,59,HIGH,68.6,UNDER_REVIEW,2026-05-09 09:03:05,2026-05-15 14:03:05,Demo Region C,Synthetic defensive observation representing a possible phishing-related indicator.,Initial Access,Phishing,
THR-2026-2065,2026-10-01 09:03:05,Potential Data Exposure Pattern,DATA EXPOSURE,CVE ID,CVE-2022-3065,Unknown Source,D,86,INFORMATIONAL,40.4,MONITORING,2026-04-26 09:03:05,2026-05-05 12:03:05,Demo Region B,Synthetic defensive observation representing a possible data exposure concern.,Collection,Data from Information Repositories,CVE-2022-3065
THR-2026-2066,2026-10-01 09:03:05,Sensitive Data Protection Alert,DATA EXPOSURE,FILE HASH,58ae00bcf31f88fb5a9c397582143c730f898b9b792c4fe5f7021b788fcb3c31,Research Report,B,96,HIGH,83.4,UNDER_REVIEW,2026-08-23 09:03:05,2026-09-15 21:03:05,Not Available,Synthetic defensive observation representing a possible data exposure concern.,Collection,Data from Information Repositories,
THR-2026-2067,2026-10-01 09:03:05,Credential Exposure Indicator,CREDENTIAL THREATS,DOMAIN,account-verify-2067.invalid,Public Threat Feed,B,88,MEDIUM,65.2,UNDER_REVIEW,2026-08-25 09:03:05,2026-08-30 18:03:05,Demo Region C,Synthetic defensive observation representing a credential-related security risk.,Credential Access,Valid Accounts,
THR-2026-2068,2026-10-01 09:03:05,Ransomware Awareness Simulation,RANSOMWARE,FILE HASH,8735ccf8acb728b39f9617e311a1998e9b56d693b558654551e4ce84ec2b7667,Internal SOC,A,31,MEDIUM,42.4,CLOSED,2026-08-12 09:03:05,2026-08-21 21:03:05,Demo Region A,Synthetic defensive observation representing a ransomware-related risk pattern.,Impact,Data Encrypted for Impact,
THR-2026-2069,2026-10-01 09:03:05,Synthetic Account Credential Threat,CREDENTIAL THREATS,IP ADDRESS,198.51.100.38,Research Report,B,94,INFORMATIONAL,43.6,UNDER_REVIEW,2026-06-08 09:03:05,2026-07-01 05:03:05,Demo Region A,Synthetic defensive observation representing a credential-related security risk.,Credential Access,Valid Accounts,
THR-2026-2070,2026-10-01 09:03:05,Synthetic Credential Phishing Campaign,PHISHING,IP ADDRESS,203.0.113.39,Research Report,B,55,MEDIUM,52.0,MONITORING,2026-06-16 09:03:05,2026-07-09 13:03:05,Not Available,Synthetic defensive observation representing a possible phishing-related indicator.,Initial Access,Phishing,
THR-2026-2071,2026-10-01 09:03:05,Suspicious Authentication Pattern,CREDENTIAL THREATS,FILE HASH,aa4346931fe01dfd624332f4d44674917debad1fbaa7da847ccdcad4783a226d,Public Threat Feed,B,26,MEDIUM,40.4,NEW,2026-06-03 09:03:05,2026-06-19 04:03:05,Demo Region A,Synthetic defensive observation representing a credential-related security risk.,Credential Access,Valid Accounts,
THR-2026-2072,2026-10-01 09:03:05,Suspicious File Hash Observation,MALWARE,FILE HASH,7784905bf8321998d05067f8349ae49d8b490fea017b5a6773e9488a86734d12,Internal SOC,A,97,MEDIUM,68.8,CLOSED,2026-09-24 09:03:05,2026-10-19 23:03:05,Not Available,Synthetic defensive observation representing a suspicious file or malware-related indicator.,Execution,User Execution,
THR-2026-2073,2026-10-01 09:03:05,Endpoint Malware Indicator Cluster,MALWARE,DOMAIN,login-check-2073.invalid,Security Vendor,A,46,MEDIUM,48.4,NEW,2026-09-07 09:03:05,2026-09-10 15:03:05,Not Available,Synthetic defensive observation representing a suspicious file or malware-related indicator.,Execution,User Execution,
THR-2026-2074,2026-10-01 09:03:05,Sensitive Data Protection Alert,DATA EXPOSURE,FILE HASH,8f466d5e9dbfa30f8a7408c1a0423ba8fe4ee8c9c64bf5466492e085bc1212e5,Security Vendor,A,88,MEDIUM,65.2,MONITORING,2026-08-14 09:03:05,2026-08-17 09:03:05,Demo Region C,Synthetic defensive observation representing a possible data exposure concern.,Collection,Data from Information Repositories,
THR-2026-2075,2026-10-01 09:03:05,Vulnerability Risk Assessment,VULNERABILITY EXPOSURE,IP ADDRESS,198.51.100.44,Community Submission,C,46,LOW,33.4,MONITORING,2026-09-13 09:03:05,2026-09-28 09:03:05,Demo Region C,Synthetic defensive observation representing potential vulnerability exposure.,Initial Access,User Execution,
THR-2026-2076,2026-10-01 09:03:05,Synthetic Account Credential Threat,CREDENTIAL THREATS,FILE HASH,33ccbda8ce3a2eb504f025e868e0258e5463b4c0e63d8d59a972c588de887af4,Public Threat Feed,B,53,CRITICAL,78.2,UNDER_REVIEW,2026-07-17 09:03:05,2026-08-13 13:03:05,Demo Region C,Synthetic defensive observation representing a credential-related security risk.,Credential Access,Valid Accounts,
THR-2026-2077,2026-10-01 09:03:05,Synthetic Malicious File Pattern,MALWARE,CVE ID,CVE-2025-3077,Security Vendor,A,68,INFORMATIONAL,33.2,UNDER_REVIEW,2026-08-07 09:03:05,2026-09-06 03:03:05,Demo Region A,Synthetic defensive observation representing a suspicious file or malware-related indicator.,Execution,User Execution,CVE-2025-3077
THR-2026-2078,2026-10-01 09:03:05,Synthetic Credential Phishing Campaign,PHISHING,EMAIL/SENDER DOMAIN,sender-2078.invalid,Research Report,B,82,LOW,47.8,UNDER_REVIEW,2026-08-15 09:03:05,2026-08-28 04:03:05,Demo Region B,Synthetic defensive observation representing a possible phishing-related indicator.,Initial Access,Phishing,
THR-2026-2079,2026-10-01 09:03:05,Vulnerability Risk Assessment,VULNERABILITY EXPOSURE,CVE ID,CVE-2024-3079,Security Vendor,A,53,LOW,36.2,MONITORING,2026-06-02 09:03:05,2026-06-15 11:03:05,Not Available,Synthetic defensive observation representing potential vulnerability exposure.,Initial Access,User Execution,CVE-2024-3079
THR-2026-2080,2026-10-01 09:03:05,Sensitive Data Protection Alert,DATA EXPOSURE,IP ADDRESS,203.0.113.49,Unknown Source,D,69,LOW,42.6,CLOSED,2026-07-01 09:03:05,2026-07-20 02:03:05,Demo Region A,Synthetic defensive observation representing a possible data exposure concern.,Collection,Data from Information Repositories,
THR-2026-2081,2026-10-01 09:03:05,Fake Account Verification Activity,PHISHING,DOMAIN,security-alert-2081.invalid,Public Threat Feed,B,39,LOW,30.6,FALSE_POSITIVE,2026-05-16 09:03:05,2026-06-03 11:03:05,Synthetic Region,Synthetic defensive observation representing a possible phishing-related indicator.,Initial Access,Phishing,
THR-2026-2082,2026-10-01 09:03:05,Vulnerability Risk Assessment,VULNERABILITY EXPOSURE,CVE ID,CVE-2024-3082,Research Report,B,93,HIGH,82.2,MONITORING,2026-07-27 09:03:05,2026-08-12 02:03:05,Not Available,Synthetic defensive observation representing potential vulnerability exposure.,Initial Access,User Execution,CVE-2024-3082
THR-2026-2083,2026-10-01 09:03:05,Synthetic Vulnerability Observation,VULNERABILITY EXPOSURE,DOMAIN,mail-protection-2083.invalid,Internal SOC,A,32,MEDIUM,42.8,MONITORING,2026-05-25 09:03:05,2026-06-10 17:03:05,Synthetic Region,Synthetic defensive observation representing potential vulnerability exposure.,Initial Access,User Execution,
THR-2026-2084,2026-10-01 09:03:05,Synthetic Credential Phishing Campaign,PHISHING,EMAIL/SENDER DOMAIN,sender-2084.invalid,Unknown Source,D,81,HIGH,77.4,NEW,2026-05-11 09:03:05,2026-05-14 03:03:05,Not Available,Synthetic defensive observation representing a possible phishing-related indicator.,Initial Access,Phishing,
THR-2026-2085,2026-10-01 09:03:05,Impersonation Activity Observation,SOCIAL ENGINEERING,URL,https://account-support-2085.invalid/identity/verify,Public Threat Feed,B,80,LOW,47.0,FALSE_POSITIVE,2026-09-19 09:03:05,2026-09-20 21:03:05,Synthetic Region,Synthetic defensive observation representing a social-engineering-related risk.,Initial Access,Phishing,
THR-2026-2086,2026-10-01 09:03:05,Synthetic Ransomware Infrastructure,RANSOMWARE,DOMAIN,service-notice-2086.invalid,Community Submission,C,60,CRITICAL,81.0,NEW,2026-07-24 09:03:05,2026-08-09 22:03:05,Synthetic Region,Synthetic defensive observation representing a ransomware-related risk pattern.,Impact,Data Encrypted for Impact,
THR-2026-2087,2026-10-01 09:03:05,Potential Data Exposure Pattern,DATA EXPOSURE,DOMAIN,security-alert-2087.invalid,Research Report,B,92,LOW,51.8,NEW,2026-07-11 09:03:05,2026-07-19 22:03:05,Demo Region B,Synthetic defensive observation representing a possible data exposure concern.,Collection,Data from Information Repositories,
THR-2026-2088,2026-10-01 09:03:05,Synthetic Ransomware Infrastructure,RANSOMWARE,IP ADDRESS,192.0.2.57,Unknown Source,D,87,LOW,49.8,NEW,2026-08-24 09:03:05,2026-09-20 09:03:05,Demo Region C,Synthetic defensive observation representing a ransomware-related risk pattern.,Impact,Data Encrypted for Impact,
THR-2026-2089,2026-10-01 09:03:05,Suspicious Authentication Pattern,CREDENTIAL THREATS,DOMAIN,login-check-2089.invalid,Community Submission,C,27,INFORMATIONAL,16.8,CLOSED,2026-05-21 09:03:05,2026-06-02 16:03:05,Synthetic Region,Synthetic defensive observation representing a credential-related security risk.,Credential Access,Valid Accounts,
THR-2026-2090,2026-10-01 09:03:05,Credential Exposure Indicator,CREDENTIAL THREATS,EMAIL/SENDER DOMAIN,sender-2090.invalid,Internal SOC,A,25,LOW,25.0,MONITORING,2026-05-21 09:03:05,2026-06-07 03:03:05,Demo Region A,Synthetic defensive observation representing a credential-related security risk.,Credential Access,Valid Accounts,
THR-2026-2091,2026-10-01 09:03:05,Suspicious File Hash Observation,MALWARE,FILE HASH,65c7b3759b2ab49b701e8efc56299cab91c79d05ebd1f59b4980c9cf4d2dffcd,Research Report,B,36,INFORMATIONAL,20.4,UNDER_REVIEW,2026-05-08 09:03:05,2026-06-02 08:03:05,Demo Region B,Synthetic defensive observation representing a suspicious file or malware-related indicator.,Execution,User Execution,
THR-2026-2092,2026-10-01 09:03:05,Synthetic Social Engineering Campaign,SOCIAL ENGINEERING,DOMAIN,credential-review-2092.invalid,Community Submission,C,93,HIGH,82.2,NEW,2026-06-05 09:03:05,2026-06-29 07:03:05,Synthetic Region,Synthetic defensive observation representing a social-engineering-related risk.,Initial Access,Phishing,
THR-2026-2093,2026-10-01 09:03:05,Synthetic Information Exposure,DATA EXPOSURE,CVE ID,CVE-2024-3093,Community Submission,C,35,LOW,29.0,NEW,2026-06-14 09:03:05,2026-06-29 17:03:05,Demo Region B,Synthetic defensive observation representing a possible data exposure concern.,Collection,Data from Information Repositories,CVE-2024-3093
THR-2026-2094,2026-10-01 09:03:05,Suspicious Credential Collection Pattern,PHISHING,IP ADDRESS,203.0.113.63,Public Threat Feed,B,90,HIGH,81.0,NEW,2026-04-08 09:03:05,2026-04-15 16:03:05,Demo Region A,Synthetic defensive observation representing a possible phishing-related indicator.,Initial Access,Phishing,
THR-2026-2095,2026-10-01 09:03:05,Suspicious Authentication Pattern,CREDENTIAL THREATS,FILE HASH,9e7a6e05a9a51c1b9897e9615b3b88a77046d7f07762b9cc30cff12e07097a04,Public Threat Feed,B,35,LOW,29.0,MONITORING,2026-09-07 09:03:05,2026-09-29 04:03:05,Demo Region C,Synthetic defensive observation representing a credential-related security risk.,Credential Access,Valid Accounts,
THR-2026-2096,2026-10-01 09:03:05,Sensitive Data Protection Alert,DATA EXPOSURE,DOMAIN,account-support-2096.invalid,Security Vendor,A,64,CRITICAL,82.6,NEW,2026-09-26 09:03:05,2026-10-03 05:03:05,Demo Region A,Synthetic defensive observation representing a possible data exposure concern.,Collection,Data from Information Repositories,
THR-2026-2097,2026-10-01 09:03:05,Network Communication Anomaly,NETWORK THREATS,DOMAIN,service-notice-2097.invalid,Research Report,B,60,HIGH,69.0,FALSE_POSITIVE,2026-06-17 09:03:05,2026-06-17 23:03:05,Synthetic Region,Synthetic defensive observation representing a network-related security risk.,Command and Control,Application Layer Protocol,
THR-2026-2098,2026-10-01 09:03:05,Suspicious Account Activity,ACCOUNT SECURITY,EMAIL/SENDER DOMAIN,sender-2098.invalid,Research Report,B,59,LOW,38.6,NEW,2026-06-12 09:03:05,2026-06-26 13:03:05,Demo Region A,Synthetic defensive observation representing an account-security-related risk.,Credential Access,Valid Accounts,
THR-2026-2099,2026-10-01 09:03:05,Potential Data Exposure Pattern,DATA EXPOSURE,DOMAIN,identity-check-2099.invalid,Security Vendor,A,27,HIGH,55.8,UNDER_REVIEW,2026-05-15 09:03:05,2026-06-13 11:03:05,Demo Region B,Synthetic defensive observation representing a possible data exposure concern.,Collection,Data from Information Repositories,
THR-2026-2100,2026-10-01 09:03:05,Sensitive Data Protection Alert,DATA EXPOSURE,FILE HASH,b5c6ee7f3cdea8be35fbdd804cdf3bf0e34ac9bf918ff3c09fc3194a88935ef5,Security Vendor,A,25,HIGH,55.0,NEW,2026-06-22 09:03:05,2026-06-26 10:03:05,Not Available,Synthetic defensive observation representing a possible data exposure concern.,Collection,Data from Information Repositories,
THR-2026-2101,2026-10-01 09:03:05,Impersonation Activity Observation,SOCIAL ENGINEERING,URL,https://service-notice-2101.invalid/account/check,Unknown Source,D,70,MEDIUM,58.0,MONITORING,2026-08-12 09:03:05,2026-08-25 18:03:05,Demo Region B,Synthetic defensive observation representing a social-engineering-related risk.,Initial Access,Phishing,
THR-2026-2102,2026-10-01 09:03:05,Impersonation Activity Observation,SOCIAL ENGINEERING,IP ADDRESS,192.0.2.71,Community Submission,C,45,LOW,33.0,MONITORING,2026-09-06 09:03:05,2026-10-01 02:03:05,Not Available,Synthetic defensive observation representing a social-engineering-related risk.,Initial Access,Phishing,
THR-2026-2103,2026-10-01 09:03:05,Synthetic Malicious File Pattern,MALWARE,EMAIL/SENDER DOMAIN,sender-2103.invalid,Internal SOC,A,78,LOW,46.2,FALSE_POSITIVE,2026-04-23 09:03:05,2026-04-29 05:03:05,Demo Region C,Synthetic defensive observation representing a suspicious file or malware-related indicator.,Execution,User Execution,
THR-2026-2104,2026-10-01 09:03:05,Synthetic Credential Phishing Campaign,PHISHING,URL,https://secure-login-2104.invalid/verify,Research Report,B,32,HIGH,57.8,CLOSED,2026-04-29 09:03:05,2026-05-04 16:03:05,Demo Region C,Synthetic defensive observation representing a possible phishing-related indicator.,Initial Access,Phishing,
THR-2026-2105,2026-10-01 09:03:05,Synthetic Vulnerability Exposure,VULNERABILITY EXPOSURE,IP ADDRESS,192.0.2.74,Security Vendor,A,96,LOW,53.4,NEW,2026-05-20 09:03:05,2026-05-24 23:03:05,Demo Region A,Synthetic defensive observation representing potential vulnerability exposure.,Initial Access,User Execution,
THR-2026-2106,2026-10-01 09:03:05,Synthetic Ransomware Indicator Cluster,RANSOMWARE,DOMAIN,account-verify-2106.invalid,Internal SOC,A,79,MEDIUM,61.6,FALSE_POSITIVE,2026-07-03 09:03:05,2026-07-05 13:03:05,Demo Region C,Synthetic defensive observation representing a ransomware-related risk pattern.,Impact,Data Encrypted for Impact,
THR-2026-2107,2026-10-01 09:03:05,Network Communication Anomaly,NETWORK THREATS,IP ADDRESS,198.51.100.76,Public Threat Feed,B,80,HIGH,77.0,CLOSED,2026-08-04 09:03:05,2026-09-04 08:03:05,Demo Region C,Synthetic defensive observation representing a network-related security risk.,Command and Control,Application Layer Protocol,
THR-2026-2108,2026-10-01 09:03:05,Synthetic Credential Phishing Campaign,PHISHING,URL,https://account-verify-2108.invalid/account/check,Security Vendor,A,78,CRITICAL,88.2,MONITORING,2026-04-21 09:03:05,2026-04-30 21:03:05,Demo Region A,Synthetic defensive observation representing a possible phishing-related indicator.,Initial Access,Phishing,
THR-2026-2109,2026-10-01 09:03:05,Synthetic Malicious File Pattern,MALWARE,URL,https://mail-protection-2109.invalid/verify,Unknown Source,D,51,MEDIUM,50.4,MONITORING,2026-07-13 09:03:05,2026-07-28 13:03:05,Demo Region B,Synthetic defensive observation representing a suspicious file or malware-related indicator.,Execution,User Execution,
THR-2026-2110,2026-10-01 09:03:05,Synthetic Data Exposure Observation,DATA EXPOSURE,FILE HASH,8352b2675446be494ea5637ebb95872ce31aac57f4352e2a799df7183b2bf12e,Security Vendor,A,93,CRITICAL,94.2,UNDER_REVIEW,2026-08-20 09:03:05,2026-09-19 19:03:05,Demo Region B,Synthetic defensive observation representing a possible data exposure concern.,Collection,Data from Information Repositories,
THR-2026-2111,2026-10-01 09:03:05,Ransomware Awareness Simulation,RANSOMWARE,FILE HASH,463f79c961d60a3ecb9884c0834f338cf442ef6d7bf40e2a5390ad6c140d264a,Research Report,B,75,INFORMATIONAL,36.0,UNDER_REVIEW,2026-06-23 09:03:05,2026-07-22 20:03:05,Demo Region B,Synthetic defensive observation representing a ransomware-related risk pattern.,Impact,Data Encrypted for Impact,
THR-2026-2112,2026-10-01 09:03:05,Web Application Threat Observation,WEB THREATS,IP ADDRESS,203.0.113.81,Community Submission,C,77,HIGH,75.8,CLOSED,2026-06-09 09:03:05,2026-06-25 17:03:05,Synthetic Region,Synthetic defensive observation representing a suspicious web-related indicator.,Initial Access,Phishing,
THR-2026-2113,2026-10-01 09:03:05,Synthetic Malware Indicator Cluster,MALWARE,CVE ID,CVE-2023-3113,Public Threat Feed,B,51,MEDIUM,50.4,MONITORING,2026-09-27 09:03:05,2026-09-28 22:03:05,Not Available,Synthetic defensive observation representing a suspicious file or malware-related indicator.,Execution,User Execution,CVE-2023-3113
THR-2026-2114,2026-10-01 09:03:05,Sensitive Data Protection Alert,DATA EXPOSURE,EMAIL/SENDER DOMAIN,sender-2114.invalid,Security Vendor,A,63,MEDIUM,55.2,MONITORING,2026-08-29 09:03:05,2026-09-05 19:03:05,Demo Region B,Synthetic defensive observation representing a possible data exposure concern.,Collection,Data from Information Repositories,
THR-2026-2115,2026-10-01 09:03:05,Synthetic Login Impersonation Campaign,PHISHING,URL,https://secure-login-2115.invalid/review,Security Vendor,A,95,HIGH,83.0,UNDER_REVIEW,2026-09-02 09:03:05,2026-09-06 11:03:05,Synthetic Region,Synthetic defensive observation representing a possible phishing-related indicator.,Initial Access,Phishing,
THR-2026-2116,2026-10-01 09:03:05,Authentication Risk Observation,ACCOUNT SECURITY,CVE ID,CVE-2024-3116,Community Submission,C,57,LOW,37.8,NEW,2026-08-17 09:03:05,2026-08-17 21:03:05,Demo Region C,Synthetic defensive observation representing an account-security-related risk.,Credential Access,Valid Accounts,CVE-2024-3116
THR-2026-2117,2026-10-01 09:03:05,Suspicious File Hash Observation,MALWARE,IP ADDRESS,203.0.113.86,Security Vendor,A,88,HIGH,80.2,NEW,2026-05-14 09:03:05,2026-05-31 11:03:05,Synthetic Region,Synthetic defensive observation representing a suspicious file or malware-related indicator.,Execution,User Execution,
THR-2026-2118,2026-10-01 09:03:05,Fake Account Verification Activity,PHISHING,CVE ID,CVE-2025-3118,Public Threat Feed,B,53,LOW,36.2,FALSE_POSITIVE,2026-04-10 09:03:05,2026-04-28 18:03:05,Demo Region A,Synthetic defensive observation representing a possible phishing-related indicator.,Initial Access,Phishing,CVE-2025-3118
THR-2026-2119,2026-10-01 09:03:05,Sensitive Data Protection Alert,DATA EXPOSURE,URL,https://account-support-2119.invalid/login,Research Report,B,76,MEDIUM,60.4,NEW,2026-07-26 09:03:05,2026-08-22 09:03:05,Demo Region A,Synthetic defensive observation representing a possible data exposure concern.,Collection,Data from Information Repositories,
THR-2026-2120,2026-10-01 09:03:05,Synthetic Login Impersonation Campaign,PHISHING,DOMAIN,security-alert-2120.invalid,Public Threat Feed,B,72,LOW,43.8,UNDER_REVIEW,2026-08-11 09:03:05,2026-09-02 08:03:05,Demo Region A,Synthetic defensive observation representing a possible phishing-related indicator.,Initial Access,Phishing,
THR-2026-2121,2026-10-01 09:03:05,Credential Abuse Observation,CREDENTIAL THREATS,IP ADDRESS,192.0.2.90,Public Threat Feed,B,31,HIGH,57.4,UNDER_REVIEW,2026-04-27 09:03:05,2026-05-21 01:03:05,Demo Region A,Synthetic defensive observation representing a credential-related security risk.,Credential Access,Valid Accounts,
THR-2026-2122,2026-10-01 09:03:05,Impersonation Activity Observation,SOCIAL ENGINEERING,DOMAIN,security-alert-2122.invalid,Research Report,B,89,HIGH,80.6,MONITORING,2026-09-17 09:03:05,2026-09-18 15:03:05,Demo Region A,Synthetic defensive observation representing a social-engineering-related risk.,Initial Access,Phishing,
THR-2026-2123,2026-10-01 09:03:05,Credential Exposure Indicator,CREDENTIAL THREATS,IP ADDRESS,203.0.113.92,Internal SOC,A,31,MEDIUM,42.4,UNDER_REVIEW,2026-09-08 09:03:05,2026-10-03 17:03:05,Demo Region A,Synthetic defensive observation representing a credential-related security risk.,Credential Access,Valid Accounts,
THR-2026-2124,2026-10-01 09:03:05,Suspicious Web Resource Pattern,WEB THREATS,FILE HASH,d0eb9a77cf7da1ba4ceb05ff3079134bcf04e035eafcffb7d8fa89769b3c6f87,Unknown Source,D,88,LOW,50.2,NEW,2026-09-05 09:03:05,2026-09-23 23:03:05,Demo Region A,Synthetic defensive observation representing a suspicious web-related indicator.,Initial Access,Phishing,
THR-2026-2125,2026-10-01 09:03:05,Synthetic Vulnerability Observation,VULNERABILITY EXPOSURE,DOMAIN,service-notice-2125.invalid,Unknown Source,D,31,HIGH,57.4,FALSE_POSITIVE,2026-05-24 09:03:05,2026-06-01 12:03:05,Synthetic Region,Synthetic defensive observation representing potential vulnerability exposure.,Initial Access,User Execution,
THR-2026-2126,2026-10-01 09:03:05,Suspicious Network Indicator Cluster,NETWORK THREATS,URL,https://login-check-2126.invalid/review,Research Report,B,51,LOW,35.4,NEW,2026-07-05 09:03:05,2026-07-12 19:03:05,Demo Region A,Synthetic defensive observation representing a network-related security risk.,Command and Control,Application Layer Protocol,
THR-2026-2127,2026-10-01 09:03:05,Synthetic Human-Factor Threat,SOCIAL ENGINEERING,DOMAIN,system-alert-2127.invalid,Community Submission,C,81,MEDIUM,62.4,NEW,2026-09-30 09:03:05,2026-10-15 13:03:05,Not Available,Synthetic defensive observation representing a social-engineering-related risk.,Initial Access,Phishing,
THR-2026-2128,2026-10-01 09:03:05,Credential Exposure Indicator,CREDENTIAL THREATS,FILE HASH,0280f9821813e10d52f1a6d338271c1611fc6cfa9a2edbc633a78596f9dacd84,Internal SOC,A,79,MEDIUM,61.6,CLOSED,2026-05-12 09:03:05,2026-06-04 01:03:05,Not Available,Synthetic defensive observation representing a credential-related security risk.,Credential Access,Valid Accounts,
THR-2026-2129,2026-10-01 09:03:05,File Encryption Threat Pattern,RANSOMWARE,DOMAIN,mail-protection-2129.invalid,Public Threat Feed,B,74,MEDIUM,59.6,MONITORING,2026-05-30 09:03:05,2026-06-14 12:03:05,Synthetic Region,Synthetic defensive observation representing a ransomware-related risk pattern.,Impact,Data Encrypted for Impact,
THR-2026-2130,2026-10-01 09:03:05,Credential Exposure Indicator,CREDENTIAL THREATS,IP ADDRESS,198.51.100.99,Internal SOC,A,96,HIGH,83.4,UNDER_REVIEW,2026-09-29 09:03:05,2026-10-04 18:03:05,Not Available,Synthetic defensive observation representing a credential-related security risk.,Credential Access,Valid Accounts,
THR-2026-2131,2026-10-01 09:03:05,Network Communication Anomaly,NETWORK THREATS,FILE HASH,4d68d177a664190f5de1d1485acfafad6ba53062a95c1d1935a820fd2c0b0190,Security Vendor,A,26,MEDIUM,40.4,UNDER_REVIEW,2026-04-17 09:03:05,2026-04-26 06:03:05,Demo Region B,Synthetic defensive observation representing a network-related security risk.,Command and Control,Application Layer Protocol,
THR-2026-2132,2026-10-01 09:03:05,Credential Abuse Observation,CREDENTIAL THREATS,FILE HASH,91788b474e9b70f43e3bf8bc528328837875f0563214d9756c0ec8485ef091a6,Research Report,B,40,LOW,31.0,MONITORING,2026-05-04 09:03:05,2026-05-05 21:03:05,Not Available,Synthetic defensive observation representing a credential-related security risk.,Credential Access,Valid Accounts,
THR-2026-2133,2026-10-01 09:03:05,Synthetic Social Engineering Campaign,SOCIAL ENGINEERING,URL,https://secure-login-2133.invalid/review,Research Report,B,74,MEDIUM,59.6,FALSE_POSITIVE,2026-04-09 09:03:05,2026-04-30 20:03:05,Synthetic Region,Synthetic defensive observation representing a social-engineering-related risk.,Initial Access,Phishing,
THR-2026-2134,2026-10-01 09:03:05,Synthetic Malware Indicator Cluster,MALWARE,DOMAIN,account-support-2134.invalid,Unknown Source,D,71,HIGH,73.4,CLOSED,2026-08-25 09:03:05,2026-08-27 19:03:05,Demo Region A,Synthetic defensive observation representing a suspicious file or malware-related indicator.,Execution,User Execution,
THR-2026-2135,2026-10-01 09:03:05,Suspicious Web Infrastructure,WEB THREATS,DOMAIN,secure-login-2135.invalid,Internal SOC,A,86,INFORMATIONAL,40.4,MONITORING,2026-08-06 09:03:05,2026-08-12 20:03:05,Not Available,Synthetic defensive observation representing a suspicious web-related indicator.,Initial Access,Phishing,
THR-2026-2136,2026-10-01 09:03:05,File Encryption Threat Pattern,RANSOMWARE,URL,https://mail-protection-2136.invalid/review,Community Submission,C,39,HIGH,60.6,FALSE_POSITIVE,2026-05-16 09:03:05,2026-06-12 16:03:05,Demo Region C,Synthetic defensive observation representing a ransomware-related risk pattern.,Impact,Data Encrypted for Impact,
THR-2026-2137,2026-10-01 09:03:05,Suspicious Web Resource Pattern,WEB THREATS,EMAIL/SENDER DOMAIN,sender-2137.invalid,Internal SOC,A,28,INFORMATIONAL,17.2,NEW,2026-07-15 09:03:05,2026-08-13 12:03:05,Not Available,Synthetic defensive observation representing a suspicious web-related indicator.,Initial Access,Phishing,
THR-2026-2138,2026-10-01 09:03:05,Synthetic Login Impersonation Campaign,PHISHING,URL,https://mail-protection-2138.invalid/verify,Internal SOC,A,72,LOW,43.8,CLOSED,2026-06-26 09:03:05,2026-07-12 08:03:05,Not Available,Synthetic defensive observation representing a possible phishing-related indicator.,Initial Access,Phishing,
THR-2026-2139,2026-10-01 09:03:05,Suspicious Web Infrastructure,WEB THREATS,FILE HASH,d3f73fa2537bd0d5b279fa4770d07f8d21d7c344afdea8242f5067b041774fa0,Security Vendor,A,67,LOW,41.8,MONITORING,2026-07-13 09:03:05,2026-07-30 11:03:05,Demo Region A,Synthetic defensive observation representing a suspicious web-related indicator.,Initial Access,Phishing,
THR-2026-2140,2026-10-01 09:03:05,Suspicious Credential Collection Pattern,PHISHING,IP ADDRESS,198.51.100.109,Public Threat Feed,B,78,HIGH,76.2,MONITORING,2026-08-22 09:03:05,2026-09-07 01:03:05,Demo Region A,Synthetic defensive observation representing a possible phishing-related indicator.,Initial Access,Phishing,
THR-2026-2141,2026-10-01 09:03:05,Synthetic Human-Factor Threat,SOCIAL ENGINEERING,DOMAIN,system-alert-2141.invalid,Security Vendor,A,39,MEDIUM,45.6,MONITORING,2026-05-14 09:03:05,2026-06-07 11:03:05,Synthetic Region,Synthetic defensive observation representing a social-engineering-related risk.,Initial Access,Phishing,
THR-2026-2142,2026-10-01 09:03:05,Synthetic Malicious File Pattern,MALWARE,DOMAIN,mail-protection-2142.invalid,Research Report,B,97,MEDIUM,68.8,UNDER_REVIEW,2026-05-24 09:03:05,2026-05-27 19:03:05,Demo Region C,Synthetic defensive observation representing a suspicious file or malware-related indicator.,Execution,User Execution,
THR-2026-2143,2026-10-01 09:03:05,Synthetic Vulnerability Exposure,VULNERABILITY EXPOSURE,CVE ID,CVE-2022-3143,Security Vendor,A,84,HIGH,78.6,MONITORING,2026-08-03 09:03:05,2026-08-26 21:03:05,Demo Region B,Synthetic defensive observation representing potential vulnerability exposure.,Initial Access,User Execution,CVE-2022-3143
THR-2026-2144,2026-10-01 09:03:05,Suspicious Web Resource Pattern,WEB THREATS,FILE HASH,e975ef307c2071d9fff784b8a1886ff81a9f489adf7fcb272fbec7977cd0fd7f,Public Threat Feed,B,72,HIGH,73.8,NEW,2026-06-14 09:03:05,2026-07-08 23:03:05,Demo Region B,Synthetic defensive observation representing a suspicious web-related indicator.,Initial Access,Phishing,
THR-2026-2145,2026-10-01 09:03:05,Synthetic Network Infrastructure,NETWORK THREATS,IP ADDRESS,198.51.100.114,Security Vendor,A,83,LOW,48.2,MONITORING,2026-09-15 09:03:05,2026-10-12 01:03:05,Demo Region A,Synthetic defensive observation representing a network-related security risk.,Command and Control,Application Layer Protocol,
THR-2026-2146,2026-10-01 09:03:05,Unpatched Software Awareness Record,VULNERABILITY EXPOSURE,URL,https://credential-review-2146.invalid/identity/verify,Research Report,B,54,CRITICAL,78.6,CLOSED,2026-04-13 09:03:05,2026-05-06 10:03:05,Demo Region A,Synthetic defensive observation representing potential vulnerability exposure.,Initial Access,User Execution,
THR-2026-2147,2026-10-01 09:03:05,Network Communication Anomaly,NETWORK THREATS,URL,https://mail-protection-2147.invalid/identity/verify,Research Report,B,48,INFORMATIONAL,25.2,MONITORING,2026-07-17 09:03:05,2026-08-12 11:03:05,Not Available,Synthetic defensive observation representing a network-related security risk.,Command and Control,Application Layer Protocol,
THR-2026-2148,2026-10-01 09:03:05,Synthetic Human-Factor Threat,SOCIAL ENGINEERING,CVE ID,CVE-2023-3148,Community Submission,C,45,MEDIUM,48.0,CLOSED,2026-08-17 09:03:05,2026-08-27 17:03:05,Not Available,Synthetic defensive observation representing a social-engineering-related risk.,Initial Access,Phishing,CVE-2023-3148
THR-2026-2149,2026-10-01 09:03:05,Synthetic Ransomware Infrastructure,RANSOMWARE,FILE HASH,e27f933248e36496057331a32a3a15e4880e026ca4c5633feda762306037102c,Internal SOC,A,63,MEDIUM,55.2,NEW,2026-06-08 09:03:05,2026-06-21 22:03:05,Demo Region B,Synthetic defensive observation representing a ransomware-related risk pattern.,Impact,Data Encrypted for Impact,
THR-2026-2150,2026-10-01 09:03:05,Impersonation Activity Observation,SOCIAL ENGINEERING,CVE ID,CVE-2025-3150,Research Report,B,43,HIGH,62.2,UNDER_REVIEW,2026-09-13 09:03:05,2026-10-11 07:03:05,Demo Region C,Synthetic defensive observation representing a social-engineering-related risk.,Initial Access,Phishing,CVE-2025-3150
THR-2026-2151,2026-10-01 09:03:05,Synthetic Information Exposure,DATA EXPOSURE,FILE HASH,e2d69a8c3bbc847c2fd8947d1314ce6e42bd8ab25e1a7d3cd256e5aedc0ab3d0,Community Submission,C,70,HIGH,73.0,CLOSED,2026-08-29 09:03:05,2026-09-05 01:03:05,Not Available,Synthetic defensive observation representing a possible data exposure concern.,Collection,Data from Information Repositories,
THR-2026-2152,2026-10-01 09:03:05,Account Protection Alert,ACCOUNT SECURITY,IP ADDRESS,198.51.100.121,Public Threat Feed,B,28,HIGH,56.2,UNDER_REVIEW,2026-05-21 09:03:05,2026-06-20 01:03:05,Not Available,Synthetic defensive observation representing an account-security-related risk.,Credential Access,Valid Accounts,
THR-2026-2153,2026-10-01 09:03:05,Synthetic Ransomware Indicator Cluster,RANSOMWARE,IP ADDRESS,203.0.113.122,Security Vendor,A,72,MEDIUM,58.8,FALSE_POSITIVE,2026-07-26 09:03:05,2026-07-26 20:03:05,Not Available,Synthetic defensive observation representing a ransomware-related risk pattern.,Impact,Data Encrypted for Impact,
THR-2026-2154,2026-10-01 09:03:05,Ransomware Awareness Simulation,RANSOMWARE,FILE HASH,dd2ddafa9049fcc75a726ab13b96b2cd50d309feeee47996bdf0316bc0bad0cd,Public Threat Feed,B,35,MEDIUM,44.0,NEW,2026-05-01 09:03:05,2026-05-28 23:03:05,Demo Region C,Synthetic defensive observation representing a ransomware-related risk pattern.,Impact,Data Encrypted for Impact,
THR-2026-2155,2026-10-01 09:03:05,Synthetic Network Infrastructure,NETWORK THREATS,DOMAIN,service-notice-2155.invalid,Unknown Source,D,32,MEDIUM,42.8,MONITORING,2026-06-01 09:03:05,2026-06-18 04:03:05,Synthetic Region,Synthetic defensive observation representing a network-related security risk.,Command and Control,Application Layer Protocol,
THR-2026-2156,2026-10-01 09:03:05,Suspicious Network Indicator Cluster,NETWORK THREATS,URL,https://account-verify-2156.invalid/login,Security Vendor,A,28,HIGH,56.2,UNDER_REVIEW,2026-05-19 09:03:05,2026-05-27 13:03:05,Synthetic Region,Synthetic defensive observation representing a network-related security risk.,Command and Control,Application Layer Protocol,
THR-2026-2157,2026-10-01 09:03:05,Unpatched Software Awareness Record,VULNERABILITY EXPOSURE,CVE ID,CVE-2023-3157,Security Vendor,A,51,MEDIUM,50.4,CLOSED,2026-09-15 09:03:05,2026-10-07 14:03:05,Demo Region B,Synthetic defensive observation representing potential vulnerability exposure.,Initial Access,User Execution,CVE-2023-3157
THR-2026-2158,2026-10-01 09:03:05,Synthetic Malware Indicator Cluster,MALWARE,IP ADDRESS,192.0.2.127,Unknown Source,D,72,HIGH,73.8,NEW,2026-05-28 09:03:05,2026-06-11 04:03:05,Synthetic Region,Synthetic defensive observation representing a suspicious file or malware-related indicator.,Execution,User Execution,
THR-2026-2159,2026-10-01 09:03:05,Synthetic Vulnerability Observation,VULNERABILITY EXPOSURE,DOMAIN,login-check-2159.invalid,Community Submission,C,45,HIGH,63.0,FALSE_POSITIVE,2026-05-14 09:03:05,2026-05-25 12:03:05,Demo Region C,Synthetic defensive observation representing potential vulnerability exposure.,Initial Access,User Execution,
THR-2026-2160,2026-10-01 09:03:05,Vulnerability Risk Assessment,VULNERABILITY EXPOSURE,EMAIL/SENDER DOMAIN,sender-2160.invalid,Public Threat Feed,B,29,MEDIUM,41.6,NEW,2026-08-17 09:03:05,2026-09-16 12:03:05,Not Available,Synthetic defensive observation representing potential vulnerability exposure.,Initial Access,User Execution,
THR-2026-2161,2026-10-01 09:03:05,Credential Abuse Observation,CREDENTIAL THREATS,EMAIL/SENDER DOMAIN,sender-2161.invalid,Security Vendor,A,47,HIGH,63.8,FALSE_POSITIVE,2026-09-23 09:03:05,2026-10-21 14:03:05,Not Available,Synthetic defensive observation representing a credential-related security risk.,Credential Access,Valid Accounts,
THR-2026-2162,2026-10-01 09:03:05,Synthetic Credential Phishing Campaign,PHISHING,IP ADDRESS,198.51.100.131,Public Threat Feed,B,75,LOW,45.0,FALSE_POSITIVE,2026-05-27 09:03:05,2026-06-22 11:03:05,Synthetic Region,Synthetic defensive observation representing a possible phishing-related indicator.,Initial Access,Phishing,
THR-2026-2163,2026-10-01 09:03:05,Suspicious Credential Collection Pattern,PHISHING,IP ADDRESS,198.51.100.132,Security Vendor,A,27,MEDIUM,40.8,MONITORING,2026-09-10 09:03:05,2026-09-22 15:03:05,Demo Region A,Synthetic defensive observation representing a possible phishing-related indicator.,Initial Access,Phishing,
THR-2026-2164,2026-10-01 09:03:05,Fake Account Verification Activity,PHISHING,IP ADDRESS,198.51.100.133,Security Vendor,A,51,MEDIUM,50.4,MONITORING,2026-06-17 09:03:05,2026-07-13 23:03:05,Demo Region C,Synthetic defensive observation representing a possible phishing-related indicator.,Initial Access,Phishing,
THR-2026-2165,2026-10-01 09:03:05,Vulnerability Risk Assessment,VULNERABILITY EXPOSURE,EMAIL/SENDER DOMAIN,sender-2165.invalid,Research Report,B,39,LOW,30.6,UNDER_REVIEW,2026-08-21 09:03:05,2026-09-08 17:03:05,Synthetic Region,Synthetic defensive observation representing potential vulnerability exposure.,Initial Access,User Execution,
THR-2026-2166,2026-10-01 09:03:05,Sensitive Data Protection Alert,DATA EXPOSURE,IP ADDRESS,203.0.113.135,Internal SOC,A,97,LOW,53.8,UNDER_REVIEW,2026-06-21 09:03:05,2026-07-15 19:03:05,Demo Region A,Synthetic defensive observation representing a possible data exposure concern.,Collection,Data from Information Repositories,
THR-2026-2167,2026-10-01 09:03:05,Suspicious Network Indicator Cluster,NETWORK THREATS,EMAIL/SENDER DOMAIN,sender-2167.invalid,Public Threat Feed,B,95,HIGH,83.0,NEW,2026-09-03 09:03:05,2026-09-26 04:03:05,Not Available,Synthetic defensive observation representing a network-related security risk.,Command and Control,Application Layer Protocol,
THR-2026-2168,2026-10-01 09:03:05,File Encryption Threat Pattern,RANSOMWARE,FILE HASH,6f8415fd35659ecad1fa63c45247b4327e12e3d76f5ec1b11bb5f04dd631a2fd,Security Vendor,A,88,CRITICAL,92.2,NEW,2026-05-15 09:03:05,2026-06-11 11:03:05,Not Available,Synthetic defensive observation representing a ransomware-related risk pattern.,Impact,Data Encrypted for Impact,
THR-2026-2169,2026-10-01 09:03:05,Vulnerability Risk Assessment,VULNERABILITY EXPOSURE,DOMAIN,service-notice-2169.invalid,Community Submission,C,63,MEDIUM,55.2,CLOSED,2026-06-13 09:03:05,2026-06-14 13:03:05,Synthetic Region,Synthetic defensive observation representing potential vulnerability exposure.,Initial Access,User Execution,
THR-2026-2170,2026-10-01 09:03:05,Synthetic Vulnerability Observation,VULNERABILITY EXPOSURE,CVE ID,CVE-2024-3170,Security Vendor,A,83,HIGH,78.2,FALSE_POSITIVE,2026-05-12 09:03:05,2026-06-01 18:03:05,Demo Region B,Synthetic defensive observation representing potential vulnerability exposure.,Initial Access,User Execution,CVE-2024-3170
THR-2026-2171,2026-10-01 09:03:05,Synthetic Human-Factor Threat,SOCIAL ENGINEERING,URL,https://account-support-2171.invalid/review,Internal SOC,A,72,MEDIUM,58.8,NEW,2026-06-07 09:03:05,2026-06-30 09:03:05,Demo Region C,Synthetic defensive observation representing a social-engineering-related risk.,Initial Access,Phishing,
THR-2026-2172,2026-10-01 09:03:05,Synthetic Vulnerability Exposure,VULNERABILITY EXPOSURE,CVE ID,CVE-2025-3172,Internal SOC,A,77,CRITICAL,87.8,MONITORING,2026-08-18 09:03:05,2026-08-20 02:03:05,Demo Region A,Synthetic defensive observation representing potential vulnerability exposure.,Initial Access,User Execution,CVE-2025-3172
THR-2026-2173,2026-10-01 09:03:05,File Encryption Threat Pattern,RANSOMWARE,EMAIL/SENDER DOMAIN,sender-2173.invalid,Internal SOC,A,48,INFORMATIONAL,25.2,NEW,2026-06-27 09:03:05,2026-07-21 18:03:05,Not Available,Synthetic defensive observation representing a ransomware-related risk pattern.,Impact,Data Encrypted for Impact,
THR-2026-2174,2026-10-01 09:03:05,Synthetic Web Threat Cluster,WEB THREATS,URL,https://system-alert-2174.invalid/identity/verify,Security Vendor,A,53,HIGH,66.2,UNDER_REVIEW,2026-08-21 09:03:05,2026-09-01 15:03:05,Demo Region B,Synthetic defensive observation representing a suspicious web-related indicator.,Initial Access,Phishing,
THR-2026-2175,2026-10-01 09:03:05,Synthetic Login Impersonation Campaign,PHISHING,DOMAIN,mail-protection-2175.invalid,Security Vendor,A,30,MEDIUM,42.0,NEW,2026-06-27 09:03:05,2026-07-26 05:03:05,Demo Region C,Synthetic defensive observation representing a possible phishing-related indicator.,Initial Access,Phishing,
THR-2026-2176,2026-10-01 09:03:05,Synthetic Malware Indicator Cluster,MALWARE,EMAIL/SENDER DOMAIN,sender-2176.invalid,Public Threat Feed,B,53,HIGH,66.2,CLOSED,2026-07-20 09:03:05,2026-07-31 07:03:05,Demo Region B,Synthetic defensive observation representing a suspicious file or malware-related indicator.,Execution,User Execution,
THR-2026-2177,2026-10-01 09:03:05,Synthetic Account Security Event,ACCOUNT SECURITY,EMAIL/SENDER DOMAIN,sender-2177.invalid,Public Threat Feed,B,96,HIGH,83.4,NEW,2026-04-06 09:03:05,2026-05-01 15:03:05,Demo Region B,Synthetic defensive observation representing an account-security-related risk.,Credential Access,Valid Accounts,
THR-2026-2178,2026-10-01 09:03:05,Synthetic Ransomware Indicator Cluster,RANSOMWARE,URL,https://mail-protection-2178.invalid/login,Security Vendor,A,79,HIGH,76.6,FALSE_POSITIVE,2026-09-29 09:03:05,2026-10-25 02:03:05,Demo Region C,Synthetic defensive observation representing a ransomware-related risk pattern.,Impact,Data Encrypted for Impact,
THR-2026-2179,2026-10-01 09:03:05,Synthetic Data Exposure Observation,DATA EXPOSURE,CVE ID,CVE-2023-3179,Public Threat Feed,B,59,LOW,38.6,MONITORING,2026-09-07 09:03:05,2026-09-13 03:03:05,Synthetic Region,Synthetic defensive observation representing a possible data exposure concern.,Collection,Data from Information Repositories,CVE-2023-3179
THR-2026-2180,2026-10-01 09:03:05,Account Protection Alert,ACCOUNT SECURITY,FILE HASH,194df5f4195afb819c8f5d1cb7dd47fd1003891cb4b7b36da92108d0004888b3,Internal SOC,A,42,HIGH,61.8,UNDER_REVIEW,2026-08-31 09:03:05,2026-09-04 16:03:05,Synthetic Region,Synthetic defensive observation representing an account-security-related risk.,Credential Access,Valid Accounts,
THR-2026-2181,2026-10-01 09:03:05,Endpoint Malware Indicator Cluster,MALWARE,FILE HASH,ba51ae54f089e7402ddd5f19511c4ac81d8b89f4d7aeeb7281a5f7ec4ec08456,Security Vendor,A,60,MEDIUM,54.0,FALSE_POSITIVE,2026-09-14 09:03:05,2026-10-13 09:03:05,Demo Region B,Synthetic defensive observation representing a suspicious file or malware-related indicator.,Execution,User Execution,
THR-2026-2182,2026-10-01 09:03:05,Synthetic Web Threat Cluster,WEB THREATS,CVE ID,CVE-2022-3182,Public Threat Feed,B,82,MEDIUM,62.8,CLOSED,2026-04-24 09:03:05,2026-05-19 12:03:05,Demo Region B,Synthetic defensive observation representing a suspicious web-related indicator.,Initial Access,Phishing,CVE-2022-3182
THR-2026-2183,2026-10-01 09:03:05,Impersonation Activity Observation,SOCIAL ENGINEERING,IP ADDRESS,203.0.113.152,Public Threat Feed,B,86,LOW,49.4,MONITORING,2026-08-02 09:03:05,2026-08-25 21:03:05,Synthetic Region,Synthetic defensive observation representing a social-engineering-related risk.,Initial Access,Phishing,
THR-2026-2184,2026-10-01 09:03:05,Synthetic Social Engineering Campaign,SOCIAL ENGINEERING,URL,https://account-verify-2184.invalid/review,Public Threat Feed,B,76,HIGH,75.4,CLOSED,2026-06-24 09:03:05,2026-06-27 13:03:05,Not Available,Synthetic defensive observation representing a social-engineering-related risk.,Initial Access,Phishing,
THR-2026-2185,2026-10-01 09:03:05,Synthetic Malicious File Pattern,MALWARE,FILE HASH,15e666c1d8e449fe8867717ce0bf8d594b74bee648222516b90f3b9fe4ae2b6b,Community Submission,C,25,LOW,25.0,UNDER_REVIEW,2026-05-02 09:03:05,2026-05-08 06:03:05,Demo Region C,Synthetic defensive observation representing a suspicious file or malware-related indicator.,Execution,User Execution,
THR-2026-2186,2026-10-01 09:03:05,Web Application Threat Observation,WEB THREATS,IP ADDRESS,192.0.2.155,Internal SOC,A,38,LOW,30.2,NEW,2026-07-02 09:03:05,2026-07-24 16:03:05,Demo Region C,Synthetic defensive observation representing a suspicious web-related indicator.,Initial Access,Phishing,
THR-2026-2187,2026-10-01 09:03:05,Network Communication Anomaly,NETWORK THREATS,IP ADDRESS,198.51.100.156,Internal SOC,A,42,LOW,31.8,NEW,2026-05-05 09:03:05,2026-05-25 12:03:05,Demo Region B,Synthetic defensive observation representing a network-related security risk.,Command and Control,Application Layer Protocol,
THR-2026-2188,2026-10-01 09:03:05,Sensitive Data Protection Alert,DATA EXPOSURE,FILE HASH,292a7720587b101b24235a270c73d2671821cfef565c41f8009c3ba730ec07c1,Public Threat Feed,B,42,MEDIUM,46.8,UNDER_REVIEW,2026-06-03 09:03:05,2026-06-22 13:03:05,Demo Region C,Synthetic defensive observation representing a possible data exposure concern.,Collection,Data from Information Repositories,
THR-2026-2189,2026-10-01 09:03:05,Synthetic Ransomware Indicator Cluster,RANSOMWARE,IP ADDRESS,203.0.113.158,Unknown Source,D,57,MEDIUM,52.8,UNDER_REVIEW,2026-04-11 09:03:05,2026-04-22 07:03:05,Not Available,Synthetic defensive observation representing a ransomware-related risk pattern.,Impact,Data Encrypted for Impact,
THR-2026-2190,2026-10-01 09:03:05,Fake Account Verification Activity,PHISHING,URL,https://system-alert-2190.invalid/login,Research Report,B,80,MEDIUM,62.0,UNDER_REVIEW,2026-04-21 09:03:05,2026-05-04 03:03:05,Demo Region B,Synthetic defensive observation representing a possible phishing-related indicator.,Initial Access,Phishing,
THR-2026-2191,2026-10-01 09:03:05,Synthetic Ransomware Indicator Cluster,RANSOMWARE,EMAIL/SENDER DOMAIN,sender-2191.invalid,Research Report,B,96,MEDIUM,68.4,MONITORING,2026-07-02 09:03:05,2026-07-05 20:03:05,Demo Region B,Synthetic defensive observation representing a ransomware-related risk pattern.,Impact,Data Encrypted for Impact,
THR-2026-2192,2026-10-01 09:03:05,Social Engineering Risk Pattern,SOCIAL ENGINEERING,CVE ID,CVE-2026-3192,Public Threat Feed,B,80,MEDIUM,62.0,MONITORING,2026-09-16 09:03:05,2026-10-15 01:03:05,Not Available,Synthetic defensive observation representing a social-engineering-related risk.,Initial Access,Phishing,CVE-2026-3192
THR-2026-2193,2026-10-01 09:03:05,Synthetic Information Exposure,DATA EXPOSURE,EMAIL/SENDER DOMAIN,sender-2193.invalid,Security Vendor,A,94,LOW,52.6,CLOSED,2026-07-10 09:03:05,2026-08-01 22:03:05,Demo Region B,Synthetic defensive observation representing a possible data exposure concern.,Collection,Data from Information Repositories,
THR-2026-2194,2026-10-01 09:03:05,File Encryption Threat Pattern,RANSOMWARE,IP ADDRESS,203.0.113.163,Research Report,B,75,MEDIUM,60.0,MONITORING,2026-08-29 09:03:05,2026-09-20 03:03:05,Demo Region C,Synthetic defensive observation representing a ransomware-related risk pattern.,Impact,Data Encrypted for Impact,
THR-2026-2195,2026-10-01 09:03:05,Synthetic Account Credential Threat,CREDENTIAL THREATS,CVE ID,CVE-2024-3195,Community Submission,C,35,HIGH,59.0,UNDER_REVIEW,2026-06-22 09:03:05,2026-06-28 02:03:05,Demo Region B,Synthetic defensive observation representing a credential-related security risk.,Credential Access,Valid Accounts,CVE-2024-3195
THR-2026-2196,2026-10-01 09:03:05,Synthetic Network Infrastructure,NETWORK THREATS,IP ADDRESS,192.0.2.165,Unknown Source,D,70,MEDIUM,58.0,MONITORING,2026-04-14 09:03:05,2026-05-14 05:03:05,Demo Region B,Synthetic defensive observation representing a network-related security risk.,Command and Control,Application Layer Protocol,
THR-2026-2197,2026-10-01 09:03:05,Impersonation Activity Observation,SOCIAL ENGINEERING,DOMAIN,system-alert-2197.invalid,Security Vendor,A,57,MEDIUM,52.8,UNDER_REVIEW,2026-04-18 09:03:05,2026-04-18 11:03:05,Demo Region B,Synthetic defensive observation representing a social-engineering-related risk.,Initial Access,Phishing,
THR-2026-2198,2026-10-01 09:03:05,Suspicious Web Resource Pattern,WEB THREATS,IP ADDRESS,198.51.100.167,Community Submission,C,47,MEDIUM,48.8,UNDER_REVIEW,2026-09-28 09:03:05,2026-10-23 09:03:05,Synthetic Region,Synthetic defensive observation representing a suspicious web-related indicator.,Initial Access,Phishing,
THR-2026-2199,2026-10-01 09:03:05,Social Engineering Risk Pattern,SOCIAL ENGINEERING,IP ADDRESS,192.0.2.168,Public Threat Feed,B,25,MEDIUM,40.0,UNDER_REVIEW,2026-07-05 09:03:05,2026-07-31 10:03:05,Synthetic Region,Synthetic defensive observation representing a social-engineering-related risk.,Initial Access,Phishing,
THR-2026-2200,2026-10-01 09:03:05,Synthetic Ransomware Indicator Cluster,RANSOMWARE,IP ADDRESS,198.51.100.169,Internal SOC,A,30,HIGH,57.0,FALSE_POSITIVE,2026-08-02 09:03:05,2026-08-21 11:03:05,Demo Region A,Synthetic defensive observation representing a ransomware-related risk pattern.,Impact,Data Encrypted for Impact,
THR-2026-2201,2026-10-01 09:03:05,Suspicious Authentication Pattern,CREDENTIAL THREATS,DOMAIN,service-notice-2201.invalid,Community Submission,C,93,HIGH,82.2,NEW,2026-08-16 09:03:05,2026-08-20 14:03:05,Synthetic Region,Synthetic defensive observation representing a credential-related security risk.,Credential Access,Valid Accounts,
THR-2026-2202,2026-10-01 09:03:05,Suspicious File Hash Observation,MALWARE,EMAIL/SENDER DOMAIN,sender-2202.invalid,Unknown Source,D,25,LOW,25.0,CLOSED,2026-09-19 09:03:05,2026-10-02 09:03:05,Synthetic Region,Synthetic defensive observation representing a suspicious file or malware-related indicator.,Execution,User Execution,
THR-2026-2203,2026-10-01 09:03:05,Suspicious Credential Collection Pattern,PHISHING,URL,https://secure-login-2203.invalid/security/notice,Internal SOC,A,78,MEDIUM,61.2,UNDER_REVIEW,2026-06-01 09:03:05,2026-06-14 13:03:05,Demo Region C,Synthetic defensive observation representing a possible phishing-related indicator.,Initial Access,Phishing,
THR-2026-2204,2026-10-01 09:03:05,Potential Data Exposure Pattern,DATA EXPOSURE,CVE ID,CVE-2024-3204,Public Threat Feed,B,98,INFORMATIONAL,45.2,CLOSED,2026-08-03 09:03:05,2026-08-17 14:03:05,Demo Region C,Synthetic defensive observation representing a possible data exposure concern.,Collection,Data from Information Repositories,CVE-2024-3204
THR-2026-2205,2026-10-01 09:03:05,Endpoint Malware Indicator Cluster,MALWARE,FILE HASH,4e2c088a799f67dc43ba8772dfbdb2b3e9284f9945c7e94c48068a548f8f8571,Unknown Source,D,53,MEDIUM,51.2,NEW,2026-09-02 09:03:05,2026-09-08 15:03:05,Demo Region A,Synthetic defensive observation representing a suspicious file or malware-related indicator.,Execution,User Execution,
THR-2026-2206,2026-10-01 09:03:05,Suspicious Account Activity,ACCOUNT SECURITY,URL,https://identity-check-2206.invalid/review,Public Threat Feed,B,80,LOW,47.0,MONITORING,2026-08-26 09:03:05,2026-09-25 15:03:05,Synthetic Region,Synthetic defensive observation representing an account-security-related risk.,Credential Access,Valid Accounts,
THR-2026-2207,2026-10-01 09:03:05,Web Application Threat Observation,WEB THREATS,URL,https://security-alert-2207.invalid/review,Research Report,B,47,LOW,33.8,CLOSED,2026-06-02 09:03:05,2026-06-23 21:03:05,Synthetic Region,Synthetic defensive observation representing a suspicious web-related indicator.,Initial Access,Phishing,
THR-2026-2208,2026-10-01 09:03:05,Synthetic Credential Phishing Campaign,PHISHING,FILE HASH,f295a881e207cd458aeb24fe5a9bdc7db7ceee4006b7948b403d8cdfc560f06c,Community Submission,C,57,LOW,37.8,CLOSED,2026-07-18 09:03:05,2026-07-24 04:03:05,Demo Region C,Synthetic defensive observation representing a possible phishing-related indicator.,Initial Access,Phishing,
THR-2026-2209,2026-10-01 09:03:05,Endpoint Malware Indicator Cluster,MALWARE,FILE HASH,ca0fd38657713a8dc2da974f36802fc7457717bb7087f9b42910a648c593160d,Community Submission,C,90,MEDIUM,66.0,FALSE_POSITIVE,2026-06-10 09:03:05,2026-06-10 11:03:05,Not Available,Synthetic defensive observation representing a suspicious file or malware-related indicator.,Execution,User Execution,
THR-2026-2210,2026-10-01 09:03:05,Synthetic Account Security Event,ACCOUNT SECURITY,DOMAIN,account-verify-2210.invalid,Internal SOC,A,48,LOW,34.2,MONITORING,2026-08-18 09:03:05,2026-08-28 02:03:05,Synthetic Region,Synthetic defensive observation representing an account-security-related risk.,Credential Access,Valid Accounts,
THR-2026-2211,2026-10-01 09:03:05,Synthetic Web Threat Cluster,WEB THREATS,URL,https://security-alert-2211.invalid/login,Public Threat Feed,B,59,LOW,38.6,CLOSED,2026-06-13 09:03:05,2026-07-07 19:03:05,Not Available,Synthetic defensive observation representing a suspicious web-related indicator.,Initial Access,Phishing,
THR-2026-2212,2026-10-01 09:03:05,Authentication Risk Observation,ACCOUNT SECURITY,URL,https://credential-review-2212.invalid/identity/verify,Security Vendor,A,26,HIGH,55.4,CLOSED,2026-07-01 09:03:05,2026-07-28 18:03:05,Demo Region B,Synthetic defensive observation representing an account-security-related risk.,Credential Access,Valid Accounts,
THR-2026-2213,2026-10-01 09:03:05,Synthetic Ransomware Infrastructure,RANSOMWARE,FILE HASH,5527b4cfaf31fe5a02b4ffee1955f8532c1253bd0a42df6f48b9c38dd84d4abc,Security Vendor,A,84,INFORMATIONAL,39.6,NEW,2026-08-11 09:03:05,2026-08-27 22:03:05,Demo Region A,Synthetic defensive observation representing a ransomware-related risk pattern.,Impact,Data Encrypted for Impact,
THR-2026-2214,2026-10-01 09:03:05,Suspicious Credential Collection Pattern,PHISHING,EMAIL/SENDER DOMAIN,sender-2214.invalid,Public Threat Feed,B,89,MEDIUM,65.6,UNDER_REVIEW,2026-04-23 09:03:05,2026-05-21 19:03:05,Demo Region C,Synthetic defensive observation representing a possible phishing-related indicator.,Initial Access,Phishing,
THR-2026-2215,2026-10-01 09:03:05,Endpoint Malware Indicator Cluster,MALWARE,FILE HASH,c15050ba716443079f4a68cba38e4f08f09a50be3f457163844662cfd022fdc7,Internal SOC,A,27,LOW,25.8,NEW,2026-05-05 09:03:05,2026-05-29 16:03:05,Not Available,Synthetic defensive observation representing a suspicious file or malware-related indicator.,Execution,User Execution,
THR-2026-2216,2026-10-01 09:03:05,Suspicious Web Infrastructure,WEB THREATS,CVE ID,CVE-2025-3216,Unknown Source,D,87,INFORMATIONAL,40.8,UNDER_REVIEW,2026-04-21 09:03:05,2026-05-05 08:03:05,Demo Region C,Synthetic defensive observation representing a suspicious web-related indicator.,Initial Access,Phishing,CVE-2025-3216
THR-2026-2217,2026-10-01 09:03:05,Synthetic Social Engineering Campaign,SOCIAL ENGINEERING,EMAIL/SENDER DOMAIN,sender-2217.invalid,Public Threat Feed,B,91,CRITICAL,93.4,MONITORING,2026-07-22 09:03:05,2026-07-28 23:03:05,Synthetic Region,Synthetic defensive observation representing a social-engineering-related risk.,Initial Access,Phishing,
THR-2026-2218,2026-10-01 09:03:05,Vulnerability Risk Assessment,VULNERABILITY EXPOSURE,IP ADDRESS,203.0.113.187,Research Report,B,69,HIGH,72.6,CLOSED,2026-07-27 09:03:05,2026-08-24 22:03:05,Demo Region B,Synthetic defensive observation representing potential vulnerability exposure.,Initial Access,User Execution,
THR-2026-2219,2026-10-01 09:03:05,Credential Exposure Indicator,CREDENTIAL THREATS,FILE HASH,4bec556763d11315e7d50eddbd2afe25799c007e8baa4c90896fd5ad05bddced,Public Threat Feed,B,33,HIGH,58.2,MONITORING,2026-04-15 09:03:05,2026-04-25 07:03:05,Not Available,Synthetic defensive observation representing a credential-related security risk.,Credential Access,Valid Accounts,
THR-2026-2220,2026-10-01 09:03:05,Potential Data Exposure Pattern,DATA EXPOSURE,CVE ID,CVE-2026-3220,Security Vendor,A,32,MEDIUM,42.8,NEW,2026-06-07 09:03:05,2026-06-23 07:03:05,Not Available,Synthetic defensive observation representing a possible data exposure concern.,Collection,Data from Information Repositories,CVE-2026-3220
THR-2026-2221,2026-10-01 09:03:05,Suspicious Credential Collection Pattern,PHISHING,EMAIL/SENDER DOMAIN,sender-2221.invalid,Unknown Source,D,30,LOW,27.0,MONITORING,2026-06-06 09:03:05,2026-06-27 02:03:05,Demo Region A,Synthetic defensive observation representing a possible phishing-related indicator.,Initial Access,Phishing,
THR-2026-2222,2026-10-01 09:03:05,Credential Abuse Observation,CREDENTIAL THREATS,URL,https://secure-login-2222.invalid/login,Security Vendor,A,29,INFORMATIONAL,17.6,FALSE_POSITIVE,2026-07-29 09:03:05,2026-08-12 17:03:05,Not Available,Synthetic defensive observation representing a credential-related security risk.,Credential Access,Valid Accounts,
THR-2026-2223,2026-10-01 09:03:05,Credential Abuse Observation,CREDENTIAL THREATS,DOMAIN,login-check-2223.invalid,Unknown Source,D,81,MEDIUM,62.4,FALSE_POSITIVE,2026-08-07 09:03:05,2026-08-07 21:03:05,Demo Region A,Synthetic defensive observation representing a credential-related security risk.,Credential Access,Valid Accounts,
THR-2026-2224,2026-10-01 09:03:05,Synthetic Ransomware Indicator Cluster,RANSOMWARE,DOMAIN,account-verify-2224.invalid,Community Submission,C,85,MEDIUM,64.0,CLOSED,2026-04-19 09:03:05,2026-04-27 11:03:05,Not Available,Synthetic defensive observation representing a ransomware-related risk pattern.,Impact,Data Encrypted for Impact,
THR-2026-2225,2026-10-01 09:03:05,Synthetic Data Exposure Observation,DATA EXPOSURE,CVE ID,CVE-2026-3225,Community Submission,C,52,MEDIUM,50.8,CLOSED,2026-07-08 09:03:05,2026-07-30 04:03:05,Synthetic Region,Synthetic defensive observation representing a possible data exposure concern.,Collection,Data from Information Repositories,CVE-2026-3225
THR-2026-2226,2026-10-01 09:03:05,Credential Abuse Observation,CREDENTIAL THREATS,EMAIL/SENDER DOMAIN,sender-2226.invalid,Unknown Source,D,63,MEDIUM,55.2,NEW,2026-08-18 09:03:05,2026-09-10 01:03:05,Synthetic Region,Synthetic defensive observation representing a credential-related security risk.,Credential Access,Valid Accounts,
THR-2026-2227,2026-10-01 09:03:05,Synthetic Network Infrastructure,NETWORK THREATS,CVE ID,CVE-2024-3227,Community Submission,C,63,HIGH,70.2,MONITORING,2026-08-26 09:03:05,2026-08-30 12:03:05,Demo Region A,Synthetic defensive observation representing a network-related security risk.,Command and Control,Application Layer Protocol,CVE-2024-3227
THR-2026-2228,2026-10-01 09:03:05,Synthetic Data Exposure Observation,DATA EXPOSURE,FILE HASH,7f876c2ba319dbd9f396a252bc5e6bccfa25e94d8d29c318de248e3d939369ea,Research Report,B,94,HIGH,82.6,UNDER_REVIEW,2026-04-09 09:03:05,2026-05-02 23:03:05,Synthetic Region,Synthetic defensive observation representing a possible data exposure concern.,Collection,Data from Information Repositories,
THR-2026-2229,2026-10-01 09:03:05,Credential Exposure Indicator,CREDENTIAL THREATS,DOMAIN,login-check-2229.invalid,Security Vendor,A,76,HIGH,75.4,UNDER_REVIEW,2026-05-06 09:03:05,2026-06-05 06:03:05,Synthetic Region,Synthetic defensive observation representing a credential-related security risk.,Credential Access,Valid Accounts,
THR-2026-2230,2026-10-01 09:03:05,Synthetic Account Security Event,ACCOUNT SECURITY,EMAIL/SENDER DOMAIN,sender-2230.invalid,Community Submission,C,90,LOW,51.0,NEW,2026-09-10 09:03:05,2026-10-02 03:03:05,Synthetic Region,Synthetic defensive observation representing an account-security-related risk.,Credential Access,Valid Accounts,
THR-2026-2231,2026-10-01 09:03:05,Synthetic Data Exposure Observation,DATA EXPOSURE,DOMAIN,secure-login-2231.invalid,Security Vendor,A,51,HIGH,65.4,CLOSED,2026-06-04 09:03:05,2026-06-06 23:03:05,Not Available,Synthetic defensive observation representing a possible data exposure concern.,Collection,Data from Information Repositories,
THR-2026-2232,2026-10-01 09:03:05,Synthetic Web Threat Cluster,WEB THREATS,EMAIL/SENDER DOMAIN,sender-2232.invalid,Community Submission,C,76,LOW,45.4,FALSE_POSITIVE,2026-07-18 09:03:05,2026-07-23 09:03:05,Not Available,Synthetic defensive observation representing a suspicious web-related indicator.,Initial Access,Phishing,
THR-2026-2233,2026-10-01 09:03:05,Credential Exposure Indicator,CREDENTIAL THREATS,IP ADDRESS,203.0.113.202,Public Threat Feed,B,66,HIGH,71.4,MONITORING,2026-04-08 09:03:05,2026-04-29 04:03:05,Demo Region A,Synthetic defensive observation representing a credential-related security risk.,Credential Access,Valid Accounts,
THR-2026-2234,2026-10-01 09:03:05,Suspicious Network Indicator Cluster,NETWORK THREATS,EMAIL/SENDER DOMAIN,sender-2234.invalid,Research Report,B,78,MEDIUM,61.2,FALSE_POSITIVE,2026-09-24 09:03:05,2026-10-07 04:03:05,Demo Region A,Synthetic defensive observation representing a network-related security risk.,Command and Control,Application Layer Protocol,
THR-2026-2235,2026-10-01 09:03:05,Suspicious Network Indicator Cluster,NETWORK THREATS,EMAIL/SENDER DOMAIN,sender-2235.invalid,Public Threat Feed,B,25,MEDIUM,40.0,UNDER_REVIEW,2026-07-26 09:03:05,2026-08-15 01:03:05,Demo Region C,Synthetic defensive observation representing a network-related security risk.,Command and Control,Application Layer Protocol,
THR-2026-2236,2026-10-01 09:03:05,Potential Data Exposure Pattern,DATA EXPOSURE,EMAIL/SENDER DOMAIN,sender-2236.invalid,Unknown Source,D,60,HIGH,69.0,CLOSED,2026-07-30 09:03:05,2026-08-24 10:03:05,Demo Region A,Synthetic defensive observation representing a possible data exposure concern.,Collection,Data from Information Repositories,
THR-2026-2237,2026-10-01 09:03:05,Sensitive Data Protection Alert,DATA EXPOSURE,IP ADDRESS,198.51.100.206,Research Report,B,25,MEDIUM,40.0,NEW,2026-04-21 09:03:05,2026-05-04 05:03:05,Demo Region B,Synthetic defensive observation representing a possible data exposure concern.,Collection,Data from Information Repositories,
THR-2026-2238,2026-10-01 09:03:05,Suspicious Network Indicator Cluster,NETWORK THREATS,CVE ID,CVE-2026-3238,Internal SOC,A,31,MEDIUM,42.4,NEW,2026-06-25 09:03:05,2026-07-15 17:03:05,Not Available,Synthetic defensive observation representing a network-related security risk.,Command and Control,Application Layer Protocol,CVE-2026-3238
THR-2026-2239,2026-10-01 09:03:05,Suspicious Network Indicator Cluster,NETWORK THREATS,IP ADDRESS,192.0.2.208,Internal SOC,A,30,CRITICAL,69.0,MONITORING,2026-06-01 09:03:05,2026-06-03 04:03:05,Synthetic Region,Synthetic defensive observation representing a network-related security risk.,Command and Control,Application Layer Protocol,
THR-2026-2240,2026-10-01 09:03:05,Synthetic Credential Phishing Campaign,PHISHING,FILE HASH,ffb62a56bbcd0a556e5c30bdca82f62238ca3bffe72e1b5eaf1d2d8b3f8f32e0,Unknown Source,D,90,LOW,51.0,UNDER_REVIEW,2026-05-15 09:03:05,2026-05-17 01:03:05,Synthetic Region,Synthetic defensive observation representing a possible phishing-related indicator.,Initial Access,Phishing,
THR-2026-2241,2026-10-01 09:03:05,Synthetic Vulnerability Observation,VULNERABILITY EXPOSURE,DOMAIN,system-alert-2241.invalid,Community Submission,C,78,LOW,46.2,MONITORING,2026-08-17 09:03:05,2026-09-06 18:03:05,Not Available,Synthetic defensive observation representing potential vulnerability exposure.,Initial Access,User Execution,
THR-2026-2242,2026-10-01 09:03:05,Fake Account Verification Activity,PHISHING,CVE ID,CVE-2022-3242,Community Submission,C,91,MEDIUM,66.4,MONITORING,2026-04-15 09:03:05,2026-05-03 19:03:05,Synthetic Region,Synthetic defensive observation representing a possible phishing-related indicator.,Initial Access,Phishing,CVE-2022-3242
THR-2026-2243,2026-10-01 09:03:05,Endpoint Malware Indicator Cluster,MALWARE,IP ADDRESS,198.51.100.212,Community Submission,C,79,MEDIUM,61.6,UNDER_REVIEW,2026-04-08 09:03:05,2026-04-12 08:03:05,Demo Region A,Synthetic defensive observation representing a suspicious file or malware-related indicator.,Execution,User Execution,
THR-2026-2244,2026-10-01 09:03:05,Impersonation Activity Observation,SOCIAL ENGINEERING,FILE HASH,08adb6e4c9174c257100b8705264fb72e1dd8fdf73a6b75db30802dd646bd2ef,Community Submission,C,29,INFORMATIONAL,17.6,NEW,2026-08-27 09:03:05,2026-09-22 09:03:05,Not Available,Synthetic defensive observation representing a social-engineering-related risk.,Initial Access,Phishing,
THR-2026-2245,2026-10-01 09:03:05,Social Engineering Risk Pattern,SOCIAL ENGINEERING,IP ADDRESS,203.0.113.214,Research Report,B,47,HIGH,63.8,UNDER_REVIEW,2026-08-12 09:03:05,2026-09-02 17:03:05,Demo Region C,Synthetic defensive observation representing a social-engineering-related risk.,Initial Access,Phishing,
THR-2026-2246,2026-10-01 09:03:05,Synthetic Network Infrastructure,NETWORK THREATS,EMAIL/SENDER DOMAIN,sender-2246.invalid,Unknown Source,D,48,MEDIUM,49.2,NEW,2026-07-28 09:03:05,2026-08-08 01:03:05,Demo Region A,Synthetic defensive observation representing a network-related security risk.,Command and Control,Application Layer Protocol,
THR-2026-2247,2026-10-01 09:03:05,File Encryption Threat Pattern,RANSOMWARE,IP ADDRESS,203.0.113.216,Public Threat Feed,B,43,HIGH,62.2,FALSE_POSITIVE,2026-08-20 09:03:05,2026-09-10 20:03:05,Synthetic Region,Synthetic defensive observation representing a ransomware-related risk pattern.,Impact,Data Encrypted for Impact,
THR-2026-2248,2026-10-01 09:03:05,Synthetic Credential Phishing Campaign,PHISHING,EMAIL/SENDER DOMAIN,sender-2248.invalid,Security Vendor,A,44,LOW,32.6,FALSE_POSITIVE,2026-06-05 09:03:05,2026-06-16 16:03:05,Demo Region B,Synthetic defensive observation representing a possible phishing-related indicator.,Initial Access,Phishing,
THR-2026-2249,2026-10-01 09:03:05,Suspicious Web Resource Pattern,WEB THREATS,EMAIL/SENDER DOMAIN,sender-2249.invalid,Security Vendor,A,32,MEDIUM,42.8,UNDER_REVIEW,2026-04-27 09:03:05,2026-05-10 05:03:05,Demo Region A,Synthetic defensive observation representing a suspicious web-related indicator.,Initial Access,Phishing,
THR-2026-2250,2026-10-01 09:03:05,Suspicious Web Resource Pattern,WEB THREATS,DOMAIN,secure-login-2250.invalid,Internal SOC,A,64,LOW,40.6,FALSE_POSITIVE,2026-07-02 09:03:05,2026-07-13 16:03:05,Demo Region C,Synthetic defensive observation representing a suspicious web-related indicator.,Initial Access,Phishing,
THR-2026-2251,2026-10-01 09:03:05,Endpoint Malware Indicator Cluster,MALWARE,CVE ID,CVE-2026-3251,Public Threat Feed,B,72,HIGH,73.8,FALSE_POSITIVE,2026-04-10 09:03:05,2026-04-10 16:03:05,Demo Region C,Synthetic defensive observation representing a suspicious file or malware-related indicator.,Execution,User Execution,CVE-2026-3251
THR-2026-2252,2026-10-01 09:03:05,Sensitive Data Protection Alert,DATA EXPOSURE,DOMAIN,security-alert-2252.invalid,Research Report,B,97,MEDIUM,68.8,CLOSED,2026-05-26 09:03:05,2026-06-03 01:03:05,Demo Region C,Synthetic defensive observation representing a possible data exposure concern.,Collection,Data from Information Repositories,
THR-2026-2253,2026-10-01 09:03:05,Vulnerability Risk Assessment,VULNERABILITY EXPOSURE,DOMAIN,mail-protection-2253.invalid,Research Report,B,54,CRITICAL,78.6,FALSE_POSITIVE,2026-09-21 09:03:05,2026-10-03 21:03:05,Not Available,Synthetic defensive observation representing potential vulnerability exposure.,Initial Access,User Execution,
THR-2026-2254,2026-10-01 09:03:05,Potential Data Exposure Pattern,DATA EXPOSURE,FILE HASH,a024430156ba05618a624116e4ba28abb6c6fb0becdbaf9f6bb269d05003d558,Community Submission,C,72,INFORMATIONAL,34.8,NEW,2026-07-13 09:03:05,2026-08-01 00:03:05,Demo Region B,Synthetic defensive observation representing a possible data exposure concern.,Collection,Data from Information Repositories,
THR-2026-2255,2026-10-01 09:03:05,Synthetic Web Threat Cluster,WEB THREATS,DOMAIN,account-support-2255.invalid,Security Vendor,A,48,MEDIUM,49.2,CLOSED,2026-06-17 09:03:05,2026-07-06 04:03:05,Demo Region A,Synthetic defensive observation representing a suspicious web-related indicator.,Initial Access,Phishing,
THR-2026-2256,2026-10-01 09:03:05,Synthetic Vulnerability Observation,VULNERABILITY EXPOSURE,FILE HASH,ec3d981a6d70cc635fe8a1a59d45f628ee14d9899510fbced3aae89abd394d5a,Community Submission,C,97,MEDIUM,68.8,FALSE_POSITIVE,2026-06-18 09:03:05,2026-06-23 15:03:05,Synthetic Region,Synthetic defensive observation representing potential vulnerability exposure.,Initial Access,User Execution,
THR-2026-2257,2026-10-01 09:03:05,Synthetic Account Security Event,ACCOUNT SECURITY,EMAIL/SENDER DOMAIN,sender-2257.invalid,Community Submission,C,44,MEDIUM,47.6,MONITORING,2026-04-29 09:03:05,2026-05-25 08:03:05,Demo Region B,Synthetic defensive observation representing an account-security-related risk.,Credential Access,Valid Accounts,
THR-2026-2258,2026-10-01 09:03:05,Synthetic Information Exposure,DATA EXPOSURE,CVE ID,CVE-2025-3258,Community Submission,C,76,HIGH,75.4,FALSE_POSITIVE,2026-05-22 09:03:05,2026-06-06 07:03:05,Synthetic Region,Synthetic defensive observation representing a possible data exposure concern.,Collection,Data from Information Repositories,CVE-2025-3258
THR-2026-2259,2026-10-01 09:03:05,Synthetic Ransomware Infrastructure,RANSOMWARE,URL,https://secure-login-2259.invalid/verify,Public Threat Feed,B,56,LOW,37.4,UNDER_REVIEW,2026-05-19 09:03:05,2026-05-24 10:03:05,Not Available,Synthetic defensive observation representing a ransomware-related risk pattern.,Impact,Data Encrypted for Impact,
THR-2026-2260,2026-10-01 09:03:05,Endpoint Malware Indicator Cluster,MALWARE,URL,https://mail-protection-2260.invalid/identity/verify,Community Submission,C,49,MEDIUM,49.6,NEW,2026-09-09 09:03:05,2026-09-13 13:03:05,Demo Region A,Synthetic defensive observation representing a suspicious file or malware-related indicator.,Execution,User Execution,
THR-2026-2261,2026-10-01 09:03:05,Synthetic Credential Phishing Campaign,PHISHING,IP ADDRESS,198.51.100.230,Research Report,B,84,LOW,48.6,UNDER_REVIEW,2026-08-24 09:03:05,2026-09-20 04:03:05,Demo Region C,Synthetic defensive observation representing a possible phishing-related indicator.,Initial Access,Phishing,
THR-2026-2262,2026-10-01 09:03:05,Suspicious Credential Collection Pattern,PHISHING,URL,https://account-support-2262.invalid/verify,Internal SOC,A,40,LOW,31.0,UNDER_REVIEW,2026-08-09 09:03:05,2026-08-26 03:03:05,Demo Region C,Synthetic defensive observation representing a possible phishing-related indicator.,Initial Access,Phishing,
THR-2026-2263,2026-10-01 09:03:05,Synthetic Information Exposure,DATA EXPOSURE,FILE HASH,40e374e66cdefc9a32ae4858876670f4ad2a958ce38b7e4ae04d8d0f4f837a73,Research Report,B,94,MEDIUM,67.6,UNDER_REVIEW,2026-04-19 09:03:05,2026-04-30 06:03:05,Demo Region C,Synthetic defensive observation representing a possible data exposure concern.,Collection,Data from Information Repositories,
THR-2026-2264,2026-10-01 09:03:05,Synthetic Ransomware Infrastructure,RANSOMWARE,URL,https://login-check-2264.invalid/security/notice,Internal SOC,A,44,MEDIUM,47.6,NEW,2026-05-21 09:03:05,2026-05-26 16:03:05,Demo Region B,Synthetic defensive observation representing a ransomware-related risk pattern.,Impact,Data Encrypted for Impact,
THR-2026-2265,2026-10-01 09:03:05,Account Protection Alert,ACCOUNT SECURITY,FILE HASH,8e9e955494bc42da0cc6e781d20e30332e7c33e86f1c36062334758d1e831170,Community Submission,C,38,MEDIUM,45.2,FALSE_POSITIVE,2026-07-26 09:03:05,2026-08-13 04:03:05,Demo Region B,Synthetic defensive observation representing an account-security-related risk.,Credential Access,Valid Accounts,
THR-2026-2266,2026-10-01 09:03:05,Synthetic Data Exposure Observation,DATA EXPOSURE,IP ADDRESS,203.0.113.235,Research Report,B,72,CRITICAL,85.8,MONITORING,2026-05-17 09:03:05,2026-05-21 09:03:05,Synthetic Region,Synthetic defensive observation representing a possible data exposure concern.,Collection,Data from Information Repositories,
THR-2026-2267,2026-10-01 09:03:05,Synthetic Network Infrastructure,NETWORK THREATS,DOMAIN,login-check-2267.invalid,Research Report,B,77,MEDIUM,60.8,MONITORING,2026-09-05 09:03:05,2026-10-05 01:03:05,Not Available,Synthetic defensive observation representing a network-related security risk.,Command and Control,Application Layer Protocol,
THR-2026-2268,2026-10-01 09:03:05,Synthetic Human-Factor Threat,SOCIAL ENGINEERING,DOMAIN,identity-check-2268.invalid,Public Threat Feed,B,25,HIGH,55.0,NEW,2026-07-29 09:03:05,2026-08-23 18:03:05,Demo Region C,Synthetic defensive observation representing a social-engineering-related risk.,Initial Access,Phishing,
THR-2026-2269,2026-10-01 09:03:05,Synthetic Ransomware Indicator Cluster,RANSOMWARE,URL,https://mail-protection-2269.invalid/verify,Unknown Source,D,86,MEDIUM,64.4,NEW,2026-04-25 09:03:05,2026-05-05 21:03:05,Demo Region A,Synthetic defensive observation representing a ransomware-related risk pattern.,Impact,Data Encrypted for Impact,
THR-2026-2270,2026-10-01 09:03:05,Synthetic Human-Factor Threat,SOCIAL ENGINEERING,FILE HASH,607b29c0bdd7d6790112f103447e22304aec99e8bdf47febeded081706bf0a62,Research Report,B,34,MEDIUM,43.6,FALSE_POSITIVE,2026-07-03 09:03:05,2026-07-04 16:03:05,Demo Region A,Synthetic defensive observation representing a social-engineering-related risk.,Initial Access,Phishing,
THR-2026-2271,2026-10-01 09:03:05,File Encryption Threat Pattern,RANSOMWARE,IP ADDRESS,192.0.2.240,Community Submission,C,34,HIGH,58.6,CLOSED,2026-08-11 09:03:05,2026-08-28 00:03:05,Demo Region B,Synthetic defensive observation representing a ransomware-related risk pattern.,Impact,Data Encrypted for Impact,
THR-2026-2272,2026-10-01 09:03:05,Synthetic Login Impersonation Campaign,PHISHING,DOMAIN,identity-check-2272.invalid,Public Threat Feed,B,62,HIGH,69.8,FALSE_POSITIVE,2026-07-22 09:03:05,2026-08-18 23:03:05,Not Available,Synthetic defensive observation representing a possible phishing-related indicator.,Initial Access,Phishing,
THR-2026-2273,2026-10-01 09:03:05,Synthetic Login Impersonation Campaign,PHISHING,URL,https://credential-review-2273.invalid/login,Research Report,B,93,INFORMATIONAL,43.2,NEW,2026-08-29 09:03:05,2026-09-22 16:03:05,Demo Region A,Synthetic defensive observation representing a possible phishing-related indicator.,Initial Access,Phishing,
THR-2026-2274,2026-10-01 09:03:05,Social Engineering Risk Pattern,SOCIAL ENGINEERING,FILE HASH,e6c891616908135e5c77c0077f3f9081d392fb6f2d442e4208c68d5f22f9408b,Research Report,B,34,HIGH,58.6,CLOSED,2026-04-22 09:03:05,2026-04-24 07:03:05,Demo Region A,Synthetic defensive observation representing a social-engineering-related risk.,Initial Access,Phishing,
THR-2026-2275,2026-10-01 09:03:05,Synthetic Account Credential Threat,CREDENTIAL THREATS,CVE ID,CVE-2023-3275,Internal SOC,A,69,HIGH,72.6,NEW,2026-07-24 09:03:05,2026-08-04 21:03:05,Demo Region C,Synthetic defensive observation representing a credential-related security risk.,Credential Access,Valid Accounts,CVE-2023-3275
THR-2026-2276,2026-10-01 09:03:05,Suspicious Account Activity,ACCOUNT SECURITY,IP ADDRESS,203.0.113.245,Internal SOC,A,90,HIGH,81.0,UNDER_REVIEW,2026-07-04 09:03:05,2026-07-16 02:03:05,Demo Region A,Synthetic defensive observation representing an account-security-related risk.,Credential Access,Valid Accounts,
THR-2026-2277,2026-10-01 09:03:05,Synthetic Social Engineering Campaign,SOCIAL ENGINEERING,URL,https://identity-check-2277.invalid/review,Unknown Source,D,75,HIGH,75.0,NEW,2026-06-29 09:03:05,2026-07-07 04:03:05,Synthetic Region,Synthetic defensive observation representing a social-engineering-related risk.,Initial Access,Phishing,
THR-2026-2278,2026-10-01 09:03:05,Synthetic Social Engineering Campaign,SOCIAL ENGINEERING,FILE HASH,416bebf46f93f26a3a95c069cbbb980894a14632089b9df67db8a3f787870c7c,Internal SOC,A,56,LOW,37.4,MONITORING,2026-07-13 09:03:05,2026-07-23 18:03:05,Not Available,Synthetic defensive observation representing a social-engineering-related risk.,Initial Access,Phishing,
THR-2026-2279,2026-10-01 09:03:05,Synthetic Credential Phishing Campaign,PHISHING,DOMAIN,account-support-2279.invalid,Security Vendor,A,94,CRITICAL,94.6,MONITORING,2026-08-16 09:03:05,2026-08-19 02:03:05,Demo Region B,Synthetic defensive observation representing a possible phishing-related indicator.,Initial Access,Phishing,
THR-2026-2280,2026-10-01 09:03:05,Vulnerability Risk Assessment,VULNERABILITY EXPOSURE,FILE HASH,f5d2550a2ce75fa8b45c7df3c53e95bf181eeb41e842304edfbac4b9f68573c5,Security Vendor,A,30,HIGH,57.0,NEW,2026-05-22 09:03:05,2026-06-03 02:03:05,Demo Region C,Synthetic defensive observation representing potential vulnerability exposure.,Initial Access,User Execution,
THR-2026-2281,2026-10-01 09:03:05,Social Engineering Risk Pattern,SOCIAL ENGINEERING,EMAIL/SENDER DOMAIN,sender-2281.invalid,Research Report,B,44,MEDIUM,47.6,CLOSED,2026-07-10 09:03:05,2026-07-16 04:03:05,Demo Region A,Synthetic defensive observation representing a social-engineering-related risk.,Initial Access,Phishing,
THR-2026-2282,2026-10-01 09:03:05,Suspicious Web Resource Pattern,WEB THREATS,CVE ID,CVE-2025-3282,Security Vendor,A,51,HIGH,65.4,UNDER_REVIEW,2026-08-01 09:03:05,2026-08-12 08:03:05,Demo Region B,Synthetic defensive observation representing a suspicious web-related indicator.,Initial Access,Phishing,CVE-2025-3282
THR-2026-2283,2026-10-01 09:03:05,Synthetic Credential Phishing Campaign,PHISHING,DOMAIN,account-support-2283.invalid,Public Threat Feed,B,63,CRITICAL,82.2,UNDER_REVIEW,2026-09-25 09:03:05,2026-10-12 01:03:05,Synthetic Region,Synthetic defensive observation representing a possible phishing-related indicator.,Initial Access,Phishing,
THR-2026-2284,2026-10-01 09:03:05,Synthetic Credential Phishing Campaign,PHISHING,EMAIL/SENDER DOMAIN,sender-2284.invalid,Research Report,B,96,HIGH,83.4,MONITORING,2026-09-20 09:03:05,2026-10-09 14:03:05,Demo Region A,Synthetic defensive observation representing a possible phishing-related indicator.,Initial Access,Phishing,
THR-2026-2285,2026-10-01 09:03:05,Synthetic Account Security Event,ACCOUNT SECURITY,IP ADDRESS,203.0.113.254,Security Vendor,A,61,HIGH,69.4,CLOSED,2026-09-10 09:03:05,2026-09-12 15:03:05,Synthetic Region,Synthetic defensive observation representing an account-security-related risk.,Credential Access,Valid Accounts,
THR-2026-2286,2026-10-01 09:03:05,Suspicious File Hash Observation,MALWARE,IP ADDRESS,198.51.100.1,Public Threat Feed,B,95,MEDIUM,68.0,UNDER_REVIEW,2026-05-10 09:03:05,2026-05-11 19:03:05,Synthetic Region,Synthetic defensive observation representing a suspicious file or malware-related indicator.,Execution,User Execution,
THR-2026-2287,2026-10-01 09:03:05,File Encryption Threat Pattern,RANSOMWARE,CVE ID,CVE-2022-3287,Internal SOC,A,76,LOW,45.4,NEW,2026-07-17 09:03:05,2026-08-01 06:03:05,Demo Region B,Synthetic defensive observation representing a ransomware-related risk pattern.,Impact,Data Encrypted for Impact,CVE-2022-3287
THR-2026-2288,2026-10-01 09:03:05,Network Communication Anomaly,NETWORK THREATS,DOMAIN,account-support-2288.invalid,Research Report,B,25,HIGH,55.0,MONITORING,2026-05-31 09:03:05,2026-06-30 17:03:05,Demo Region C,Synthetic defensive observation representing a network-related security risk.,Command and Control,Application Layer Protocol,
THR-2026-2289,2026-10-01 09:03:05,Synthetic Social Engineering Campaign,SOCIAL ENGINEERING,CVE ID,CVE-2022-3289,Unknown Source,D,42,HIGH,61.8,CLOSED,2026-08-11 09:03:05,2026-08-13 23:03:05,Demo Region C,Synthetic defensive observation representing a social-engineering-related risk.,Initial Access,Phishing,CVE-2022-3289
THR-2026-2290,2026-10-01 09:03:05,Endpoint Malware Indicator Cluster,MALWARE,EMAIL/SENDER DOMAIN,sender-2290.invalid,Community Submission,C,56,MEDIUM,52.4,UNDER_REVIEW,2026-07-23 09:03:05,2026-08-06 00:03:05,Synthetic Region,Synthetic defensive observation representing a suspicious file or malware-related indicator.,Execution,User Execution,
THR-2026-2291,2026-10-01 09:03:05,Synthetic Vulnerability Exposure,VULNERABILITY EXPOSURE,DOMAIN,mail-protection-2291.invalid,Research Report,B,98,LOW,54.2,CLOSED,2026-09-30 09:03:05,2026-10-11 16:03:05,Demo Region B,Synthetic defensive observation representing potential vulnerability exposure.,Initial Access,User Execution,
THR-2026-2292,2026-10-01 09:03:05,Endpoint Malware Indicator Cluster,MALWARE,CVE ID,CVE-2026-3292,Public Threat Feed,B,41,LOW,31.4,UNDER_REVIEW,2026-05-29 09:03:05,2026-06-25 02:03:05,Demo Region A,Synthetic defensive observation representing a suspicious file or malware-related indicator.,Execution,User Execution,CVE-2026-3292
THR-2026-2293,2026-10-01 09:03:05,Vulnerability Risk Assessment,VULNERABILITY EXPOSURE,EMAIL/SENDER DOMAIN,sender-2293.invalid,Internal SOC,A,67,MEDIUM,56.8,UNDER_REVIEW,2026-06-22 09:03:05,2026-06-29 10:03:05,Synthetic Region,Synthetic defensive observation representing potential vulnerability exposure.,Initial Access,User Execution,
THR-2026-2294,2026-10-01 09:03:05,Vulnerability Risk Assessment,VULNERABILITY EXPOSURE,IP ADDRESS,198.51.100.9,Unknown Source,D,92,INFORMATIONAL,42.8,NEW,2026-09-08 09:03:05,2026-09-29 05:03:05,Demo Region C,Synthetic defensive observation representing potential vulnerability exposure.,Initial Access,User Execution,
THR-2026-2295,2026-10-01 09:03:05,Suspicious Account Activity,ACCOUNT SECURITY,EMAIL/SENDER DOMAIN,sender-2295.invalid,Security Vendor,A,26,MEDIUM,40.4,NEW,2026-05-03 09:03:05,2026-05-05 03:03:05,Demo Region B,Synthetic defensive observation representing an account-security-related risk.,Credential Access,Valid Accounts,
THR-2026-2296,2026-10-01 09:03:05,Synthetic Account Credential Threat,CREDENTIAL THREATS,CVE ID,CVE-2022-3296,Internal SOC,A,42,LOW,31.8,CLOSED,2026-04-28 09:03:05,2026-05-06 19:03:05,Demo Region B,Synthetic defensive observation representing a credential-related security risk.,Credential Access,Valid Accounts,CVE-2022-3296
THR-2026-2297,2026-10-01 09:03:05,Suspicious Network Indicator Cluster,NETWORK THREATS,EMAIL/SENDER DOMAIN,sender-2297.invalid,Security Vendor,A,71,MEDIUM,58.4,NEW,2026-09-02 09:03:05,2026-09-21 05:03:05,Synthetic Region,Synthetic defensive observation representing a network-related security risk.,Command and Control,Application Layer Protocol,
THR-2026-2298,2026-10-01 09:03:05,Synthetic Login Impersonation Campaign,PHISHING,EMAIL/SENDER DOMAIN,sender-2298.invalid,Internal SOC,A,80,HIGH,77.0,MONITORING,2026-08-27 09:03:05,2026-09-23 23:03:05,Synthetic Region,Synthetic defensive observation representing a possible phishing-related indicator.,Initial Access,Phishing,
THR-2026-2299,2026-10-01 09:03:05,Network Communication Anomaly,NETWORK THREATS,URL,https://identity-check-2299.invalid/review,Internal SOC,A,42,MEDIUM,46.8,MONITORING,2026-07-11 09:03:05,2026-07-21 08:03:05,Demo Region C,Synthetic defensive observation representing a network-related security risk.,Command and Control,Application Layer Protocol,
THR-2026-2300,2026-10-01 09:03:05,Credential Abuse Observation,CREDENTIAL THREATS,EMAIL/SENDER DOMAIN,sender-2300.invalid,Internal SOC,A,96,LOW,53.4,MONITORING,2026-04-22 09:03:05,2026-05-09 12:03:05,Demo Region C,Synthetic defensive observation representing a credential-related security risk.,Credential Access,Valid Accounts,
THR-2026-2301,2026-10-01 09:03:05,Potential Data Exposure Pattern,DATA EXPOSURE,DOMAIN,identity-check-2301.invalid,Public Threat Feed,B,61,HIGH,69.4,MONITORING,2026-06-21 09:03:05,2026-07-03 14:03:05,Not Available,Synthetic defensive observation representing a possible data exposure concern.,Collection,Data from Information Repositories,
THR-2026-2302,2026-10-01 09:03:05,Synthetic Ransomware Indicator Cluster,RANSOMWARE,IP ADDRESS,198.51.100.17,Public Threat Feed,B,31,MEDIUM,42.4,CLOSED,2026-04-04 09:03:05,2026-04-17 21:03:05,Demo Region B,Synthetic defensive observation representing a ransomware-related risk pattern.,Impact,Data Encrypted for Impact,
THR-2026-2303,2026-10-01 09:03:05,Endpoint Malware Indicator Cluster,MALWARE,FILE HASH,af5009586245fcdd3c1038185a031b7ab3cd8e18e488a18b860c2676a10861f8,Internal SOC,A,79,LOW,46.6,CLOSED,2026-06-08 09:03:05,2026-06-08 18:03:05,Demo Region B,Synthetic defensive observation representing a suspicious file or malware-related indicator.,Execution,User Execution,
THR-2026-2304,2026-10-01 09:03:05,Synthetic Vulnerability Exposure,VULNERABILITY EXPOSURE,IP ADDRESS,192.0.2.19,Public Threat Feed,B,33,LOW,28.2,UNDER_REVIEW,2026-05-24 09:03:05,2026-06-04 09:03:05,Demo Region C,Synthetic defensive observation representing potential vulnerability exposure.,Initial Access,User Execution,
THR-2026-2305,2026-10-01 09:03:05,Synthetic Login Impersonation Campaign,PHISHING,IP ADDRESS,198.51.100.20,Research Report,B,36,LOW,29.4,NEW,2026-05-26 09:03:05,2026-06-20 12:03:05,Synthetic Region,Synthetic defensive observation representing a possible phishing-related indicator.,Initial Access,Phishing,
THR-2026-2306,2026-10-01 09:03:05,Network Communication Anomaly,NETWORK THREATS,EMAIL/SENDER DOMAIN,sender-2306.invalid,Public Threat Feed,B,32,MEDIUM,42.8,UNDER_REVIEW,2026-08-28 09:03:05,2026-09-02 17:03:05,Demo Region A,Synthetic defensive observation representing a network-related security risk.,Command and Control,Application Layer Protocol,
THR-2026-2307,2026-10-01 09:03:05,Credential Abuse Observation,CREDENTIAL THREATS,EMAIL/SENDER DOMAIN,sender-2307.invalid,Community Submission,C,81,LOW,47.4,MONITORING,2026-07-25 09:03:05,2026-07-27 07:03:05,Demo Region C,Synthetic defensive observation representing a credential-related security risk.,Credential Access,Valid Accounts,
THR-2026-2308,2026-10-01 09:03:05,Credential Abuse Observation,CREDENTIAL THREATS,IP ADDRESS,203.0.113.23,Community Submission,C,84,HIGH,78.6,FALSE_POSITIVE,2026-09-17 09:03:05,2026-09-28 08:03:05,Demo Region A,Synthetic defensive observation representing a credential-related security risk.,Credential Access,Valid Accounts,
THR-2026-2309,2026-10-01 09:03:05,Synthetic Malicious File Pattern,MALWARE,CVE ID,CVE-2026-3309,Research Report,B,93,MEDIUM,67.2,FALSE_POSITIVE,2026-06-11 09:03:05,2026-07-12 08:03:05,Synthetic Region,Synthetic defensive observation representing a suspicious file or malware-related indicator.,Execution,User Execution,CVE-2026-3309
THR-2026-2310,2026-10-01 09:03:05,Credential Abuse Observation,CREDENTIAL THREATS,FILE HASH,1206903b3517cd8630fd4809c8c6142766b6355f5ef267814619b1b33e90d45e,Security Vendor,A,95,HIGH,83.0,MONITORING,2026-08-12 09:03:05,2026-09-09 19:03:05,Demo Region C,Synthetic defensive observation representing a credential-related security risk.,Credential Access,Valid Accounts,
THR-2026-2311,2026-10-01 09:03:05,Potential Data Exposure Pattern,DATA EXPOSURE,FILE HASH,0f184b58d0a4458aa4d0af55d212c1e0330efc5ba410a00d6087dbc0e4532e72,Unknown Source,D,72,CRITICAL,85.8,UNDER_REVIEW,2026-06-03 09:03:05,2026-06-04 14:03:05,Synthetic Region,Synthetic defensive observation representing a possible data exposure concern.,Collection,Data from Information Repositories,
THR-2026-2312,2026-10-01 09:03:05,Suspicious File Hash Observation,MALWARE,EMAIL/SENDER DOMAIN,sender-2312.invalid,Unknown Source,D,25,LOW,25.0,FALSE_POSITIVE,2026-09-05 09:03:05,2026-09-23 14:03:05,Demo Region A,Synthetic defensive observation representing a suspicious file or malware-related indicator.,Execution,User Execution,
THR-2026-2313,2026-10-01 09:03:05,Suspicious Network Indicator Cluster,NETWORK THREATS,FILE HASH,22dc7c57a4b6f5befe837d44515f4cefc1fccd9a1c1e92a70e88a59d40d52d99,Unknown Source,D,43,LOW,32.2,UNDER_REVIEW,2026-04-29 09:03:05,2026-05-22 00:03:05,Demo Region B,Synthetic defensive observation representing a network-related security risk.,Command and Control,Application Layer Protocol,
THR-2026-2314,2026-10-01 09:03:05,Account Protection Alert,ACCOUNT SECURITY,FILE HASH,b2fa200c893fc18dd81d032d6eb623256b06660760dacf8fe19269447118d0ff,Security Vendor,A,96,INFORMATIONAL,44.4,CLOSED,2026-07-10 09:03:05,2026-07-17 14:03:05,Synthetic Region,Synthetic defensive observation representing an account-security-related risk.,Credential Access,Valid Accounts,
THR-2026-2315,2026-10-01 09:03:05,Synthetic Account Security Event,ACCOUNT SECURITY,EMAIL/SENDER DOMAIN,sender-2315.invalid,Security Vendor,A,58,MEDIUM,53.2,FALSE_POSITIVE,2026-06-10 09:03:05,2026-06-25 16:03:05,Demo Region B,Synthetic defensive observation representing an account-security-related risk.,Credential Access,Valid Accounts,
THR-2026-2316,2026-10-01 09:03:05,Synthetic Network Threat Observation,NETWORK THREATS,CVE ID,CVE-2023-3316,Unknown Source,D,55,INFORMATIONAL,28.0,NEW,2026-08-15 09:03:05,2026-08-16 03:03:05,Demo Region C,Synthetic defensive observation representing a network-related security risk.,Command and Control,Application Layer Protocol,CVE-2023-3316
THR-2026-2317,2026-10-01 09:03:05,Suspicious File Hash Observation,MALWARE,FILE HASH,9fa7be74d4a477deaf402b6c638e402ba6dfc06fee8ac804987c8cef38c1b389,Community Submission,C,47,LOW,33.8,CLOSED,2026-07-21 09:03:05,2026-07-30 13:03:05,Demo Region C,Synthetic defensive observation representing a suspicious file or malware-related indicator.,Execution,User Execution,
THR-2026-2318,2026-10-01 09:03:05,Endpoint Malware Indicator Cluster,MALWARE,EMAIL/SENDER DOMAIN,sender-2318.invalid,Community Submission,C,44,MEDIUM,47.6,MONITORING,2026-09-28 09:03:05,2026-10-24 06:03:05,Demo Region C,Synthetic defensive observation representing a suspicious file or malware-related indicator.,Execution,User Execution,
THR-2026-2319,2026-10-01 09:03:05,Synthetic Malware Indicator Cluster,MALWARE,URL,https://identity-check-2319.invalid/review,Internal SOC,A,74,MEDIUM,59.6,FALSE_POSITIVE,2026-06-09 09:03:05,2026-06-19 22:03:05,Demo Region B,Synthetic defensive observation representing a suspicious file or malware-related indicator.,Execution,User Execution,
THR-2026-2320,2026-10-01 09:03:05,Synthetic Account Credential Threat,CREDENTIAL THREATS,IP ADDRESS,192.0.2.35,Public Threat Feed,B,75,INFORMATIONAL,36.0,CLOSED,2026-07-30 09:03:05,2026-08-06 06:03:05,Demo Region B,Synthetic defensive observation representing a credential-related security risk.,Credential Access,Valid Accounts,
THR-2026-2321,2026-10-01 09:03:05,Ransomware Awareness Simulation,RANSOMWARE,DOMAIN,credential-review-2321.invalid,Security Vendor,A,84,MEDIUM,63.6,NEW,2026-08-09 09:03:05,2026-09-08 11:03:05,Not Available,Synthetic defensive observation representing a ransomware-related risk pattern.,Impact,Data Encrypted for Impact,
THR-2026-2322,2026-10-01 09:03:05,Synthetic Vulnerability Observation,VULNERABILITY EXPOSURE,FILE HASH,b1db7373ef31ae726e70934ed08acefcd26de725c3cc819dd9bb28488e52f184,Research Report,B,28,HIGH,56.2,UNDER_REVIEW,2026-09-30 09:03:05,2026-10-07 02:03:05,Demo Region A,Synthetic defensive observation representing potential vulnerability exposure.,Initial Access,User Execution,
THR-2026-2323,2026-10-01 09:03:05,Unpatched Software Awareness Record,VULNERABILITY EXPOSURE,IP ADDRESS,198.51.100.38,Community Submission,C,46,MEDIUM,48.4,NEW,2026-05-25 09:03:05,2026-06-19 18:03:05,Demo Region C,Synthetic defensive observation representing potential vulnerability exposure.,Initial Access,User Execution,
THR-2026-2324,2026-10-01 09:03:05,Synthetic Login Impersonation Campaign,PHISHING,CVE ID,CVE-2025-3324,Unknown Source,D,63,HIGH,70.2,CLOSED,2026-09-17 09:03:05,2026-09-22 00:03:05,Demo Region A,Synthetic defensive observation representing a possible phishing-related indicator.,Initial Access,Phishing,CVE-2025-3324
THR-2026-2325,2026-10-01 09:03:05,Synthetic Human-Factor Threat,SOCIAL ENGINEERING,URL,https://system-alert-2325.invalid/account/check,Security Vendor,A,78,MEDIUM,61.2,NEW,2026-06-27 09:03:05,2026-07-15 09:03:05,Demo Region B,Synthetic defensive observation representing a social-engineering-related risk.,Initial Access,Phishing,
THR-2026-2326,2026-10-01 09:03:05,Synthetic Login Impersonation Campaign,PHISHING,DOMAIN,secure-login-2326.invalid,Unknown Source,D,90,LOW,51.0,NEW,2026-07-01 09:03:05,2026-07-21 21:03:05,Synthetic Region,Synthetic defensive observation representing a possible phishing-related indicator.,Initial Access,Phishing,
THR-2026-2327,2026-10-01 09:03:05,Synthetic Web Threat Cluster,WEB THREATS,EMAIL/SENDER DOMAIN,sender-2327.invalid,Community Submission,C,65,MEDIUM,56.0,FALSE_POSITIVE,2026-05-29 09:03:05,2026-06-19 03:03:05,Demo Region A,Synthetic defensive observation representing a suspicious web-related indicator.,Initial Access,Phishing,
THR-2026-2328,2026-10-01 09:03:05,Suspicious Authentication Pattern,CREDENTIAL THREATS,EMAIL/SENDER DOMAIN,sender-2328.invalid,Unknown Source,D,98,HIGH,84.2,NEW,2026-05-29 09:03:05,2026-06-22 03:03:05,Not Available,Synthetic defensive observation representing a credential-related security risk.,Credential Access,Valid Accounts,
THR-2026-2329,2026-10-01 09:03:05,Web Application Threat Observation,WEB THREATS,EMAIL/SENDER DOMAIN,sender-2329.invalid,Research Report,B,89,HIGH,80.6,NEW,2026-09-22 09:03:05,2026-10-11 08:03:05,Demo Region C,Synthetic defensive observation representing a suspicious web-related indicator.,Initial Access,Phishing,
THR-2026-2330,2026-10-01 09:03:05,Web Application Threat Observation,WEB THREATS,EMAIL/SENDER DOMAIN,sender-2330.invalid,Security Vendor,A,51,HIGH,65.4,UNDER_REVIEW,2026-06-16 09:03:05,2026-07-10 22:03:05,Demo Region B,Synthetic defensive observation representing a suspicious web-related indicator.,Initial Access,Phishing,
THR-2026-2331,2026-10-01 09:03:05,File Encryption Threat Pattern,RANSOMWARE,CVE ID,CVE-2023-3331,Research Report,B,57,CRITICAL,79.8,FALSE_POSITIVE,2026-09-05 09:03:05,2026-09-09 12:03:05,Not Available,Synthetic defensive observation representing a ransomware-related risk pattern.,Impact,Data Encrypted for Impact,CVE-2023-3331
THR-2026-2332,2026-10-01 09:03:05,Sensitive Data Protection Alert,DATA EXPOSURE,CVE ID,CVE-2022-3332,Public Threat Feed,B,38,MEDIUM,45.2,MONITORING,2026-04-26 09:03:05,2026-05-06 02:03:05,Demo Region B,Synthetic defensive observation representing a possible data exposure concern.,Collection,Data from Information Repositories,CVE-2022-3332
THR-2026-2333,2026-10-01 09:03:05,Fake Account Verification Activity,PHISHING,IP ADDRESS,203.0.113.48,Research Report,B,82,INFORMATIONAL,38.8,FALSE_POSITIVE,2026-04-05 09:03:05,2026-05-04 14:03:05,Demo Region B,Synthetic defensive observation representing a possible phishing-related indicator.,Initial Access,Phishing,
THR-2026-2334,2026-10-01 09:03:05,Synthetic Information Exposure,DATA EXPOSURE,CVE ID,CVE-2024-3334,Security Vendor,A,63,CRITICAL,82.2,MONITORING,2026-04-20 09:03:05,2026-04-25 19:03:05,Synthetic Region,Synthetic defensive observation representing a possible data exposure concern.,Collection,Data from Information Repositories,CVE-2024-3334
THR-2026-2335,2026-10-01 09:03:05,Potential Data Exposure Pattern,DATA EXPOSURE,CVE ID,CVE-2025-3335,Community Submission,C,90,INFORMATIONAL,42.0,FALSE_POSITIVE,2026-05-19 09:03:05,2026-05-23 13:03:05,Synthetic Region,Synthetic defensive observation representing a possible data exposure concern.,Collection,Data from Information Repositories,CVE-2025-3335
THR-2026-2336,2026-10-01 09:03:05,Synthetic Data Exposure Observation,DATA EXPOSURE,CVE ID,CVE-2025-3336,Public Threat Feed,B,94,INFORMATIONAL,43.6,NEW,2026-09-13 09:03:05,2026-09-26 01:03:05,Synthetic Region,Synthetic defensive observation representing a possible data exposure concern.,Collection,Data from Information Repositories,CVE-2025-3336
THR-2026-2337,2026-10-01 09:03:05,Suspicious Authentication Pattern,CREDENTIAL THREATS,CVE ID,CVE-2024-3337,Research Report,B,72,MEDIUM,58.8,NEW,2026-07-14 09:03:05,2026-07-29 08:03:05,Synthetic Region,Synthetic defensive observation representing a credential-related security risk.,Credential Access,Valid Accounts,CVE-2024-3337
THR-2026-2338,2026-10-01 09:03:05,Suspicious Network Indicator Cluster,NETWORK THREATS,EMAIL/SENDER DOMAIN,sender-2338.invalid,Community Submission,C,81,MEDIUM,62.4,UNDER_REVIEW,2026-07-24 09:03:05,2026-08-11 21:03:05,Not Available,Synthetic defensive observation representing a network-related security risk.,Command and Control,Application Layer Protocol,
THR-2026-2339,2026-10-01 09:03:05,Synthetic Credential Phishing Campaign,PHISHING,EMAIL/SENDER DOMAIN,sender-2339.invalid,Security Vendor,A,81,HIGH,77.4,NEW,2026-08-10 09:03:05,2026-08-22 12:03:05,Not Available,Synthetic defensive observation representing a possible phishing-related indicator.,Initial Access,Phishing,
THR-2026-2340,2026-10-01 09:03:05,Authentication Risk Observation,ACCOUNT SECURITY,DOMAIN,secure-login-2340.invalid,Security Vendor,A,76,LOW,45.4,MONITORING,2026-09-29 09:03:05,2026-10-02 22:03:05,Demo Region C,Synthetic defensive observation representing an account-security-related risk.,Credential Access,Valid Accounts,
THR-2026-2341,2026-10-01 09:03:05,Synthetic Human-Factor Threat,SOCIAL ENGINEERING,CVE ID,CVE-2026-3341,Public Threat Feed,B,60,MEDIUM,54.0,MONITORING,2026-05-26 09:03:05,2026-06-17 01:03:05,Demo Region C,Synthetic defensive observation representing a social-engineering-related risk.,Initial Access,Phishing,CVE-2026-3341
THR-2026-2342,2026-10-01 09:03:05,Synthetic Network Threat Observation,NETWORK THREATS,FILE HASH,97d4e1c146aec21cef1163173d199385a022c7df6dce4028d9b320a02c3cd472,Public Threat Feed,B,47,CRITICAL,75.8,NEW,2026-06-02 09:03:05,2026-06-15 17:03:05,Demo Region A,Synthetic defensive observation representing a network-related security risk.,Command and Control,Application Layer Protocol,
THR-2026-2343,2026-10-01 09:03:05,Synthetic Vulnerability Observation,VULNERABILITY EXPOSURE,EMAIL/SENDER DOMAIN,sender-2343.invalid,Research Report,B,91,MEDIUM,66.4,MONITORING,2026-05-18 09:03:05,2026-06-14 13:03:05,Demo Region A,Synthetic defensive observation representing potential vulnerability exposure.,Initial Access,User Execution,
THR-2026-2344,2026-10-01 09:03:05,Synthetic Malicious File Pattern,MALWARE,FILE HASH,2d4266e47b142fe1c4fd2dbd7a3f1090cd988d5482fc88e61a729f073ba02ce8,Security Vendor,A,38,LOW,30.2,NEW,2026-08-17 09:03:05,2026-09-14 17:03:05,Demo Region C,Synthetic defensive observation representing a suspicious file or malware-related indicator.,Execution,User Execution,
THR-2026-2345,2026-10-01 09:03:05,Potential Data Exposure Pattern,DATA EXPOSURE,EMAIL/SENDER DOMAIN,sender-2345.invalid,Internal SOC,A,62,MEDIUM,54.8,CLOSED,2026-08-25 09:03:05,2026-09-19 15:03:05,Not Available,Synthetic defensive observation representing a possible data exposure concern.,Collection,Data from Information Repositories,
THR-2026-2346,2026-10-01 09:03:05,Synthetic Information Exposure,DATA EXPOSURE,FILE HASH,c6351e7fb222e9776a10363c3ef969b4300824faf2254fee3f1e99e9ffd73b28,Research Report,B,65,HIGH,71.0,UNDER_REVIEW,2026-09-20 09:03:05,2026-10-13 11:03:05,Demo Region A,Synthetic defensive observation representing a possible data exposure concern.,Collection,Data from Information Repositories,
THR-2026-2347,2026-10-01 09:03:05,Vulnerability Risk Assessment,VULNERABILITY EXPOSURE,DOMAIN,login-check-2347.invalid,Public Threat Feed,B,63,HIGH,70.2,UNDER_REVIEW,2026-08-22 09:03:05,2026-09-20 15:03:05,Demo Region A,Synthetic defensive observation representing potential vulnerability exposure.,Initial Access,User Execution,
THR-2026-2348,2026-10-01 09:03:05,Synthetic Login Impersonation Campaign,PHISHING,CVE ID,CVE-2024-3348,Community Submission,C,94,HIGH,82.6,NEW,2026-05-17 09:03:05,2026-05-24 09:03:05,Demo Region A,Synthetic defensive observation representing a possible phishing-related indicator.,Initial Access,Phishing,CVE-2024-3348
THR-2026-2349,2026-10-01 09:03:05,Suspicious Web Resource Pattern,WEB THREATS,CVE ID,CVE-2026-3349,Unknown Source,D,80,INFORMATIONAL,38.0,CLOSED,2026-09-14 09:03:05,2026-10-11 04:03:05,Not Available,Synthetic defensive observation representing a suspicious web-related indicator.,Initial Access,Phishing,CVE-2026-3349
THR-2026-2350,2026-10-01 09:03:05,Authentication Risk Observation,ACCOUNT SECURITY,FILE HASH,c7f2568bc4eecf563277abd0dba2f3afab765fbe459864115b79f4e70190e31a,Community Submission,C,44,LOW,32.6,FALSE_POSITIVE,2026-07-24 09:03:05,2026-07-27 15:03:05,Synthetic Region,Synthetic defensive observation representing an account-security-related risk.,Credential Access,Valid Accounts,
THR-2026-2351,2026-10-01 09:03:05,Suspicious Web Resource Pattern,WEB THREATS,EMAIL/SENDER DOMAIN,sender-2351.invalid,Internal SOC,A,65,INFORMATIONAL,32.0,MONITORING,2026-06-04 09:03:05,2026-06-10 20:03:05,Synthetic Region,Synthetic defensive observation representing a suspicious web-related indicator.,Initial Access,Phishing,
THR-2026-2352,2026-10-01 09:03:05,Sensitive Data Protection Alert,DATA EXPOSURE,IP ADDRESS,203.0.113.67,Community Submission,C,53,LOW,36.2,FALSE_POSITIVE,2026-07-28 09:03:05,2026-08-18 09:03:05,Not Available,Synthetic defensive observation representing a possible data exposure concern.,Collection,Data from Information Repositories,
THR-2026-2353,2026-10-01 09:03:05,Fake Account Verification Activity,PHISHING,DOMAIN,secure-login-2353.invalid,Public Threat Feed,B,57,INFORMATIONAL,28.8,MONITORING,2026-08-24 09:03:05,2026-09-13 10:03:05,Demo Region A,Synthetic defensive observation representing a possible phishing-related indicator.,Initial Access,Phishing,
THR-2026-2354,2026-10-01 09:03:05,Synthetic Data Exposure Observation,DATA EXPOSURE,EMAIL/SENDER DOMAIN,sender-2354.invalid,Public Threat Feed,B,42,CRITICAL,73.8,UNDER_REVIEW,2026-05-20 09:03:05,2026-05-29 04:03:05,Synthetic Region,Synthetic defensive observation representing a possible data exposure concern.,Collection,Data from Information Repositories,
THR-2026-2355,2026-10-01 09:03:05,Suspicious Web Resource Pattern,WEB THREATS,DOMAIN,login-check-2355.invalid,Unknown Source,D,97,LOW,53.8,FALSE_POSITIVE,2026-06-10 09:03:05,2026-07-01 23:03:05,Demo Region C,Synthetic defensive observation representing a suspicious web-related indicator.,Initial Access,Phishing,
THR-2026-2356,2026-10-01 09:03:05,Vulnerability Risk Assessment,VULNERABILITY EXPOSURE,FILE HASH,67db4cef3b995e4aae02a4a2bf54da7c8ce8fcf014573ab181aa0ece6af82065,Unknown Source,D,39,MEDIUM,45.6,FALSE_POSITIVE,2026-07-13 09:03:05,2026-07-16 01:03:05,Demo Region C,Synthetic defensive observation representing potential vulnerability exposure.,Initial Access,User Execution,
THR-2026-2357,2026-10-01 09:03:05,Ransomware Awareness Simulation,RANSOMWARE,DOMAIN,login-check-2357.invalid,Community Submission,C,41,MEDIUM,46.4,MONITORING,2026-07-11 09:03:05,2026-08-06 05:03:05,Not Available,Synthetic defensive observation representing a ransomware-related risk pattern.,Impact,Data Encrypted for Impact,
THR-2026-2358,2026-10-01 09:03:05,Synthetic Malware Indicator Cluster,MALWARE,EMAIL/SENDER DOMAIN,sender-2358.invalid,Unknown Source,D,56,MEDIUM,52.4,FALSE_POSITIVE,2026-08-05 09:03:05,2026-08-10 22:03:05,Demo Region C,Synthetic defensive observation representing a suspicious file or malware-related indicator.,Execution,User Execution,
THR-2026-2359,2026-10-01 09:03:05,Synthetic Vulnerability Observation,VULNERABILITY EXPOSURE,CVE ID,CVE-2026-3359,Research Report,B,46,HIGH,63.4,UNDER_REVIEW,2026-06-15 09:03:05,2026-07-12 00:03:05,Not Available,Synthetic defensive observation representing potential vulnerability exposure.,Initial Access,User Execution,CVE-2026-3359
THR-2026-2360,2026-10-01 09:03:05,Synthetic Malware Indicator Cluster,MALWARE,FILE HASH,21bce71de1fbd54c88988971fae94e46c92c67b1d9e9dba6011b973a180479a3,Security Vendor,A,76,INFORMATIONAL,36.4,NEW,2026-05-02 09:03:05,2026-05-09 06:03:05,Demo Region C,Synthetic defensive observation representing a suspicious file or malware-related indicator.,Execution,User Execution,
THR-2026-2361,2026-10-01 09:03:05,Sensitive Data Protection Alert,DATA EXPOSURE,IP ADDRESS,198.51.100.76,Public Threat Feed,B,44,MEDIUM,47.6,FALSE_POSITIVE,2026-08-24 09:03:05,2026-09-21 21:03:05,Demo Region C,Synthetic defensive observation representing a possible data exposure concern.,Collection,Data from Information Repositories,
THR-2026-2362,2026-10-01 09:03:05,Suspicious Web Resource Pattern,WEB THREATS,FILE HASH,ffc7b238cf43df607c11d841efcd98bd55c41a568ec04f74eacfda151af93038,Research Report,B,27,MEDIUM,40.8,UNDER_REVIEW,2026-08-22 09:03:05,2026-08-29 13:03:05,Demo Region B,Synthetic defensive observation representing a suspicious web-related indicator.,Initial Access,Phishing,
THR-2026-2363,2026-10-01 09:03:05,Synthetic Social Engineering Campaign,SOCIAL ENGINEERING,IP ADDRESS,198.51.100.78,Security Vendor,A,28,MEDIUM,41.2,CLOSED,2026-08-18 09:03:05,2026-08-26 00:03:05,Demo Region A,Synthetic defensive observation representing a social-engineering-related risk.,Initial Access,Phishing,
THR-2026-2364,2026-10-01 09:03:05,Synthetic Network Infrastructure,NETWORK THREATS,URL,https://system-alert-2364.invalid/review,Unknown Source,D,32,MEDIUM,42.8,MONITORING,2026-05-12 09:03:05,2026-05-20 23:03:05,Not Available,Synthetic defensive observation representing a network-related security risk.,Command and Control,Application Layer Protocol,
THR-2026-2365,2026-10-01 09:03:05,Suspicious Web Infrastructure,WEB THREATS,IP ADDRESS,203.0.113.80,Research Report,B,78,HIGH,76.2,FALSE_POSITIVE,2026-07-12 09:03:05,2026-07-22 15:03:05,Not Available,Synthetic defensive observation representing a suspicious web-related indicator.,Initial Access,Phishing,
THR-2026-2366,2026-10-01 09:03:05,Suspicious Account Activity,ACCOUNT SECURITY,CVE ID,CVE-2022-3366,Research Report,B,51,HIGH,65.4,CLOSED,2026-05-22 09:03:05,2026-05-24 20:03:05,Demo Region C,Synthetic defensive observation representing an account-security-related risk.,Credential Access,Valid Accounts,CVE-2022-3366
THR-2026-2367,2026-10-01 09:03:05,Account Protection Alert,ACCOUNT SECURITY,IP ADDRESS,203.0.113.82,Community Submission,C,72,MEDIUM,58.8,CLOSED,2026-04-28 09:03:05,2026-05-23 07:03:05,Demo Region B,Synthetic defensive observation representing an account-security-related risk.,Credential Access,Valid Accounts,
THR-2026-2368,2026-10-01 09:03:05,Synthetic Data Exposure Observation,DATA EXPOSURE,DOMAIN,system-alert-2368.invalid,Research Report,B,90,LOW,51.0,NEW,2026-06-17 09:03:05,2026-06-24 01:03:05,Demo Region B,Synthetic defensive observation representing a possible data exposure concern.,Collection,Data from Information Repositories,
THR-2026-2369,2026-10-01 09:03:05,Synthetic Social Engineering Campaign,SOCIAL ENGINEERING,FILE HASH,f706b6d3a1cc785ee9c2071e3783db18295f2cf639594bf8d69539db0088683c,Unknown Source,D,76,LOW,45.4,NEW,2026-09-03 09:03:05,2026-09-08 12:03:05,Demo Region C,Synthetic defensive observation representing a social-engineering-related risk.,Initial Access,Phishing,
THR-2026-2370,2026-10-01 09:03:05,Synthetic Information Exposure,DATA EXPOSURE,EMAIL/SENDER DOMAIN,sender-2370.invalid,Unknown Source,D,97,LOW,53.8,FALSE_POSITIVE,2026-05-15 09:03:05,2026-06-01 05:03:05,Demo Region A,Synthetic defensive observation representing a possible data exposure concern.,Collection,Data from Information Repositories,
THR-2026-2371,2026-10-01 09:03:05,Synthetic Ransomware Indicator Cluster,RANSOMWARE,IP ADDRESS,203.0.113.86,Research Report,B,25,HIGH,55.0,NEW,2026-06-23 09:03:05,2026-07-16 04:03:05,Demo Region A,Synthetic defensive observation representing a ransomware-related risk pattern.,Impact,Data Encrypted for Impact,
THR-2026-2372,2026-10-01 09:03:05,Synthetic Human-Factor Threat,SOCIAL ENGINEERING,EMAIL/SENDER DOMAIN,sender-2372.invalid,Security Vendor,A,86,LOW,49.4,FALSE_POSITIVE,2026-05-03 09:03:05,2026-05-20 13:03:05,Not Available,Synthetic defensive observation representing a social-engineering-related risk.,Initial Access,Phishing,
THR-2026-2373,2026-10-01 09:03:05,Credential Abuse Observation,CREDENTIAL THREATS,DOMAIN,identity-check-2373.invalid,Unknown Source,D,90,HIGH,81.0,NEW,2026-06-11 09:03:05,2026-07-02 18:03:05,Demo Region A,Synthetic defensive observation representing a credential-related security risk.,Credential Access,Valid Accounts,
THR-2026-2374,2026-10-01 09:03:05,Suspicious Network Indicator Cluster,NETWORK THREATS,IP ADDRESS,198.51.100.89,Community Submission,C,83,MEDIUM,63.2,MONITORING,2026-04-26 09:03:05,2026-05-10 01:03:05,Demo Region B,Synthetic defensive observation representing a network-related security risk.,Command and Control,Application Layer Protocol,
THR-2026-2375,2026-10-01 09:03:05,Suspicious Network Indicator Cluster,NETWORK THREATS,CVE ID,CVE-2025-3375,Research Report,B,87,INFORMATIONAL,40.8,NEW,2026-08-01 09:03:05,2026-08-24 12:03:05,Demo Region B,Synthetic defensive observation representing a network-related security risk.,Command and Control,Application Layer Protocol,CVE-2025-3375
THR-2026-2376,2026-10-01 09:03:05,Network Communication Anomaly,NETWORK THREATS,URL,https://service-notice-2376.invalid/review,Research Report,B,65,INFORMATIONAL,32.0,NEW,2026-04-10 09:03:05,2026-05-08 10:03:05,Demo Region B,Synthetic defensive observation representing a network-related security risk.,Command and Control,Application Layer Protocol,
THR-2026-2377,2026-10-01 09:03:05,Sensitive Data Protection Alert,DATA EXPOSURE,FILE HASH,69430954d3667aa4d1519764f55634b0e78b6932f8226a21832793cefd0bf8d7,Community Submission,C,53,MEDIUM,51.2,MONITORING,2026-07-22 09:03:05,2026-08-13 17:03:05,Demo Region A,Synthetic defensive observation representing a possible data exposure concern.,Collection,Data from Information Repositories,
THR-2026-2378,2026-10-01 09:03:05,Synthetic Network Infrastructure,NETWORK THREATS,EMAIL/SENDER DOMAIN,sender-2378.invalid,Internal SOC,A,38,MEDIUM,45.2,NEW,2026-07-13 09:03:05,2026-07-15 18:03:05,Demo Region A,Synthetic defensive observation representing a network-related security risk.,Command and Control,Application Layer Protocol,
THR-2026-2379,2026-10-01 09:03:05,Synthetic Ransomware Infrastructure,RANSOMWARE,DOMAIN,service-notice-2379.invalid,Research Report,B,50,HIGH,65.0,FALSE_POSITIVE,2026-05-16 09:03:05,2026-05-30 12:03:05,Synthetic Region,Synthetic defensive observation representing a ransomware-related risk pattern.,Impact,Data Encrypted for Impact,
THR-2026-2380,2026-10-01 09:03:05,Suspicious Account Activity,ACCOUNT SECURITY,IP ADDRESS,203.0.113.95,Research Report,B,81,INFORMATIONAL,38.4,UNDER_REVIEW,2026-04-25 09:03:05,2026-05-10 02:03:05,Demo Region B,Synthetic defensive observation representing an account-security-related risk.,Credential Access,Valid Accounts,
THR-2026-2381,2026-10-01 09:03:05,Web Application Threat Observation,WEB THREATS,CVE ID,CVE-2024-3381,Public Threat Feed,B,90,MEDIUM,66.0,UNDER_REVIEW,2026-07-25 09:03:05,2026-08-08 00:03:05,Demo Region A,Synthetic defensive observation representing a suspicious web-related indicator.,Initial Access,Phishing,CVE-2024-3381
THR-2026-2382,2026-10-01 09:03:05,Synthetic Vulnerability Observation,VULNERABILITY EXPOSURE,CVE ID,CVE-2025-3382,Internal SOC,A,27,CRITICAL,67.8,UNDER_REVIEW,2026-06-12 09:03:05,2026-06-18 13:03:05,Synthetic Region,Synthetic defensive observation representing potential vulnerability exposure.,Initial Access,User Execution,CVE-2025-3382
THR-2026-2383,2026-10-01 09:03:05,Social Engineering Risk Pattern,SOCIAL ENGINEERING,EMAIL/SENDER DOMAIN,sender-2383.invalid,Public Threat Feed,B,40,MEDIUM,46.0,UNDER_REVIEW,2026-05-04 09:03:05,2026-06-04 00:03:05,Synthetic Region,Synthetic defensive observation representing a social-engineering-related risk.,Initial Access,Phishing,
THR-2026-2384,2026-10-01 09:03:05,Synthetic Account Security Event,ACCOUNT SECURITY,CVE ID,CVE-2023-3384,Internal SOC,A,54,MEDIUM,51.6,UNDER_REVIEW,2026-05-23 09:03:05,2026-06-05 02:03:05,Demo Region A,Synthetic defensive observation representing an account-security-related risk.,Credential Access,Valid Accounts,CVE-2023-3384
THR-2026-2385,2026-10-01 09:03:05,Synthetic Account Security Event,ACCOUNT SECURITY,IP ADDRESS,198.51.100.100,Unknown Source,D,63,MEDIUM,55.2,MONITORING,2026-08-20 09:03:05,2026-09-15 16:03:05,Demo Region B,Synthetic defensive observation representing an account-security-related risk.,Credential Access,Valid Accounts,
THR-2026-2386,2026-10-01 09:03:05,Synthetic Malicious File Pattern,MALWARE,FILE HASH,ff3ee01240ba0e870a0e8ec41fd52e1eda320a0b903586e6218ce88a919bce33,Community Submission,C,33,HIGH,58.2,UNDER_REVIEW,2026-07-04 09:03:05,2026-07-25 08:03:05,Not Available,Synthetic defensive observation representing a suspicious file or malware-related indicator.,Execution,User Execution,
THR-2026-2387,2026-10-01 09:03:05,Account Protection Alert,ACCOUNT SECURITY,FILE HASH,916b3838d9f9e7689d3d51431bcfe04f8eed554357364fa255f1f83d5344e070,Security Vendor,A,84,INFORMATIONAL,39.6,CLOSED,2026-07-16 09:03:05,2026-07-25 21:03:05,Demo Region C,Synthetic defensive observation representing an account-security-related risk.,Credential Access,Valid Accounts,
THR-2026-2388,2026-10-01 09:03:05,Synthetic Ransomware Indicator Cluster,RANSOMWARE,CVE ID,CVE-2022-3388,Public Threat Feed,B,98,MEDIUM,69.2,MONITORING,2026-05-14 09:03:05,2026-05-24 05:03:05,Synthetic Region,Synthetic defensive observation representing a ransomware-related risk pattern.,Impact,Data Encrypted for Impact,CVE-2022-3388
THR-2026-2389,2026-10-01 09:03:05,Synthetic Account Security Event,ACCOUNT SECURITY,IP ADDRESS,198.51.100.104,Public Threat Feed,B,25,INFORMATIONAL,16.0,FALSE_POSITIVE,2026-09-27 09:03:05,2026-10-27 14:03:05,Demo Region A,Synthetic defensive observation representing an account-security-related risk.,Credential Access,Valid Accounts,
THR-2026-2390,2026-10-01 09:03:05,Synthetic Malicious File Pattern,MALWARE,FILE HASH,175681da4d195c2abe4a065e3dc1200012dda23fd2f4f83889e2359a9afb7fe6,Internal SOC,A,61,INFORMATIONAL,30.4,CLOSED,2026-08-03 09:03:05,2026-08-28 18:03:05,Synthetic Region,Synthetic defensive observation representing a suspicious file or malware-related indicator.,Execution,User Execution,
THR-2026-2391,2026-10-01 09:03:05,Synthetic Login Impersonation Campaign,PHISHING,CVE ID,CVE-2026-3391,Security Vendor,A,96,LOW,53.4,UNDER_REVIEW,2026-04-06 09:03:05,2026-04-21 23:03:05,Demo Region A,Synthetic defensive observation representing a possible phishing-related indicator.,Initial Access,Phishing,CVE-2026-3391
THR-2026-2392,2026-10-01 09:03:05,Suspicious Account Activity,ACCOUNT SECURITY,CVE ID,CVE-2023-3392,Unknown Source,D,61,MEDIUM,54.4,CLOSED,2026-04-20 09:03:05,2026-04-27 15:03:05,Demo Region B,Synthetic defensive observation representing an account-security-related risk.,Credential Access,Valid Accounts,CVE-2023-3392
THR-2026-2393,2026-10-01 09:03:05,Suspicious Network Indicator Cluster,NETWORK THREATS,CVE ID,CVE-2022-3393,Unknown Source,D,74,MEDIUM,59.6,CLOSED,2026-08-14 09:03:05,2026-08-18 02:03:05,Synthetic Region,Synthetic defensive observation representing a network-related security risk.,Command and Control,Application Layer Protocol,CVE-2022-3393
THR-2026-2394,2026-10-01 09:03:05,Synthetic Social Engineering Campaign,SOCIAL ENGINEERING,FILE HASH,e48ad4b0aaf4116bd67772f96b1dbdedc744745f04058bd8f833eb19ad6ebf72,Research Report,B,78,HIGH,76.2,MONITORING,2026-06-11 09:03:05,2026-07-11 11:03:05,Demo Region B,Synthetic defensive observation representing a social-engineering-related risk.,Initial Access,Phishing,
THR-2026-2395,2026-10-01 09:03:05,Unpatched Software Awareness Record,VULNERABILITY EXPOSURE,DOMAIN,identity-check-2395.invalid,Security Vendor,A,29,LOW,26.6,FALSE_POSITIVE,2026-08-29 09:03:05,2026-09-03 06:03:05,Demo Region C,Synthetic defensive observation representing potential vulnerability exposure.,Initial Access,User Execution,
THR-2026-2396,2026-10-01 09:03:05,Synthetic Account Security Event,ACCOUNT SECURITY,EMAIL/SENDER DOMAIN,sender-2396.invalid,Unknown Source,D,51,INFORMATIONAL,26.4,CLOSED,2026-06-10 09:03:05,2026-06-24 02:03:05,Synthetic Region,Synthetic defensive observation representing an account-security-related risk.,Credential Access,Valid Accounts,
THR-2026-2397,2026-10-01 09:03:05,Network Communication Anomaly,NETWORK THREATS,EMAIL/SENDER DOMAIN,sender-2397.invalid,Research Report,B,37,HIGH,59.8,MONITORING,2026-06-07 09:03:05,2026-06-26 11:03:05,Demo Region B,Synthetic defensive observation representing a network-related security risk.,Command and Control,Application Layer Protocol,
THR-2026-2398,2026-10-01 09:03:05,Suspicious Web Infrastructure,WEB THREATS,FILE HASH,57cc45f5ab2c1a18d632c6503c805bcdb5b0750a655da6ac625897f8955b8ef7,Security Vendor,A,46,LOW,33.4,MONITORING,2026-07-30 09:03:05,2026-08-23 20:03:05,Synthetic Region,Synthetic defensive observation representing a suspicious web-related indicator.,Initial Access,Phishing,
THR-2026-2399,2026-10-01 09:03:05,Unpatched Software Awareness Record,VULNERABILITY EXPOSURE,URL,https://secure-login-2399.invalid/security/notice,Internal SOC,A,73,LOW,44.2,UNDER_REVIEW,2026-09-02 09:03:05,2026-09-19 21:03:05,Synthetic Region,Synthetic defensive observation representing potential vulnerability exposure.,Initial Access,User Execution,
THR-2026-2400,2026-10-01 09:03:05,Synthetic Vulnerability Observation,VULNERABILITY EXPOSURE,DOMAIN,security-alert-2400.invalid,Unknown Source,D,70,MEDIUM,58.0,FALSE_POSITIVE,2026-04-19 09:03:05,2026-05-02 04:03:05,Demo Region C,Synthetic defensive observation representing potential vulnerability exposure.,Initial Access,User Execution,
THR-2026-2401,2026-10-01 09:03:05,Synthetic Ransomware Infrastructure,RANSOMWARE,CVE ID,CVE-2023-3401,Research Report,B,81,MEDIUM,62.4,NEW,2026-07-25 09:03:05,2026-08-19 11:03:05,Not Available,Synthetic defensive observation representing a ransomware-related risk pattern.,Impact,Data Encrypted for Impact,CVE-2023-3401
THR-2026-2402,2026-10-01 09:03:05,Fake Account Verification Activity,PHISHING,DOMAIN,system-alert-2402.invalid,Unknown Source,D,47,LOW,33.8,MONITORING,2026-07-07 09:03:05,2026-07-17 11:03:05,Demo Region C,Synthetic defensive observation representing a possible phishing-related indicator.,Initial Access,Phishing,
THR-2026-2403,2026-10-01 09:03:05,Synthetic Web Threat Cluster,WEB THREATS,EMAIL/SENDER DOMAIN,sender-2403.invalid,Security Vendor,A,43,MEDIUM,47.2,NEW,2026-05-17 09:03:05,2026-06-16 02:03:05,Not Available,Synthetic defensive observation representing a suspicious web-related indicator.,Initial Access,Phishing,
THR-2026-2404,2026-10-01 09:03:05,Suspicious Web Infrastructure,WEB THREATS,FILE HASH,e5393c7b86cc1a118e59a4356eda93f49d305a6d8e1563d5c650a1325a97a81a,Public Threat Feed,B,33,CRITICAL,70.2,CLOSED,2026-06-30 09:03:05,2026-07-08 21:03:05,Demo Region C,Synthetic defensive observation representing a suspicious web-related indicator.,Initial Access,Phishing,
THR-2026-2405,2026-10-01 09:03:05,Suspicious Web Resource Pattern,WEB THREATS,EMAIL/SENDER DOMAIN,sender-2405.invalid,Public Threat Feed,B,44,HIGH,62.6,FALSE_POSITIVE,2026-09-07 09:03:05,2026-09-10 17:03:05,Not Available,Synthetic defensive observation representing a suspicious web-related indicator.,Initial Access,Phishing,
THR-2026-2406,2026-10-01 09:03:05,Synthetic Social Engineering Campaign,SOCIAL ENGINEERING,EMAIL/SENDER DOMAIN,sender-2406.invalid,Internal SOC,A,52,HIGH,65.8,NEW,2026-08-27 09:03:05,2026-09-24 07:03:05,Demo Region C,Synthetic defensive observation representing a social-engineering-related risk.,Initial Access,Phishing,
THR-2026-2407,2026-10-01 09:03:05,Suspicious Account Activity,ACCOUNT SECURITY,URL,https://identity-check-2407.invalid/account/check,Research Report,B,80,MEDIUM,62.0,MONITORING,2026-09-06 09:03:05,2026-09-22 15:03:05,Not Available,Synthetic defensive observation representing an account-security-related risk.,Credential Access,Valid Accounts,
THR-2026-2408,2026-10-01 09:03:05,Potential Data Exposure Pattern,DATA EXPOSURE,IP ADDRESS,192.0.2.123,Research Report,B,93,LOW,52.2,NEW,2026-07-30 09:03:05,2026-08-01 18:03:05,Not Available,Synthetic defensive observation representing a possible data exposure concern.,Collection,Data from Information Repositories,
THR-2026-2409,2026-10-01 09:03:05,Synthetic Network Threat Observation,NETWORK THREATS,IP ADDRESS,192.0.2.124,Research Report,B,80,LOW,47.0,CLOSED,2026-05-17 09:03:05,2026-05-30 14:03:05,Demo Region A,Synthetic defensive observation representing a network-related security risk.,Command and Control,Application Layer Protocol,
THR-2026-2410,2026-10-01 09:03:05,Sensitive Data Protection Alert,DATA EXPOSURE,IP ADDRESS,203.0.113.125,Community Submission,C,30,MEDIUM,42.0,MONITORING,2026-04-12 09:03:05,2026-04-25 05:03:05,Synthetic Region,Synthetic defensive observation representing a possible data exposure concern.,Collection,Data from Information Repositories,
THR-2026-2411,2026-10-01 09:03:05,File Encryption Threat Pattern,RANSOMWARE,URL,https://credential-review-2411.invalid/verify,Unknown Source,D,95,MEDIUM,68.0,NEW,2026-09-30 09:03:05,2026-10-04 22:03:05,Demo Region B,Synthetic defensive observation representing a ransomware-related risk pattern.,Impact,Data Encrypted for Impact,
THR-2026-2412,2026-10-01 09:03:05,Suspicious Network Indicator Cluster,NETWORK THREATS,URL,https://account-verify-2412.invalid/review,Research Report,B,26,HIGH,55.4,UNDER_REVIEW,2026-09-22 09:03:05,2026-09-23 14:03:05,Demo Region A,Synthetic defensive observation representing a network-related security risk.,Command and Control,Application Layer Protocol,
THR-2026-2413,2026-10-01 09:03:05,Potential Data Exposure Pattern,DATA EXPOSURE,FILE HASH,89e16deb4e0354d5d2d3c3adf3fa7944212a04c2a0da67879dd88f8d0e8c374a,Unknown Source,D,67,CRITICAL,83.8,UNDER_REVIEW,2026-09-26 09:03:05,2026-10-17 19:03:05,Demo Region B,Synthetic defensive observation representing a possible data exposure concern.,Collection,Data from Information Repositories,
THR-2026-2414,2026-10-01 09:03:05,Synthetic Malware Indicator Cluster,MALWARE,IP ADDRESS,198.51.100.129,Research Report,B,28,HIGH,56.2,NEW,2026-06-18 09:03:05,2026-07-03 10:03:05,Demo Region C,Synthetic defensive observation representing a suspicious file or malware-related indicator.,Execution,User Execution,
THR-2026-2415,2026-10-01 09:03:05,Synthetic Web Threat Cluster,WEB THREATS,URL,https://account-support-2415.invalid/identity/verify,Research Report,B,37,LOW,29.8,UNDER_REVIEW,2026-06-14 09:03:05,2026-07-12 16:03:05,Not Available,Synthetic defensive observation representing a suspicious web-related indicator.,Initial Access,Phishing,
THR-2026-2416,2026-10-01 09:03:05,File Encryption Threat Pattern,RANSOMWARE,DOMAIN,account-verify-2416.invalid,Public Threat Feed,B,29,LOW,26.6,UNDER_REVIEW,2026-08-02 09:03:05,2026-08-30 03:03:05,Demo Region B,Synthetic defensive observation representing a ransomware-related risk pattern.,Impact,Data Encrypted for Impact,
THR-2026-2417,2026-10-01 09:03:05,Synthetic Credential Phishing Campaign,PHISHING,URL,https://secure-login-2417.invalid/account/check,Unknown Source,D,37,MEDIUM,44.8,UNDER_REVIEW,2026-04-26 09:03:05,2026-05-20 10:03:05,Demo Region A,Synthetic defensive observation representing a possible phishing-related indicator.,Initial Access,Phishing,
THR-2026-2418,2026-10-01 09:03:05,Synthetic Web Threat Cluster,WEB THREATS,EMAIL/SENDER DOMAIN,sender-2418.invalid,Community Submission,C,53,LOW,36.2,UNDER_REVIEW,2026-09-05 09:03:05,2026-09-11 16:03:05,Demo Region C,Synthetic defensive observation representing a suspicious web-related indicator.,Initial Access,Phishing,
THR-2026-2419,2026-10-01 09:03:05,Sensitive Data Protection Alert,DATA EXPOSURE,FILE HASH,fa7878bb70b46e5cb7face1879899b737a2391c8dd40fcda1b0df4aeb92c5543,Security Vendor,A,52,LOW,35.8,CLOSED,2026-07-30 09:03:05,2026-08-23 04:03:05,Demo Region C,Synthetic defensive observation representing a possible data exposure concern.,Collection,Data from Information Repositories,
THR-2026-2420,2026-10-01 09:03:05,Suspicious Web Resource Pattern,WEB THREATS,URL,https://account-verify-2420.invalid/account/check,Research Report,B,89,LOW,50.6,NEW,2026-07-16 09:03:05,2026-08-09 18:03:05,Synthetic Region,Synthetic defensive observation representing a suspicious web-related indicator.,Initial Access,Phishing,
THR-2026-2421,2026-10-01 09:03:05,Synthetic Ransomware Infrastructure,RANSOMWARE,URL,https://account-support-2421.invalid/identity/verify,Public Threat Feed,B,49,MEDIUM,49.6,CLOSED,2026-08-17 09:03:05,2026-09-09 10:03:05,Demo Region B,Synthetic defensive observation representing a ransomware-related risk pattern.,Impact,Data Encrypted for Impact,
THR-2026-2422,2026-10-01 09:03:05,Social Engineering Risk Pattern,SOCIAL ENGINEERING,CVE ID,CVE-2025-3422,Public Threat Feed,B,56,MEDIUM,52.4,FALSE_POSITIVE,2026-04-14 09:03:05,2026-05-03 02:03:05,Demo Region B,Synthetic defensive observation representing a social-engineering-related risk.,Initial Access,Phishing,CVE-2025-3422
THR-2026-2423,2026-10-01 09:03:05,Synthetic Human-Factor Threat,SOCIAL ENGINEERING,DOMAIN,service-notice-2423.invalid,Public Threat Feed,B,36,MEDIUM,44.4,MONITORING,2026-04-07 09:03:05,2026-04-12 21:03:05,Demo Region C,Synthetic defensive observation representing a social-engineering-related risk.,Initial Access,Phishing,
THR-2026-2424,2026-10-01 09:03:05,Suspicious Account Activity,ACCOUNT SECURITY,IP ADDRESS,198.51.100.139,Security Vendor,A,74,MEDIUM,59.6,CLOSED,2026-06-28 09:03:05,2026-07-23 16:03:05,Not Available,Synthetic defensive observation representing an account-security-related risk.,Credential Access,Valid Accounts,
THR-2026-2425,2026-10-01 09:03:05,Synthetic Vulnerability Observation,VULNERABILITY EXPOSURE,URL,https://security-alert-2425.invalid/security/notice,Security Vendor,A,72,MEDIUM,58.8,MONITORING,2026-07-29 09:03:05,2026-08-11 03:03:05,Demo Region B,Synthetic defensive observation representing potential vulnerability exposure.,Initial Access,User Execution,
THR-2026-2426,2026-10-01 09:03:05,Synthetic Human-Factor Threat,SOCIAL ENGINEERING,URL,https://secure-login-2426.invalid/login,Public Threat Feed,B,54,HIGH,66.6,FALSE_POSITIVE,2026-08-08 09:03:05,2026-08-26 03:03:05,Demo Region B,Synthetic defensive observation representing a social-engineering-related risk.,Initial Access,Phishing,
THR-2026-2427,2026-10-01 09:03:05,Synthetic Data Exposure Observation,DATA EXPOSURE,URL,https://mail-protection-2427.invalid/account/check,Research Report,B,74,LOW,44.6,CLOSED,2026-05-02 09:03:05,2026-05-06 18:03:05,Demo Region C,Synthetic defensive observation representing a possible data exposure concern.,Collection,Data from Information Repositories,
THR-2026-2428,2026-10-01 09:03:05,Synthetic Malicious File Pattern,MALWARE,DOMAIN,credential-review-2428.invalid,Security Vendor,A,78,HIGH,76.2,UNDER_REVIEW,2026-04-23 09:03:05,2026-05-10 16:03:05,Demo Region C,Synthetic defensive observation representing a suspicious file or malware-related indicator.,Execution,User Execution,
THR-2026-2429,2026-10-01 09:03:05,Suspicious Web Resource Pattern,WEB THREATS,FILE HASH,a1f5efa603da770714de2d77d9cdba425079ef55b55a3f915b2294cbe4245143,Security Vendor,A,79,MEDIUM,61.6,CLOSED,2026-04-12 09:03:05,2026-04-30 09:03:05,Demo Region A,Synthetic defensive observation representing a suspicious web-related indicator.,Initial Access,Phishing,
THR-2026-2430,2026-10-01 09:03:05,Synthetic Data Exposure Observation,DATA EXPOSURE,DOMAIN,identity-check-2430.invalid,Community Submission,C,55,MEDIUM,52.0,NEW,2026-04-28 09:03:05,2026-05-23 02:03:05,Synthetic Region,Synthetic defensive observation representing a possible data exposure concern.,Collection,Data from Information Repositories,
THR-2026-2431,2026-10-01 09:03:05,Synthetic Network Infrastructure,NETWORK THREATS,DOMAIN,system-alert-2431.invalid,Community Submission,C,75,LOW,45.0,NEW,2026-04-16 09:03:05,2026-04-23 07:03:05,Demo Region A,Synthetic defensive observation representing a network-related security risk.,Command and Control,Application Layer Protocol,
THR-2026-2432,2026-10-01 09:03:05,Synthetic Account Credential Threat,CREDENTIAL THREATS,IP ADDRESS,198.51.100.147,Security Vendor,A,85,HIGH,79.0,NEW,2026-06-25 09:03:05,2026-06-27 00:03:05,Demo Region A,Synthetic defensive observation representing a credential-related security risk.,Credential Access,Valid Accounts,
THR-2026-2433,2026-10-01 09:03:05,Suspicious Web Resource Pattern,WEB THREATS,EMAIL/SENDER DOMAIN,sender-2433.invalid,Community Submission,C,86,MEDIUM,64.4,FALSE_POSITIVE,2026-09-26 09:03:05,2026-10-13 13:03:05,Demo Region C,Synthetic defensive observation representing a suspicious web-related indicator.,Initial Access,Phishing,
THR-2026-2434,2026-10-01 09:03:05,Credential Abuse Observation,CREDENTIAL THREATS,IP ADDRESS,192.0.2.149,Research Report,B,61,CRITICAL,81.4,NEW,2026-08-11 09:03:05,2026-08-29 18:03:05,Synthetic Region,Synthetic defensive observation representing a credential-related security risk.,Credential Access,Valid Accounts,
THR-2026-2435,2026-10-01 09:03:05,Synthetic Network Infrastructure,NETWORK THREATS,CVE ID,CVE-2024-3435,Research Report,B,46,HIGH,63.4,UNDER_REVIEW,2026-04-04 09:03:05,2026-04-13 20:03:05,Demo Region B,Synthetic defensive observation representing a network-related security risk.,Command and Control,Application Layer Protocol,CVE-2024-3435
THR-2026-2436,2026-10-01 09:03:05,Authentication Risk Observation,ACCOUNT SECURITY,IP ADDRESS,198.51.100.151,Internal SOC,A,63,LOW,40.2,NEW,2026-08-06 09:03:05,2026-08-19 03:03:05,Not Available,Synthetic defensive observation representing an account-security-related risk.,Credential Access,Valid Accounts,
THR-2026-2437,2026-10-01 09:03:05,Synthetic Malware Indicator Cluster,MALWARE,DOMAIN,secure-login-2437.invalid,Unknown Source,D,74,HIGH,74.6,CLOSED,2026-07-18 09:03:05,2026-08-05 23:03:05,Not Available,Synthetic defensive observation representing a suspicious file or malware-related indicator.,Execution,User Execution,
THR-2026-2438,2026-10-01 09:03:05,Synthetic Social Engineering Campaign,SOCIAL ENGINEERING,CVE ID,CVE-2022-3438,Security Vendor,A,95,MEDIUM,68.0,NEW,2026-08-06 09:03:05,2026-08-16 16:03:05,Demo Region A,Synthetic defensive observation representing a social-engineering-related risk.,Initial Access,Phishing,CVE-2022-3438
THR-2026-2439,2026-10-01 09:03:05,Unpatched Software Awareness Record,VULNERABILITY EXPOSURE,IP ADDRESS,192.0.2.154,Internal SOC,A,98,MEDIUM,69.2,FALSE_POSITIVE,2026-09-01 09:03:05,2026-09-14 07:03:05,Not Available,Synthetic defensive observation representing potential vulnerability exposure.,Initial Access,User Execution,
THR-2026-2440,2026-10-01 09:03:05,Web Application Threat Observation,WEB THREATS,CVE ID,CVE-2026-3440,Security Vendor,A,35,INFORMATIONAL,20.0,CLOSED,2026-08-04 09:03:05,2026-08-11 17:03:05,Demo Region B,Synthetic defensive observation representing a suspicious web-related indicator.,Initial Access,Phishing,CVE-2026-3440
THR-2026-2441,2026-10-01 09:03:05,Synthetic Vulnerability Observation,VULNERABILITY EXPOSURE,FILE HASH,e58f6ffefaadc32a59bc111a929f04f607338ccfc80f69814824ca3a8321220d,Community Submission,C,60,LOW,39.0,NEW,2026-09-05 09:03:05,2026-09-14 10:03:05,Demo Region A,Synthetic defensive observation representing potential vulnerability exposure.,Initial Access,User Execution,
THR-2026-2442,2026-10-01 09:03:05,Endpoint Malware Indicator Cluster,MALWARE,FILE HASH,569ad38b33e8c64bc1c721b5ae9613dcdf4b4484eadab2fc76cd30764b6fe5cb,Public Threat Feed,B,34,LOW,28.6,MONITORING,2026-05-14 09:03:05,2026-05-16 12:03:05,Demo Region A,Synthetic defensive observation representing a suspicious file or malware-related indicator.,Execution,User Execution,
THR-2026-2443,2026-10-01 09:03:05,Synthetic Account Security Event,ACCOUNT SECURITY,CVE ID,CVE-2026-3443,Internal SOC,A,35,MEDIUM,44.0,UNDER_REVIEW,2026-09-18 09:03:05,2026-10-15 18:03:05,Demo Region A,Synthetic defensive observation representing an account-security-related risk.,Credential Access,Valid Accounts,CVE-2026-3443
THR-2026-2444,2026-10-01 09:03:05,Synthetic Data Exposure Observation,DATA EXPOSURE,EMAIL/SENDER DOMAIN,sender-2444.invalid,Research Report,B,78,HIGH,76.2,FALSE_POSITIVE,2026-08-31 09:03:05,2026-09-13 02:03:05,Demo Region A,Synthetic defensive observation representing a possible data exposure concern.,Collection,Data from Information Repositories,
THR-2026-2445,2026-10-01 09:03:05,Authentication Risk Observation,ACCOUNT SECURITY,IP ADDRESS,192.0.2.160,Security Vendor,A,40,LOW,31.0,FALSE_POSITIVE,2026-07-26 09:03:05,2026-08-12 08:03:05,Demo Region C,Synthetic defensive observation representing an account-security-related risk.,Credential Access,Valid Accounts,
THR-2026-2446,2026-10-01 09:03:05,Suspicious Web Resource Pattern,WEB THREATS,DOMAIN,login-check-2446.invalid,Internal SOC,A,50,LOW,35.0,NEW,2026-06-14 09:03:05,2026-06-16 07:03:05,Not Available,Synthetic defensive observation representing a suspicious web-related indicator.,Initial Access,Phishing,
THR-2026-2447,2026-10-01 09:03:05,Synthetic Human-Factor Threat,SOCIAL ENGINEERING,EMAIL/SENDER DOMAIN,sender-2447.invalid,Research Report,B,94,LOW,52.6,NEW,2026-09-15 09:03:05,2026-09-17 19:03:05,Demo Region A,Synthetic defensive observation representing a social-engineering-related risk.,Initial Access,Phishing,
THR-2026-2448,2026-10-01 09:03:05,Impersonation Activity Observation,SOCIAL ENGINEERING,IP ADDRESS,192.0.2.163,Community Submission,C,37,HIGH,59.8,CLOSED,2026-04-09 09:03:05,2026-04-18 09:03:05,Demo Region C,Synthetic defensive observation representing a social-engineering-related risk.,Initial Access,Phishing,
THR-2026-2449,2026-10-01 09:03:05,Suspicious Credential Collection Pattern,PHISHING,DOMAIN,system-alert-2449.invalid,Public Threat Feed,B,36,MEDIUM,44.4,MONITORING,2026-09-07 09:03:05,2026-09-10 13:03:05,Demo Region C,Synthetic defensive observation representing a possible phishing-related indicator.,Initial Access,Phishing,
THR-2026-2450,2026-10-01 09:03:05,Synthetic Ransomware Infrastructure,RANSOMWARE,FILE HASH,b347bf4104e0c20a84760d25a743c5f75a487f5d97ba0da395c17ea25ad3e2c8,Research Report,B,52,INFORMATIONAL,26.8,CLOSED,2026-06-01 09:03:05,2026-06-29 01:03:05,Synthetic Region,Synthetic defensive observation representing a ransomware-related risk pattern.,Impact,Data Encrypted for Impact,
THR-2026-2451,2026-10-01 09:03:05,Suspicious Web Resource Pattern,WEB THREATS,FILE HASH,2165779618d8c7550e3d9089fc3d6f0746c47d88bb196032131a0d2241a859a1,Internal SOC,A,95,INFORMATIONAL,44.0,FALSE_POSITIVE,2026-09-21 09:03:05,2026-10-21 05:03:05,Demo Region C,Synthetic defensive observation representing a suspicious web-related indicator.,Initial Access,Phishing,
THR-2026-2452,2026-10-01 09:03:05,Suspicious File Hash Observation,MALWARE,CVE ID,CVE-2025-3452,Public Threat Feed,B,98,LOW,54.2,MONITORING,2026-08-18 09:03:05,2026-08-26 05:03:05,Demo Region A,Synthetic defensive observation representing a suspicious file or malware-related indicator.,Execution,User Execution,CVE-2025-3452
THR-2026-2453,2026-10-01 09:03:05,Suspicious Web Resource Pattern,WEB THREATS,IP ADDRESS,192.0.2.168,Public Threat Feed,B,35,HIGH,59.0,CLOSED,2026-08-06 09:03:05,2026-08-16 10:03:05,Not Available,Synthetic defensive observation representing a suspicious web-related indicator.,Initial Access,Phishing,
THR-2026-2454,2026-10-01 09:03:05,Ransomware Awareness Simulation,RANSOMWARE,FILE HASH,dbd8df33f81dea5ffe96d4930df58f87f4ff6a35db825a6b73614d5a888c756d,Public Threat Feed,B,69,MEDIUM,57.6,NEW,2026-08-19 09:03:05,2026-08-29 14:03:05,Demo Region C,Synthetic defensive observation representing a ransomware-related risk pattern.,Impact,Data Encrypted for Impact,
THR-2026-2455,2026-10-01 09:03:05,Synthetic Login Impersonation Campaign,PHISHING,DOMAIN,service-notice-2455.invalid,Unknown Source,D,33,LOW,28.2,FALSE_POSITIVE,2026-06-03 09:03:05,2026-06-22 02:03:05,Not Available,Synthetic defensive observation representing a possible phishing-related indicator.,Initial Access,Phishing,
THR-2026-2456,2026-10-01 09:03:05,Network Communication Anomaly,NETWORK THREATS,FILE HASH,78cc5ea44a1fedf49dc79b3832f6a185e691df99093680545754c6141200cf11,Community Submission,C,97,LOW,53.8,FALSE_POSITIVE,2026-08-05 09:03:05,2026-08-06 09:03:05,Demo Region A,Synthetic defensive observation representing a network-related security risk.,Command and Control,Application Layer Protocol,
THR-2026-2457,2026-10-01 09:03:05,Network Communication Anomaly,NETWORK THREATS,FILE HASH,1f5908adb1dd325c8b9fbd3515145fa06bd15a8281dc9cd69187d4776dee3e54,Security Vendor,A,76,CRITICAL,87.4,NEW,2026-06-29 09:03:05,2026-07-11 01:03:05,Demo Region B,Synthetic defensive observation representing a network-related security risk.,Command and Control,Application Layer Protocol,
THR-2026-2458,2026-10-01 09:03:05,Social Engineering Risk Pattern,SOCIAL ENGINEERING,CVE ID,CVE-2022-3458,Research Report,B,74,MEDIUM,59.6,MONITORING,2026-08-27 09:03:05,2026-09-21 05:03:05,Synthetic Region,Synthetic defensive observation representing a social-engineering-related risk.,Initial Access,Phishing,CVE-2022-3458
THR-2026-2459,2026-10-01 09:03:05,Synthetic Login Impersonation Campaign,PHISHING,URL,https://secure-login-2459.invalid/verify,Internal SOC,A,30,MEDIUM,42.0,UNDER_REVIEW,2026-07-17 09:03:05,2026-08-14 05:03:05,Demo Region A,Synthetic defensive observation representing a possible phishing-related indicator.,Initial Access,Phishing,
THR-2026-2460,2026-10-01 09:03:05,Suspicious Credential Collection Pattern,PHISHING,FILE HASH,97391669f2f6ca81fb851a776db4bf581d64bab5cbfd2db7ed68980a5620c786,Security Vendor,A,78,CRITICAL,88.2,NEW,2026-07-26 09:03:05,2026-07-28 07:03:05,Demo Region A,Synthetic defensive observation representing a possible phishing-related indicator.,Initial Access,Phishing,
THR-2026-2461,2026-10-01 09:03:05,Suspicious Credential Collection Pattern,PHISHING,CVE ID,CVE-2025-3461,Unknown Source,D,32,MEDIUM,42.8,FALSE_POSITIVE,2026-07-23 09:03:05,2026-08-17 12:03:05,Demo Region B,Synthetic defensive observation representing a possible phishing-related indicator.,Initial Access,Phishing,CVE-2025-3461
THR-2026-2462,2026-10-01 09:03:05,File Encryption Threat Pattern,RANSOMWARE,IP ADDRESS,198.51.100.177,Community Submission,C,49,MEDIUM,49.6,UNDER_REVIEW,2026-09-02 09:03:05,2026-09-05 20:03:05,Demo Region B,Synthetic defensive observation representing a ransomware-related risk pattern.,Impact,Data Encrypted for Impact,
THR-2026-2463,2026-10-01 09:03:05,Synthetic Ransomware Infrastructure,RANSOMWARE,EMAIL/SENDER DOMAIN,sender-2463.invalid,Community Submission,C,47,LOW,33.8,MONITORING,2026-08-22 09:03:05,2026-08-31 09:03:05,Synthetic Region,Synthetic defensive observation representing a ransomware-related risk pattern.,Impact,Data Encrypted for Impact,
THR-2026-2464,2026-10-01 09:03:05,Synthetic Ransomware Indicator Cluster,RANSOMWARE,EMAIL/SENDER DOMAIN,sender-2464.invalid,Internal SOC,A,63,LOW,40.2,MONITORING,2026-09-30 09:03:05,2026-10-08 11:03:05,Not Available,Synthetic defensive observation representing a ransomware-related risk pattern.,Impact,Data Encrypted for Impact,
THR-2026-2465,2026-10-01 09:03:05,Impersonation Activity Observation,SOCIAL ENGINEERING,EMAIL/SENDER DOMAIN,sender-2465.invalid,Public Threat Feed,B,54,HIGH,66.6,NEW,2026-09-04 09:03:05,2026-09-26 12:03:05,Demo Region C,Synthetic defensive observation representing a social-engineering-related risk.,Initial Access,Phishing,
THR-2026-2466,2026-10-01 09:03:05,Suspicious Network Indicator Cluster,NETWORK THREATS,DOMAIN,service-notice-2466.invalid,Security Vendor,A,81,CRITICAL,89.4,UNDER_REVIEW,2026-08-19 09:03:05,2026-09-13 05:03:05,Demo Region A,Synthetic defensive observation representing a network-related security risk.,Command and Control,Application Layer Protocol,
THR-2026-2467,2026-10-01 09:03:05,Suspicious Web Resource Pattern,WEB THREATS,IP ADDRESS,203.0.113.182,Research Report,B,71,HIGH,73.4,UNDER_REVIEW,2026-05-11 09:03:05,2026-05-13 04:03:05,Not Available,Synthetic defensive observation representing a suspicious web-related indicator.,Initial Access,Phishing,
THR-2026-2468,2026-10-01 09:03:05,Synthetic Login Impersonation Campaign,PHISHING,DOMAIN,system-alert-2468.invalid,Internal SOC,A,34,INFORMATIONAL,19.6,UNDER_REVIEW,2026-07-16 09:03:05,2026-07-20 04:03:05,Demo Region C,Synthetic defensive observation representing a possible phishing-related indicator.,Initial Access,Phishing,
THR-2026-2469,2026-10-01 09:03:05,Web Application Threat Observation,WEB THREATS,IP ADDRESS,203.0.113.184,Community Submission,C,41,MEDIUM,46.4,CLOSED,2026-09-06 09:03:05,2026-10-06 05:03:05,Demo Region C,Synthetic defensive observation representing a suspicious web-related indicator.,Initial Access,Phishing,
THR-2026-2470,2026-10-01 09:03:05,Potential Data Exposure Pattern,DATA EXPOSURE,FILE HASH,5d2c2b3f37e2225732c18eb1adc8ea6582e0d26cab04f9441640a030805862df,Community Submission,C,41,LOW,31.4,CLOSED,2026-09-21 09:03:05,2026-09-26 11:03:05,Demo Region A,Synthetic defensive observation representing a possible data exposure concern.,Collection,Data from Information Repositories,
THR-2026-2471,2026-10-01 09:03:05,Credential Exposure Indicator,CREDENTIAL THREATS,URL,https://credential-review-2471.invalid/identity/verify,Unknown Source,D,28,MEDIUM,41.2,NEW,2026-08-03 09:03:05,2026-08-18 02:03:05,Demo Region B,Synthetic defensive observation representing a credential-related security risk.,Credential Access,Valid Accounts,
THR-2026-2472,2026-10-01 09:03:05,Credential Abuse Observation,CREDENTIAL THREATS,CVE ID,CVE-2026-3472,Public Threat Feed,B,81,HIGH,77.4,FALSE_POSITIVE,2026-07-31 09:03:05,2026-08-27 08:03:05,Not Available,Synthetic defensive observation representing a credential-related security risk.,Credential Access,Valid Accounts,CVE-2026-3472
THR-2026-2473,2026-10-01 09:03:05,Synthetic Login Impersonation Campaign,PHISHING,URL,https://service-notice-2473.invalid/identity/verify,Research Report,B,69,LOW,42.6,FALSE_POSITIVE,2026-06-27 09:03:05,2026-07-16 03:03:05,Demo Region A,Synthetic defensive observation representing a possible phishing-related indicator.,Initial Access,Phishing,
THR-2026-2474,2026-10-01 09:03:05,Suspicious Web Infrastructure,WEB THREATS,DOMAIN,account-support-2474.invalid,Research Report,B,25,HIGH,55.0,MONITORING,2026-04-29 09:03:05,2026-05-29 22:03:05,Demo Region C,Synthetic defensive observation representing a suspicious web-related indicator.,Initial Access,Phishing,
THR-2026-2475,2026-10-01 09:03:05,Synthetic Ransomware Indicator Cluster,RANSOMWARE,EMAIL/SENDER DOMAIN,sender-2475.invalid,Research Report,B,94,MEDIUM,67.6,MONITORING,2026-09-27 09:03:05,2026-10-09 11:03:05,Synthetic Region,Synthetic defensive observation representing a ransomware-related risk pattern.,Impact,Data Encrypted for Impact,
THR-2026-2476,2026-10-01 09:03:05,Synthetic Vulnerability Exposure,VULNERABILITY EXPOSURE,FILE HASH,b1d960e702df19b6810dc02bdb510da8dbe3d3f64670a6971c9f3ad2790d9a55,Public Threat Feed,B,59,MEDIUM,53.6,MONITORING,2026-06-09 09:03:05,2026-07-07 10:03:05,Synthetic Region,Synthetic defensive observation representing potential vulnerability exposure.,Initial Access,User Execution,
THR-2026-2477,2026-10-01 09:03:05,Synthetic Ransomware Indicator Cluster,RANSOMWARE,FILE HASH,4d5f86bbb40d7bf2bb58fcd3affe3e2252c302e41cbc852ebf06a8a620af757e,Unknown Source,D,78,CRITICAL,88.2,UNDER_REVIEW,2026-05-10 09:03:05,2026-05-12 18:03:05,Demo Region B,Synthetic defensive observation representing a ransomware-related risk pattern.,Impact,Data Encrypted for Impact,
THR-2026-2478,2026-10-01 09:03:05,Synthetic Account Credential Threat,CREDENTIAL THREATS,CVE ID,CVE-2022-3478,Research Report,B,49,MEDIUM,49.6,CLOSED,2026-06-20 09:03:05,2026-07-10 04:03:05,Not Available,Synthetic defensive observation representing a credential-related security risk.,Credential Access,Valid Accounts,CVE-2022-3478
THR-2026-2479,2026-10-01 09:03:05,Web Application Threat Observation,WEB THREATS,URL,https://identity-check-2479.invalid/login,Security Vendor,A,88,HIGH,80.2,NEW,2026-07-10 09:03:05,2026-08-04 09:03:05,Demo Region B,Synthetic defensive observation representing a suspicious web-related indicator.,Initial Access,Phishing,
THR-2026-2480,2026-10-01 09:03:05,File Encryption Threat Pattern,RANSOMWARE,URL,https://account-verify-2480.invalid/account/check,Internal SOC,A,25,LOW,25.0,NEW,2026-07-22 09:03:05,2026-07-24 23:03:05,Demo Region C,Synthetic defensive observation representing a ransomware-related risk pattern.,Impact,Data Encrypted for Impact,
THR-2026-2481,2026-10-01 09:03:05,Network Communication Anomaly,NETWORK THREATS,URL,https://mail-protection-2481.invalid/login,Community Submission,C,66,MEDIUM,56.4,NEW,2026-07-06 09:03:05,2026-07-16 23:03:05,Not Available,Synthetic defensive observation representing a network-related security risk.,Command and Control,Application Layer Protocol,
THR-2026-2482,2026-10-01 09:03:05,Synthetic Vulnerability Observation,VULNERABILITY EXPOSURE,DOMAIN,credential-review-2482.invalid,Internal SOC,A,73,MEDIUM,59.2,NEW,2026-08-20 09:03:05,2026-08-28 14:03:05,Synthetic Region,Synthetic defensive observation representing potential vulnerability exposure.,Initial Access,User Execution,
THR-2026-2483,2026-10-01 09:03:05,Synthetic Account Credential Threat,CREDENTIAL THREATS,DOMAIN,mail-protection-2483.invalid,Unknown Source,D,68,MEDIUM,57.2,NEW,2026-04-30 09:03:05,2026-05-09 20:03:05,Demo Region B,Synthetic defensive observation representing a credential-related security risk.,Credential Access,Valid Accounts,
THR-2026-2484,2026-10-01 09:03:05,Network Communication Anomaly,NETWORK THREATS,CVE ID,CVE-2026-3484,Community Submission,C,42,CRITICAL,73.8,UNDER_REVIEW,2026-06-23 09:03:05,2026-06-30 10:03:05,Demo Region A,Synthetic defensive observation representing a network-related security risk.,Command and Control,Application Layer Protocol,CVE-2026-3484
THR-2026-2485,2026-10-01 09:03:05,Authentication Risk Observation,ACCOUNT SECURITY,FILE HASH,4d0ff94714887bd07dc2770f659ddecc52ffd0dbe5865c577c66d4e90500f2c5,Research Report,B,36,HIGH,59.4,FALSE_POSITIVE,2026-08-21 09:03:05,2026-08-25 00:03:05,Demo Region B,Synthetic defensive observation representing an account-security-related risk.,Credential Access,Valid Accounts,
THR-2026-2486,2026-10-01 09:03:05,Synthetic Ransomware Indicator Cluster,RANSOMWARE,DOMAIN,login-check-2486.invalid,Research Report,B,77,LOW,45.8,UNDER_REVIEW,2026-05-15 09:03:05,2026-06-13 14:03:05,Demo Region C,Synthetic defensive observation representing a ransomware-related risk pattern.,Impact,Data Encrypted for Impact,
THR-2026-2487,2026-10-01 09:03:05,Synthetic Account Security Event,ACCOUNT SECURITY,DOMAIN,secure-login-2487.invalid,Research Report,B,51,MEDIUM,50.4,NEW,2026-09-29 09:03:05,2026-10-11 16:03:05,Demo Region C,Synthetic defensive observation representing an account-security-related risk.,Credential Access,Valid Accounts,
THR-2026-2488,2026-10-01 09:03:05,Credential Exposure Indicator,CREDENTIAL THREATS,IP ADDRESS,192.0.2.203,Internal SOC,A,89,MEDIUM,65.6,UNDER_REVIEW,2026-07-15 09:03:05,2026-08-01 20:03:05,Demo Region B,Synthetic defensive observation representing a credential-related security risk.,Credential Access,Valid Accounts,
THR-2026-2489,2026-10-01 09:03:05,Fake Account Verification Activity,PHISHING,FILE HASH,f50074c8f6d7143b2d992084f16dc806d2d220036fb55b5787b8e2acd5060705,Community Submission,C,38,MEDIUM,45.2,FALSE_POSITIVE,2026-07-31 09:03:05,2026-08-20 16:03:05,Demo Region C,Synthetic defensive observation representing a possible phishing-related indicator.,Initial Access,Phishing,
THR-2026-2490,2026-10-01 09:03:05,Synthetic Account Credential Threat,CREDENTIAL THREATS,FILE HASH,54b1384662832253701197ea9592cf78d167f179afb3df834147b1da2e6eb0cc,Internal SOC,A,32,LOW,27.8,MONITORING,2026-09-16 09:03:05,2026-10-06 09:03:05,Not Available,Synthetic defensive observation representing a credential-related security risk.,Credential Access,Valid Accounts,
THR-2026-2491,2026-10-01 09:03:05,Vulnerability Risk Assessment,VULNERABILITY EXPOSURE,IP ADDRESS,198.51.100.206,Research Report,B,68,LOW,42.2,FALSE_POSITIVE,2026-04-10 09:03:05,2026-04-19 07:03:05,Demo Region A,Synthetic defensive observation representing potential vulnerability exposure.,Initial Access,User Execution,
THR-2026-2492,2026-10-01 09:03:05,Suspicious Network Indicator Cluster,NETWORK THREATS,URL,https://account-support-2492.invalid/security/notice,Community Submission,C,82,INFORMATIONAL,38.8,MONITORING,2026-04-24 09:03:05,2026-05-19 13:03:05,Demo Region A,Synthetic defensive observation representing a network-related security risk.,Command and Control,Application Layer Protocol,
THR-2026-2493,2026-10-01 09:03:05,Synthetic Network Infrastructure,NETWORK THREATS,CVE ID,CVE-2023-3493,Internal SOC,A,54,LOW,36.6,FALSE_POSITIVE,2026-06-24 09:03:05,2026-07-15 05:03:05,Synthetic Region,Synthetic defensive observation representing a network-related security risk.,Command and Control,Application Layer Protocol,CVE-2023-3493
THR-2026-2494,2026-10-01 09:03:05,Synthetic Malware Indicator Cluster,MALWARE,URL,https://service-notice-2494.invalid/login,Security Vendor,A,61,LOW,39.4,MONITORING,2026-06-09 09:03:05,2026-06-10 08:03:05,Not Available,Synthetic defensive observation representing a suspicious file or malware-related indicator.,Execution,User Execution,
THR-2026-2495,2026-10-01 09:03:05,Synthetic Network Infrastructure,NETWORK THREATS,DOMAIN,account-support-2495.invalid,Internal SOC,A,38,HIGH,60.2,CLOSED,2026-04-12 09:03:05,2026-04-27 00:03:05,Synthetic Region,Synthetic defensive observation representing a network-related security risk.,Command and Control,Application Layer Protocol,
THR-2026-2496,2026-10-01 09:03:05,Synthetic Network Threat Observation,NETWORK THREATS,IP ADDRESS,198.51.100.211,Unknown Source,D,85,LOW,49.0,UNDER_REVIEW,2026-06-15 09:03:05,2026-06-17 13:03:05,Not Available,Synthetic defensive observation representing a network-related security risk.,Command and Control,Application Layer Protocol,
THR-2026-2497,2026-10-01 09:03:05,Synthetic Data Exposure Observation,DATA EXPOSURE,IP ADDRESS,203.0.113.212,Community Submission,C,86,MEDIUM,64.4,NEW,2026-09-16 09:03:05,2026-09-30 06:03:05,Not Available,Synthetic defensive observation representing a possible data exposure concern.,Collection,Data from Information Repositories,
THR-2026-2498,2026-10-01 09:03:05,Ransomware Awareness Simulation,RANSOMWARE,DOMAIN,mail-protection-2498.invalid,Research Report,B,39,INFORMATIONAL,21.6,CLOSED,2026-05-31 09:03:05,2026-06-21 02:03:05,Demo Region A,Synthetic defensive observation representing a ransomware-related risk pattern.,Impact,Data Encrypted for Impact,
THR-2026-2499,2026-10-01 09:03:05,Synthetic Human-Factor Threat,SOCIAL ENGINEERING,CVE ID,CVE-2025-3499,Security Vendor,A,56,LOW,37.4,FALSE_POSITIVE,2026-08-23 09:03:05,2026-08-30 06:03:05,Demo Region A,Synthetic defensive observation representing a social-engineering-related risk.,Initial Access,Phishing,CVE-2025-3499
THR-2026-2500,2026-10-01 09:03:05,Network Communication Anomaly,NETWORK THREATS,EMAIL/SENDER DOMAIN,sender-2500.invalid,Research Report,B,42,LOW,31.8,MONITORING,2026-04-21 09:03:05,2026-05-08 08:03:05,Not Available,Synthetic defensive observation representing a network-related security risk.,Command and Control,Application Layer Protocol,
